"","sample_id","experiment","conc_level","conc","conc_unit","time_level","exposure_type","time","time_unit","acta2_log2fc","acta2_fc","acta2_pvalue","acta2_padj","col1a1_log2fc","col1a1_fc","col1a1_pvalue","col1a1_padj","Single_cell_necrosis","Necrosis","Necrosis_fibrinoid","Fibrosis"
"1","tg_rliver_repeat_1cholesterol025sodiumcholate_t5_c3","1% cholesterol + 0.25% sodium cholate",3,9999,"%",5,"repeat",4,"day",-0.394,0.76101669,0.023635666,0.271956539,0.422,1.339783602,0.064786908,0.340887687,NA,NA,NA,NA
"2","tg_rliver_repeat_1cholesterol025sodiumcholate_t6_c3","1% cholesterol + 0.25% sodium cholate",3,9999,"%",6,"repeat",8,"day",-0.069,0.953298545,0.547179528,0.884262734,0.133,1.096571589,0.471870876,0.849343496,"no","yes","no","no"
"3","tg_rliver_repeat_1cholesterol025sodiumcholate_t7_c3","1% cholesterol + 0.25% sodium cholate",3,9999,"%",7,"repeat",15,"day",0.067,1.047536127,0.469531717,0.807311814,0.351,1.275444392,0.015432004,0.285774033,"no","yes","no","no"
"4","tg_rliver_repeat_1cholesterol025sodiumcholate_t8_c3","1% cholesterol + 0.25% sodium cholate",3,9999,"%",8,"repeat",29,"day",-0.214,0.862143545,0.3315354,0.728190888,0.196,1.145517898,0.081686888,0.468405391,"no","yes","no","no"
"5","tg_rliver_repeat_24dinitrophenol_t5_c1","2 4-dinitrophenol",1,6,"mg/kg",5,"repeat",4,"day",-0.267,0.831045862,0.071090153,0.956175159,-0.084,0.943438251,0.553332006,0.984974453,NA,NA,NA,NA
"6","tg_rliver_repeat_24dinitrophenol_t5_c2","2 4-dinitrophenol",2,20,"mg/kg",5,"repeat",4,"day",-0.3,0.812252396,0.057782923,0.997279894,-0.043,0.97063447,0.841379006,0.997279894,NA,NA,NA,NA
"7","tg_rliver_repeat_24dinitrophenol_t5_c3","2 4-dinitrophenol",3,60,"mg/kg",5,"repeat",4,"day",-0.006,0.995849753,0.959759327,0.998407068,-0.518,0.698339266,0.00977089,0.909969401,NA,NA,NA,NA
"8","tg_rliver_repeat_24dinitrophenol_t6_c1","2 4-dinitrophenol",1,6,"mg/kg",6,"repeat",8,"day",0.042,1.029540083,0.813128768,0.996550257,0.169,1.124278924,0.332047351,0.996550257,NA,NA,NA,NA
"9","tg_rliver_repeat_24dinitrophenol_t6_c2","2 4-dinitrophenol",2,20,"mg/kg",6,"repeat",8,"day",-0.323,0.79940583,0.089902895,0.849883468,0.244,1.184271612,0.018744238,0.693291171,NA,NA,NA,NA
"10","tg_rliver_repeat_24dinitrophenol_t6_c3","2 4-dinitrophenol",3,60,"mg/kg",6,"repeat",8,"day",0.155,1.113421618,0.366778486,0.925968381,0.209,1.155886707,0.035727346,0.687911705,NA,NA,NA,NA
"11","tg_rliver_repeat_24dinitrophenol_t7_c1","2 4-dinitrophenol",1,6,"mg/kg",7,"repeat",15,"day",-0.18,0.882702996,0.371893128,0.981186387,-0.183,0.880869374,0.138095852,0.959051391,NA,NA,NA,NA
"12","tg_rliver_repeat_24dinitrophenol_t7_c2","2 4-dinitrophenol",2,20,"mg/kg",7,"repeat",15,"day",-0.058,0.960594864,0.583101033,0.931000864,-0.04,0.972654947,0.734897964,0.96841367,NA,NA,NA,NA
"13","tg_rliver_repeat_24dinitrophenol_t7_c3","2 4-dinitrophenol",3,60,"mg/kg",7,"repeat",15,"day",-0.14,0.907519155,0.115849646,0.620885313,0.166,1.121943481,0.398773575,0.827383283,NA,NA,NA,NA
"14","tg_rliver_repeat_24dinitrophenol_t8_c1","2 4-dinitrophenol",1,6,"mg/kg",8,"repeat",29,"day",-0.07,0.952637998,0.50287625,0.929443914,-0.21,0.864537231,0.029959656,0.750407323,NA,NA,NA,NA
"15","tg_rliver_repeat_24dinitrophenol_t8_c2","2 4-dinitrophenol",2,20,"mg/kg",8,"repeat",29,"day",0.277,1.21167266,0.228771609,0.818619312,0.06,1.042465761,0.598121328,0.943339658,NA,NA,NA,NA
"16","tg_rliver_repeat_24dinitrophenol_t8_c3","2 4-dinitrophenol",3,60,"mg/kg",8,"repeat",29,"day",0.323,1.25092908,0.08829995,0.656023409,-0.19,0.876605721,0.184166417,0.758651913,NA,NA,NA,NA
"17","tg_rliver_repeat_acarbose_t5_c1","acarbose",1,100,"mg/kg",5,"repeat",4,"day",-0.167,0.890692901,0.524394115,0.999995293,0.202,1.150291893,0.148130498,0.999995293,NA,NA,NA,NA
"18","tg_rliver_repeat_acarbose_t5_c2","acarbose",2,300,"mg/kg",5,"repeat",4,"day",-0.355,0.781869643,0.18474155,0.790217384,0.093,1.066585781,0.501055854,0.88835334,NA,NA,NA,NA
"19","tg_rliver_repeat_acarbose_t5_c3","acarbose",3,1000,"mg/kg",5,"repeat",4,"day",-0.247,0.84264683,0.351175816,0.993259742,-0.038,0.974004269,0.703542756,0.993259742,NA,NA,NA,NA
"20","tg_rliver_repeat_acarbose_t6_c1","acarbose",1,100,"mg/kg",6,"repeat",8,"day",-0.104,0.930449658,0.590192397,0.97823404,0.03,1.021012126,0.884131256,0.995847419,NA,NA,NA,NA
"21","tg_rliver_repeat_acarbose_t6_c2","acarbose",2,300,"mg/kg",6,"repeat",8,"day",0.07,1.049716684,0.391033781,0.753806371,0.052,1.036701101,0.792414641,0.930908491,NA,NA,NA,NA
"22","tg_rliver_repeat_acarbose_t6_c3","acarbose",3,1000,"mg/kg",6,"repeat",8,"day",-0.032,0.978063473,0.805698461,0.929662335,-0.304,0.810003474,0.145575232,0.503961562,NA,NA,NA,NA
"23","tg_rliver_repeat_acarbose_t7_c1","acarbose",1,100,"mg/kg",7,"repeat",15,"day",-0.082,0.944747041,0.662930964,0.985475126,0.065,1.04608494,0.740342232,0.985475126,NA,NA,NA,NA
"24","tg_rliver_repeat_acarbose_t7_c2","acarbose",2,300,"mg/kg",7,"repeat",15,"day",0.111,1.07997656,0.578797692,0.968823133,0.278,1.212512819,0.215431665,0.91079023,NA,NA,NA,NA
"25","tg_rliver_repeat_acarbose_t7_c3","acarbose",3,1000,"mg/kg",7,"repeat",15,"day",-0.134,0.911301281,0.479787602,0.912803164,0.06,1.042465761,0.786882607,0.972791762,NA,NA,NA,NA
"26","tg_rliver_repeat_acarbose_t8_c1","acarbose",1,100,"mg/kg",8,"repeat",29,"day",0.005,1.003471749,0.968692748,0.994977321,0.157,1.114966219,0.331672525,0.862459174,NA,NA,NA,NA
"27","tg_rliver_repeat_acarbose_t8_c2","acarbose",2,300,"mg/kg",8,"repeat",29,"day",0.077,1.054822317,0.71669136,0.999308712,0.315,1.244011653,0.017055333,0.999308712,NA,NA,NA,NA
"28","tg_rliver_repeat_acarbose_t8_c3","acarbose",3,1000,"mg/kg",8,"repeat",29,"day",0.02,1.01395948,0.891270318,0.998092699,0.308,1.237990291,0.067835706,0.976943453,NA,NA,NA,NA
"29","tg_rliver_repeat_acetamide_t5_c1","acetamide",1,300,"mg/kg",5,"repeat",4,"day",0.128,1.092777739,0.232083649,0.946544789,-0.023,0.984184022,0.830452493,0.990237245,NA,NA,NA,NA
"30","tg_rliver_repeat_acetamide_t5_c2","acetamide",2,1000,"mg/kg",5,"repeat",4,"day",0.163,1.119612889,0.343135439,0.863353052,-0.279,0.824162085,0.139195363,0.828442479,"yes","no","no","no"
"31","tg_rliver_repeat_acetamide_t5_c3","acetamide",3,2000,"mg/kg",5,"repeat",4,"day",-0.033,0.977385766,0.893250621,0.973473907,-0.186,0.879039561,0.316552211,0.745307455,"yes","no","no","no"
"32","tg_rliver_repeat_acetamide_t6_c1","acetamide",1,300,"mg/kg",6,"repeat",8,"day",0.125,1.090507733,0.281308751,0.99992495,-0.238,0.847919965,0.09268548,0.99992495,NA,NA,NA,NA
"33","tg_rliver_repeat_acetamide_t6_c2","acetamide",2,1000,"mg/kg",6,"repeat",8,"day",0.064,1.0453601,0.558207549,0.969562611,-0.276,0.825877665,0.053569841,0.949732279,NA,NA,NA,NA
"34","tg_rliver_repeat_acetamide_t6_c3","acetamide",3,2000,"mg/kg",6,"repeat",8,"day",0.122,1.088242442,0.359298603,0.777782045,-0.51,0.702222438,0.005887572,0.326297549,"yes","no","no","no"
"35","tg_rliver_repeat_acetamide_t7_c1","acetamide",1,300,"mg/kg",7,"repeat",15,"day",0.118,1.085229372,0.481770947,0.99337664,-0.064,0.956608158,0.581249736,0.99337664,NA,NA,NA,NA
"36","tg_rliver_repeat_acetamide_t7_c2","acetamide",2,1000,"mg/kg",7,"repeat",15,"day",0.277,1.21167266,0.044209888,0.482396696,0.16,1.117287138,0.386221302,0.805767101,NA,NA,NA,NA
"37","tg_rliver_repeat_acetamide_t7_c3","acetamide",3,2000,"mg/kg",7,"repeat",15,"day",0.355,1.278985581,0.248747895,0.556081048,-0.116,0.922742493,0.340146324,0.621342276,"yes","no","no","no"
"38","tg_rliver_repeat_acetamide_t8_c1","acetamide",1,300,"mg/kg",8,"repeat",29,"day",0.037,1.025978145,0.59376052,0.988757535,-0.265,0.832198735,0.08022227,0.972713498,NA,NA,NA,NA
"39","tg_rliver_repeat_acetamide_t8_c2","acetamide",2,1000,"mg/kg",8,"repeat",29,"day",0.132,1.095811766,0.160332185,0.942626503,-0.154,0.898755127,0.403662031,0.957336017,"yes","no","no","no"
"40","tg_rliver_repeat_acetamide_t8_c3","acetamide",3,2000,"mg/kg",8,"repeat",29,"day",0.313,1.242288282,0.002395133,0.214326359,-0.305,0.809442217,0.056931582,0.483326564,"yes","no","no","no"
"41","tg_rliver_repeat_acetamidofluorene_t5_c1","acetamidofluorene",1,30,"mg/kg",5,"repeat",4,"day",0.008,1.00556058,0.94017884,0.983307659,0.238,1.179356592,0.012661826,0.158659971,NA,NA,NA,NA
"42","tg_rliver_repeat_acetamidofluorene_t5_c2","acetamidofluorene",2,100,"mg/kg",5,"repeat",4,"day",-0.307,0.808320869,0.023539107,0.15333984,-0.234,0.85027416,0.010739878,0.100817421,NA,NA,NA,NA
"43","tg_rliver_repeat_acetamidofluorene_t5_c3","acetamidofluorene",3,300,"mg/kg",5,"repeat",4,"day",-0.261,0.834509281,0.048377635,0.25389603,-0.288,0.819036698,0.139282198,0.424859489,"no","yes","no","no"
"44","tg_rliver_repeat_acetamidofluorene_t6_c1","acetamidofluorene",1,30,"mg/kg",6,"repeat",8,"day",-0.034,0.976708529,0.799524011,0.915939124,0.25,1.189207115,0.28203852,0.569306784,"no","yes","no","no"
"45","tg_rliver_repeat_acetamidofluorene_t6_c2","acetamidofluorene",2,100,"mg/kg",6,"repeat",8,"day",0.139,1.101141598,0.456362935,0.633994131,0.305,1.235418637,0.005303437,0.038192654,NA,NA,NA,NA
"46","tg_rliver_repeat_acetamidofluorene_t6_c3","acetamidofluorene",3,300,"mg/kg",6,"repeat",8,"day",-0.039,0.973329374,0.765336778,0.872970093,0.388,1.308578071,0.001717826,0.033427812,NA,NA,NA,NA
"47","tg_rliver_repeat_acetamidofluorene_t7_c1","acetamidofluorene",1,30,"mg/kg",7,"repeat",15,"day",0.332,1.258757174,0.010274962,0.039520779,0.36,1.283425898,0.107683657,0.216767418,NA,NA,NA,NA
"48","tg_rliver_repeat_acetamidofluorene_t7_c2","acetamidofluorene",2,100,"mg/kg",7,"repeat",15,"day",0.189,1.139973273,0.229978215,0.384142466,0.455,1.370782805,0.169702584,0.314738188,NA,NA,NA,NA
"49","tg_rliver_repeat_acetamidofluorene_t7_c3","acetamidofluorene",3,300,"mg/kg",7,"repeat",15,"day",0.007,1.00486382,0.938856417,0.964040186,0.389,1.309485423,0.029494932,0.116169664,NA,NA,NA,NA
"50","tg_rliver_repeat_acetamidofluorene_t8_c1","acetamidofluorene",1,30,"mg/kg",8,"repeat",29,"day",1.048,2.067661472,0.031574867,0.11197867,1.158,2.231478645,0.117389705,0.2722765,NA,NA,NA,NA
"51","tg_rliver_repeat_acetamidofluorene_t8_c2","acetamidofluorene",2,100,"mg/kg",8,"repeat",29,"day",0.671,1.592176198,0.053789689,0.143008115,1.188,2.278366754,0.142634979,0.2697938,NA,NA,NA,NA
"52","tg_rliver_repeat_acetamidofluorene_t8_c3","acetamidofluorene",3,300,"mg/kg",8,"repeat",29,"day",0.474,1.388955136,0.007873223,0.032304325,0.06,1.042465761,0.848651435,0.895977353,NA,NA,NA,NA
"53","tg_rliver_repeat_acetaminophen_t5_c1","acetaminophen",1,300,"mg/kg",5,"repeat",4,"day",-0.059,0.959929261,0.81711023,0.986471984,-0.202,0.86934456,0.369509886,0.901023617,NA,NA,NA,NA
"54","tg_rliver_repeat_acetaminophen_t5_c2","acetaminophen",2,600,"mg/kg",5,"repeat",4,"day",-0.293,0.816203046,0.319163852,0.906943844,-0.389,0.763658749,0.098076663,0.86971975,"no","yes","no","no"
"55","tg_rliver_repeat_acetaminophen_t5_c3","acetaminophen",3,1000,"mg/kg",5,"repeat",4,"day",-0.314,0.804408371,0.356921656,0.746458465,-0.239,0.847332435,0.462660534,0.802394207,"no","yes","no","no"
"56","tg_rliver_repeat_acetaminophen_t6_c1","acetaminophen",1,300,"mg/kg",6,"repeat",8,"day",-0.019,0.986916546,0.83774365,0.999913074,-0.034,0.976708529,0.858265037,0.999913074,NA,NA,NA,NA
"57","tg_rliver_repeat_acetaminophen_t6_c2","acetaminophen",2,600,"mg/kg",6,"repeat",8,"day",-0.174,0.886381699,0.127712503,0.750533732,-0.301,0.811689581,0.138528495,0.764294215,NA,NA,NA,NA
"58","tg_rliver_repeat_acetaminophen_t6_c3","acetaminophen",3,1000,"mg/kg",6,"repeat",8,"day",-0.107,0.928516852,0.3632383,0.884281883,-0.412,0.751580739,0.047549269,0.640640419,"no","yes","no","no"
"59","tg_rliver_repeat_acetaminophen_t7_c1","acetaminophen",1,300,"mg/kg",7,"repeat",15,"day",0.01,1.00695555,0.931189462,0.998909238,-0.009,0.993781093,0.950891555,0.999165867,NA,NA,NA,NA
"60","tg_rliver_repeat_acetaminophen_t7_c2","acetaminophen",2,600,"mg/kg",7,"repeat",15,"day",-0.081,0.945402117,0.574659827,0.947302241,-0.52,0.697371833,0.009105168,0.425742985,NA,NA,NA,NA
"61","tg_rliver_repeat_acetaminophen_t7_c3","acetaminophen",3,1000,"mg/kg",7,"repeat",15,"day",-0.132,0.912565489,0.252380298,0.738175289,-0.412,0.751580739,0.003166473,0.136599495,NA,NA,NA,NA
"62","tg_rliver_repeat_acetaminophen_t8_c1","acetaminophen",1,300,"mg/kg",8,"repeat",29,"day",-0.096,0.935623498,0.383459493,0.896622127,0.083,1.059218335,0.696278223,0.963965452,NA,NA,NA,NA
"63","tg_rliver_repeat_acetaminophen_t8_c2","acetaminophen",2,600,"mg/kg",8,"repeat",29,"day",-0.16,0.895025071,0.199463625,0.714719979,0.058,1.041021598,0.762773488,0.960104038,NA,NA,NA,NA
"64","tg_rliver_repeat_acetaminophen_t8_c3","acetaminophen",3,1000,"mg/kg",8,"repeat",29,"day",-0.366,0.775930854,0.041027644,0.363663609,-0.222,0.857376037,0.353902761,0.746249509,"no","yes","no","no"
"65","tg_rliver_repeat_acetazolamide_t5_c1","acetazolamide",1,60,"mg/kg",5,"repeat",4,"day",-0.394,0.76101669,0.215904411,0.908610674,-0.355,0.781869643,0.047325881,0.873750949,NA,NA,NA,NA
"66","tg_rliver_repeat_acetazolamide_t5_c2","acetazolamide",2,200,"mg/kg",5,"repeat",4,"day",-0.52,0.697371833,0.131122397,0.707762604,-0.548,0.683967652,0.001682537,0.400156664,NA,NA,NA,NA
"67","tg_rliver_repeat_acetazolamide_t5_c3","acetazolamide",3,600,"mg/kg",5,"repeat",4,"day",-0.251,0.840313752,0.456924033,0.751235869,-0.998,0.500693628,0.000329695,0.036537277,NA,NA,NA,NA
"68","tg_rliver_repeat_acetazolamide_t6_c1","acetazolamide",1,60,"mg/kg",6,"repeat",8,"day",0.198,1.147107024,0.116511628,0.702100597,0.054,1.038139271,0.568609764,0.901981836,NA,NA,NA,NA
"69","tg_rliver_repeat_acetazolamide_t6_c2","acetazolamide",2,200,"mg/kg",6,"repeat",8,"day",0.329,1.256142381,0.010374986,0.535954214,-0.103,0.93109482,0.585041742,0.929487027,NA,NA,NA,NA
"70","tg_rliver_repeat_acetazolamide_t6_c3","acetazolamide",3,600,"mg/kg",6,"repeat",8,"day",0.255,1.193335743,0.045221948,0.560512474,-0.23,0.852634892,0.079408803,0.613410494,NA,NA,NA,NA
"71","tg_rliver_repeat_acetazolamide_t7_c1","acetazolamide",1,60,"mg/kg",7,"repeat",15,"day",-0.052,0.964598185,0.613614582,0.90574054,-0.193,0.874784765,0.165471078,0.689932593,NA,NA,NA,NA
"72","tg_rliver_repeat_acetazolamide_t7_c2","acetazolamide",2,200,"mg/kg",7,"repeat",15,"day",-0.188,0.877821798,0.131128487,0.580414338,-0.28,0.823591017,0.037439131,0.444833629,NA,NA,NA,NA
"73","tg_rliver_repeat_acetazolamide_t7_c3","acetazolamide",3,600,"mg/kg",7,"repeat",15,"day",-0.205,0.867538687,0.071437444,0.442011252,-0.212,0.863339559,0.072266559,0.44457494,NA,NA,NA,NA
"74","tg_rliver_repeat_acetazolamide_t8_c1","acetazolamide",1,60,"mg/kg",8,"repeat",29,"day",0.098,1.070288698,0.44813322,0.992060039,-0.054,0.963261894,0.628598973,0.992060039,NA,NA,NA,NA
"75","tg_rliver_repeat_acetazolamide_t8_c2","acetazolamide",2,200,"mg/kg",8,"repeat",29,"day",0.072,1.051172909,0.56804059,0.8919692,0.039,1.027401439,0.677667178,0.926821425,NA,NA,NA,NA
"76","tg_rliver_repeat_acetazolamide_t8_c3","acetazolamide",3,600,"mg/kg",8,"repeat",29,"day",0.043,1.030253954,0.736706335,0.960918591,-0.131,0.91319825,0.377679542,0.86784082,NA,NA,NA,NA
"77","tg_rliver_repeat_adapin_t5_c1","adapin",1,10,"mg/kg",5,"repeat",4,"day",-0.315,0.803850991,0.007322642,0.930117127,-0.113,0.924663278,0.243499951,0.939733973,NA,NA,NA,NA
"78","tg_rliver_repeat_adapin_t5_c2","adapin",2,30,"mg/kg",5,"repeat",4,"day",-0.265,0.832198735,0.053258383,0.644225627,-0.24,0.846745312,0.07667191,0.656222493,NA,NA,NA,NA
"79","tg_rliver_repeat_adapin_t5_c3","adapin",3,100,"mg/kg",5,"repeat",4,"day",-0.262,0.833931044,0.008442043,0.479730559,-0.387,0.764718139,0.019823339,0.548727907,NA,NA,NA,NA
"80","tg_rliver_repeat_adapin_t6_c1","adapin",1,10,"mg/kg",6,"repeat",8,"day",-0.209,0.865136691,0.081342754,0.462247118,-0.067,0.954621014,0.517237214,0.805992322,NA,NA,NA,NA
"81","tg_rliver_repeat_adapin_t6_c2","adapin",2,30,"mg/kg",6,"repeat",8,"day",-0.274,0.827023368,0.049201099,0.360067286,0.044,1.030968319,0.767366311,0.904358395,NA,NA,NA,NA
"82","tg_rliver_repeat_adapin_t6_c3","adapin",3,100,"mg/kg",6,"repeat",8,"day",-0.157,0.89688816,0.189315402,0.578490638,-0.297,0.813943185,0.009096904,0.321309158,NA,NA,NA,NA
"83","tg_rliver_repeat_adapin_t7_c1","adapin",1,10,"mg/kg",7,"repeat",15,"day",0.016,1.011152081,0.846503289,0.979857411,0.142,1.10343374,0.288157548,0.849553538,NA,NA,NA,NA
"84","tg_rliver_repeat_adapin_t7_c2","adapin",2,30,"mg/kg",7,"repeat",15,"day",0.179,1.132098902,0.080157456,0.997780477,-0.057,0.961260928,0.718642298,0.997780477,NA,NA,NA,NA
"85","tg_rliver_repeat_adapin_t7_c3","adapin",3,100,"mg/kg",7,"repeat",15,"day",-0.051,0.965267025,0.651451641,0.962317323,-0.2,0.870550563,0.155788132,0.849863611,NA,NA,NA,NA
"86","tg_rliver_repeat_adapin_t8_c1","adapin",1,10,"mg/kg",8,"repeat",29,"day",-0.036,0.975355462,0.630644064,0.9992481,0.097,1.069547088,0.188284656,0.9992481,NA,NA,NA,NA
"87","tg_rliver_repeat_adapin_t8_c2","adapin",2,30,"mg/kg",8,"repeat",29,"day",0.012,1.008352455,0.857618341,0.997605941,-0.021,0.985549337,0.840700586,0.997605941,NA,NA,NA,NA
"88","tg_rliver_repeat_adapin_t8_c3","adapin",3,100,"mg/kg",8,"repeat",29,"day",-0.183,0.880869374,0.024849575,0.564973849,-0.026,0.982139595,0.812867316,0.972992085,NA,NA,NA,NA
"89","tg_rliver_repeat_ajmaline_t5_c1","ajmaline",1,30,"mg/kg",5,"repeat",4,"day",0.561,1.475291457,0.036975008,0.683609675,0.2,1.148698355,0.22190907,0.818235077,NA,NA,NA,NA
"90","tg_rliver_repeat_ajmaline_t5_c2","ajmaline",2,100,"mg/kg",5,"repeat",4,"day",0.052,1.036701101,0.505751776,0.926429569,0.105,1.07549439,0.484846952,0.923108413,NA,NA,NA,NA
"91","tg_rliver_repeat_ajmaline_t5_c3","ajmaline",3,300,"mg/kg",5,"repeat",4,"day",-0.032,0.978063473,0.798815627,0.94120556,0.112,1.080725402,0.374787409,0.736037025,NA,NA,NA,NA
"92","tg_rliver_repeat_ajmaline_t6_c1","ajmaline",1,30,"mg/kg",6,"repeat",8,"day",0.001,1.000693387,0.996424647,0.999185064,0.289,1.221793102,0.219807986,0.999185064,NA,NA,NA,NA
"93","tg_rliver_repeat_ajmaline_t6_c2","ajmaline",2,100,"mg/kg",6,"repeat",8,"day",-0.022,0.984866443,0.889716957,0.980199999,0.524,1.437936533,0.049455296,0.769850217,NA,NA,NA,NA
"94","tg_rliver_repeat_ajmaline_t6_c3","ajmaline",3,300,"mg/kg",6,"repeat",8,"day",-0.214,0.862143545,0.277102528,0.772229325,0.049,1.034547582,0.732692263,0.945215609,NA,NA,NA,NA
"95","tg_rliver_repeat_ajmaline_t7_c1","ajmaline",1,30,"mg/kg",7,"repeat",15,"day",-0.009,0.993781093,0.936105343,0.999184751,-0.285,0.820741609,0.059982145,0.999184751,NA,NA,NA,NA
"96","tg_rliver_repeat_ajmaline_t7_c2","ajmaline",2,100,"mg/kg",7,"repeat",15,"day",-0.017,0.988285652,0.870866141,0.9993523,-0.156,0.897510051,0.479382322,0.9993523,NA,NA,NA,NA
"97","tg_rliver_repeat_ajmaline_t7_c3","ajmaline",3,300,"mg/kg",7,"repeat",15,"day",0.007,1.00486382,0.953441557,0.99645178,-0.31,0.806641759,0.132114525,0.720854694,"no","yes","no","no"
"98","tg_rliver_repeat_ajmaline_t8_c1","ajmaline",1,30,"mg/kg",8,"repeat",29,"day",0.204,1.151887642,0.262407567,0.827297195,0.21,1.156688184,0.121387624,0.790367881,NA,NA,NA,NA
"99","tg_rliver_repeat_ajmaline_t8_c2","ajmaline",2,100,"mg/kg",8,"repeat",29,"day",-0.053,0.963929808,0.760555524,0.970453691,0.391,1.311302014,0.025480137,0.630733391,NA,NA,NA,NA
"100","tg_rliver_repeat_ajmaline_t8_c3","ajmaline",3,300,"mg/kg",8,"repeat",29,"day",0.218,1.163120042,0.224709554,0.649307591,0.041,1.028826708,0.777712939,0.945111816,NA,NA,NA,NA
"101","tg_rliver_repeat_allopurinol_t5_c1","allopurinol",1,15,"mg/kg",5,"repeat",4,"day",-0.04,0.972654947,0.838992834,0.989974819,-0.366,0.775930854,0.006447416,0.809562603,NA,NA,NA,NA
"102","tg_rliver_repeat_allopurinol_t5_c2","allopurinol",2,50,"mg/kg",5,"repeat",4,"day",-0.217,0.860352631,0.325415435,0.87755732,-0.128,0.915099168,0.699666141,0.959700044,NA,NA,NA,NA
"103","tg_rliver_repeat_allopurinol_t5_c3","allopurinol",3,150,"mg/kg",5,"repeat",4,"day",-0.301,0.811689581,0.08278595,0.382812132,-0.614,0.653382627,0.000344368,0.062841929,NA,NA,NA,NA
"104","tg_rliver_repeat_allopurinol_t6_c1","allopurinol",1,15,"mg/kg",6,"repeat",8,"day",0.116,1.083725967,0.373443321,0.95025941,0.314,1.243149669,0.053667844,0.915784487,"no","yes","no","no"
"105","tg_rliver_repeat_allopurinol_t6_c2","allopurinol",2,50,"mg/kg",6,"repeat",8,"day",0.204,1.151887642,0.142996066,0.745852596,0.925,1.898684242,0.027485922,0.602183708,NA,NA,NA,NA
"106","tg_rliver_repeat_allopurinol_t6_c3","allopurinol",3,150,"mg/kg",6,"repeat",8,"day",0.15,1.109569472,0.329866212,0.793158896,-0.071,0.951977908,0.550594976,0.898458458,NA,NA,NA,NA
"107","tg_rliver_repeat_allopurinol_t7_c1","allopurinol",1,15,"mg/kg",7,"repeat",15,"day",-0.001,0.999307093,0.991661368,0.999347171,-0.232,0.851453708,0.163432647,0.893120865,NA,NA,NA,NA
"108","tg_rliver_repeat_allopurinol_t7_c2","allopurinol",2,50,"mg/kg",7,"repeat",15,"day",0.176,1.129747215,0.042720643,0.983096218,-0.238,0.847919965,0.084645905,0.983096218,NA,NA,NA,NA
"109","tg_rliver_repeat_allopurinol_t7_c3","allopurinol",3,150,"mg/kg",7,"repeat",15,"day",0.274,1.209155676,0.072960796,0.33607793,-0.576,0.670821112,0.001522896,0.044137341,NA,NA,NA,NA
"110","tg_rliver_repeat_allopurinol_t8_c1","allopurinol",1,15,"mg/kg",8,"repeat",29,"day",-0.049,0.966606097,0.703873404,0.963748659,-0.143,0.905633983,0.248091554,0.875761994,NA,NA,NA,NA
"111","tg_rliver_repeat_allopurinol_t8_c2","allopurinol",2,50,"mg/kg",8,"repeat",29,"day",-0.019,0.986916546,0.857789563,0.977247044,-0.262,0.833931044,0.123208249,0.850376594,NA,NA,NA,NA
"112","tg_rliver_repeat_allopurinol_t8_c3","allopurinol",3,150,"mg/kg",8,"repeat",29,"day",0.322,1.250062303,0.034687056,0.364989113,-0.306,0.808881348,0.015585197,0.277483261,NA,NA,NA,NA
"113","tg_rliver_repeat_allylalcohol_t5_c1","allyl alcohol",1,3,"mg/kg",5,"repeat",4,"day",-0.053,0.963929808,0.66832717,0.956653188,0.138,1.100378609,0.582281853,0.943649351,NA,NA,NA,NA
"114","tg_rliver_repeat_allylalcohol_t5_c2","allyl alcohol",2,10,"mg/kg",5,"repeat",4,"day",-0.114,0.924022572,0.429852582,0.947827836,-0.257,0.836826243,0.286450773,0.92933322,NA,NA,NA,NA
"115","tg_rliver_repeat_allylalcohol_t5_c3","allyl alcohol",3,30,"mg/kg",5,"repeat",4,"day",-0.183,0.880869374,0.228264477,0.684596907,0.004,1.002776436,0.990184366,0.997522511,"no","yes","no","no"
"116","tg_rliver_repeat_allylalcohol_t6_c1","allyl alcohol",1,3,"mg/kg",6,"repeat",8,"day",0.022,1.015366101,0.871235043,0.99853765,0.083,1.059218335,0.843789082,0.99853765,NA,NA,NA,NA
"117","tg_rliver_repeat_allylalcohol_t6_c2","allyl alcohol",2,10,"mg/kg",6,"repeat",8,"day",-0.065,0.955945318,0.445850097,0.934689907,-0.463,0.725476104,0.114919564,0.822437984,NA,NA,NA,NA
"118","tg_rliver_repeat_allylalcohol_t6_c3","allyl alcohol",3,30,"mg/kg",6,"repeat",8,"day",-0.152,0.90000193,0.257767155,0.703219882,-0.61,0.655196702,0.087514388,0.525767134,"no","yes","no","yes"
"119","tg_rliver_repeat_allylalcohol_t7_c1","allyl alcohol",1,3,"mg/kg",7,"repeat",15,"day",0.1,1.071773463,0.466529644,0.999415085,-0.092,0.938221197,0.670898904,0.999415085,NA,NA,NA,NA
"120","tg_rliver_repeat_allylalcohol_t7_c2","allyl alcohol",2,10,"mg/kg",7,"repeat",15,"day",0.158,1.115739322,0.160056356,0.690329615,0.048,1.033830736,0.833078465,0.970060715,"no","yes","no","no"
"121","tg_rliver_repeat_allylalcohol_t7_c3","allyl alcohol",3,30,"mg/kg",7,"repeat",15,"day",0.203,1.151089491,0.223636439,0.729606684,0.773,1.708819482,0.138593914,0.640271188,"no","yes","no","yes"
"122","tg_rliver_repeat_allylalcohol_t8_c1","allyl alcohol",1,3,"mg/kg",8,"repeat",29,"day",-0.092,0.938221197,0.413639484,0.942235176,-0.133,0.911933166,0.401897556,0.939533206,NA,NA,NA,NA
"123","tg_rliver_repeat_allylalcohol_t8_c2","allyl alcohol",2,10,"mg/kg",8,"repeat",29,"day",0.204,1.151887642,0.089766173,0.939849824,-0.175,0.885767519,0.489609477,0.971648363,"no","no","no","yes"
"124","tg_rliver_repeat_allylalcohol_t8_c3","allyl alcohol",3,30,"mg/kg",8,"repeat",29,"day",0.113,1.081474763,0.346200616,0.972455116,0.41,1.328685814,0.441529935,0.979171043,"no","no","no","yes"
"125","tg_rliver_repeat_amiodarone_t5_c1","amiodarone",1,20,"mg/kg",5,"repeat",4,"day",0.104,1.074749173,0.493980744,0.987550176,0.35,1.274560627,0.038505662,0.979266545,NA,NA,NA,NA
"126","tg_rliver_repeat_amiodarone_t5_c2","amiodarone",2,60,"mg/kg",5,"repeat",4,"day",0.106,1.076240125,0.507963954,0.999885932,-0.078,0.947370071,0.407569121,0.999885932,NA,NA,NA,NA
"127","tg_rliver_repeat_amiodarone_t5_c3","amiodarone",3,200,"mg/kg",5,"repeat",4,"day",-0.053,0.963929808,0.7108077,0.947554328,-0.013,0.991029563,0.941076728,0.991485195,NA,NA,NA,NA
"128","tg_rliver_repeat_amiodarone_t6_c1","amiodarone",1,20,"mg/kg",6,"repeat",8,"day",0.197,1.146312186,0.098757523,0.952922636,0.208,1.155085785,0.615553992,0.985331063,NA,NA,NA,NA
"129","tg_rliver_repeat_amiodarone_t6_c2","amiodarone",2,60,"mg/kg",6,"repeat",8,"day",0.127,1.092020546,0.234650548,0.960128318,-0.045,0.969289817,0.866208817,0.994951254,NA,NA,NA,NA
"130","tg_rliver_repeat_amiodarone_t6_c3","amiodarone",3,200,"mg/kg",6,"repeat",8,"day",0.128,1.092777739,0.41445962,0.801881275,-0.507,0.703684188,0.085291597,0.477420542,NA,NA,NA,NA
"131","tg_rliver_repeat_amiodarone_t7_c1","amiodarone",1,20,"mg/kg",7,"repeat",15,"day",0.035,1.024556823,0.775365529,0.999406897,0.081,1.057750964,0.787418909,0.999406897,NA,NA,NA,NA
"132","tg_rliver_repeat_amiodarone_t7_c2","amiodarone",2,60,"mg/kg",7,"repeat",15,"day",0.001,1.000693387,0.991638573,0.999741,-0.139,0.908148418,0.587833602,0.99675852,NA,NA,NA,NA
"133","tg_rliver_repeat_amiodarone_t7_c3","amiodarone",3,200,"mg/kg",7,"repeat",15,"day",-0.023,0.984184022,0.836890812,0.920890513,-0.992,0.50278029,0.001713923,0.02928551,NA,NA,NA,NA
"134","tg_rliver_repeat_amiodarone_t8_c1","amiodarone",1,20,"mg/kg",8,"repeat",29,"day",-0.081,0.945402117,0.30582888,0.99997507,-0.214,0.862143545,0.394028802,0.99997507,NA,NA,NA,NA
"135","tg_rliver_repeat_amiodarone_t8_c2","amiodarone",2,60,"mg/kg",8,"repeat",29,"day",0.023,1.016070143,0.813980043,0.982971281,-0.049,0.966606097,0.803608834,0.980843136,NA,NA,NA,NA
"136","tg_rliver_repeat_amiodarone_t8_c3","amiodarone",3,200,"mg/kg",8,"repeat",29,"day",-0.064,0.956608158,0.45411563,0.708364177,-0.94,0.52123288,0.002215065,0.035972858,NA,NA,NA,NA
"137","tg_rliver_repeat_amitriptyline_t5_c1","amitriptyline",1,15,"mg/kg",5,"repeat",4,"day",0.09,1.064370182,0.496265451,0.999686555,0.073,1.051901779,0.540002069,0.999686555,"no","yes","no","no"
"138","tg_rliver_repeat_amitriptyline_t5_c2","amitriptyline",2,50,"mg/kg",5,"repeat",4,"day",-0.094,0.936921447,0.422777722,0.713275529,-0.15,0.901250463,0.387576871,0.694555594,NA,NA,NA,NA
"139","tg_rliver_repeat_amitriptyline_t5_c3","amitriptyline",3,150,"mg/kg",5,"repeat",4,"day",0.029,1.020304659,0.76831149,0.897146761,-0.175,0.885767519,0.24184664,0.527865144,NA,NA,NA,NA
"140","tg_rliver_repeat_amitriptyline_t6_c1","amitriptyline",1,15,"mg/kg",6,"repeat",8,"day",0.067,1.047536127,0.423064165,0.998767834,-0.216,0.860949188,0.258716327,0.998767834,"no","yes","no","no"
"141","tg_rliver_repeat_amitriptyline_t6_c2","amitriptyline",2,50,"mg/kg",6,"repeat",8,"day",-0.037,0.974679631,0.652667988,0.964530383,-0.16,0.895025071,0.452312758,0.926899787,"no","yes","no","no"
"142","tg_rliver_repeat_amitriptyline_t6_c3","amitriptyline",3,150,"mg/kg",6,"repeat",8,"day",0.102,1.073260286,0.304591191,0.631142702,-0.46,0.726986259,0.030792247,0.210943544,NA,NA,NA,NA
"143","tg_rliver_repeat_amitriptyline_t7_c1","amitriptyline",1,15,"mg/kg",7,"repeat",15,"day",-0.058,0.960594864,0.710519181,0.930797,-0.087,0.941478465,0.601411489,0.905039523,NA,NA,NA,NA
"144","tg_rliver_repeat_amitriptyline_t7_c2","amitriptyline",2,50,"mg/kg",7,"repeat",15,"day",0.055,1.038859103,0.677836655,0.999921893,-0.253,0.839149637,0.145762641,0.999921893,NA,NA,NA,NA
"145","tg_rliver_repeat_amitriptyline_t7_c3","amitriptyline",3,150,"mg/kg",7,"repeat",15,"day",-0.088,0.940826108,0.49393191,0.815649116,-0.233,0.85086373,0.168585645,0.626580068,NA,NA,NA,NA
"146","tg_rliver_repeat_amitriptyline_t8_c1","amitriptyline",1,15,"mg/kg",8,"repeat",29,"day",-0.055,0.962594443,0.650197984,0.936355822,-0.329,0.796088099,0.038819218,0.784069875,NA,NA,NA,NA
"147","tg_rliver_repeat_amitriptyline_t8_c2","amitriptyline",2,50,"mg/kg",8,"repeat",29,"day",0.019,1.0132569,0.907305021,0.999781314,-0.484,0.714992493,0.004112828,0.999781314,NA,NA,NA,NA
"148","tg_rliver_repeat_amitriptyline_t8_c3","amitriptyline",3,150,"mg/kg",8,"repeat",29,"day",-0.07,0.952637998,0.628540312,0.893589861,-0.217,0.860352631,0.147070124,0.574100026,NA,NA,NA,NA
"149","tg_rliver_repeat_amphotericinb_t5_c1","amphotericin b",1,0.1,"mg/kg",5,"repeat",4,"day",0.087,1.062159186,0.558897115,0.925226761,-0.004,0.997231251,0.976656533,0.995736602,NA,NA,NA,NA
"150","tg_rliver_repeat_amphotericinb_t5_c2","amphotericin b",2,0.3,"mg/kg",5,"repeat",4,"day",-0.009,0.993781093,0.957605378,0.994813045,-0.15,0.901250463,0.415793523,0.889508006,NA,NA,NA,NA
"151","tg_rliver_repeat_amphotericinb_t5_c3","amphotericin b",3,1,"mg/kg",5,"repeat",4,"day",-0.097,0.934975198,0.429146056,0.843307126,0.031,1.021720083,0.861154642,0.972065357,NA,NA,NA,NA
"152","tg_rliver_repeat_amphotericinb_t6_c1","amphotericin b",1,0.1,"mg/kg",6,"repeat",8,"day",-0.043,0.97063447,0.653386936,0.976319249,-0.04,0.972654947,0.772505794,0.982292074,NA,NA,NA,NA
"153","tg_rliver_repeat_amphotericinb_t6_c2","amphotericin b",2,0.3,"mg/kg",6,"repeat",8,"day",-0.044,0.96996191,0.781336842,0.982676285,-0.136,0.910038824,0.398554007,0.94023551,NA,NA,NA,NA
"154","tg_rliver_repeat_amphotericinb_t6_c3","amphotericin b",3,1,"mg/kg",6,"repeat",8,"day",0.2,1.148698355,0.08912434,0.789417566,-0.52,0.697371833,0.002653636,0.734967399,NA,NA,NA,NA
"155","tg_rliver_repeat_amphotericinb_t7_c1","amphotericin b",1,0.1,"mg/kg",7,"repeat",15,"day",0.084,1.059952783,0.604187042,0.991661026,-0.113,0.924663278,0.284785556,0.991661026,NA,NA,NA,NA
"156","tg_rliver_repeat_amphotericinb_t7_c2","amphotericin b",2,0.3,"mg/kg",7,"repeat",15,"day",0.158,1.115739322,0.280338549,0.954185543,-0.303,0.81056512,0.099822392,0.953787722,NA,NA,NA,NA
"157","tg_rliver_repeat_amphotericinb_t7_c3","amphotericin b",3,1,"mg/kg",7,"repeat",15,"day",-0.114,0.924022572,0.435794153,0.905019013,-0.349,0.785128119,0.022694394,0.655457901,NA,NA,NA,NA
"158","tg_rliver_repeat_amphotericinb_t8_c1","amphotericin b",1,0.1,"mg/kg",8,"repeat",29,"day",0.053,1.037419937,0.776722355,0.99889981,0.068,1.048262476,0.839288726,0.99889981,NA,NA,NA,NA
"159","tg_rliver_repeat_amphotericinb_t8_c2","amphotericin b",2,0.3,"mg/kg",8,"repeat",29,"day",0.291,1.223488041,0.031626431,0.690030729,-0.248,0.842062954,0.548488295,0.909052723,NA,NA,NA,NA
"160","tg_rliver_repeat_amphotericinb_t8_c3","amphotericin b",3,1,"mg/kg",8,"repeat",29,"day",0.279,1.21335356,0.015173816,0.509817007,-0.341,0.789493887,0.325380941,0.827648418,NA,NA,NA,NA
"161","tg_rliver_repeat_aspirin_t5_c1","aspirin",1,45,"mg/kg",5,"repeat",4,"day",0.198,1.147107024,0.133724172,0.875590874,-0.112,0.925304428,0.574213777,0.963009517,NA,NA,NA,NA
"162","tg_rliver_repeat_aspirin_t5_c2","aspirin",2,150,"mg/kg",5,"repeat",4,"day",-0.186,0.879039561,0.080393034,0.998817441,-0.444,0.735093668,0.0504793,0.998817441,NA,NA,NA,NA
"163","tg_rliver_repeat_aspirin_t5_c3","aspirin",3,450,"mg/kg",5,"repeat",4,"day",0.06,1.042465761,0.482694055,0.805687578,-0.432,0.741233505,0.045357028,0.384197465,NA,NA,NA,NA
"164","tg_rliver_repeat_aspirin_t6_c1","aspirin",1,45,"mg/kg",6,"repeat",8,"day",-0.042,0.971307496,0.716077153,0.995385537,-0.064,0.956608158,0.591833357,0.993055,"no","yes","no","no"
"165","tg_rliver_repeat_aspirin_t6_c2","aspirin",2,150,"mg/kg",6,"repeat",8,"day",-0.08,0.946057647,0.554933625,0.999038856,-0.346,0.786762445,0.050406668,0.973557315,NA,NA,NA,NA
"166","tg_rliver_repeat_aspirin_t6_c3","aspirin",3,450,"mg/kg",6,"repeat",8,"day",-0.135,0.910669834,0.318278672,0.813417879,-0.068,0.953959551,0.770490648,0.966060705,NA,NA,NA,NA
"167","tg_rliver_repeat_aspirin_t7_c1","aspirin",1,45,"mg/kg",7,"repeat",15,"day",0.111,1.07997656,0.228300383,0.666597353,-0.002,0.998614666,0.987338087,0.996852094,"no","yes","no","no"
"168","tg_rliver_repeat_aspirin_t7_c2","aspirin",2,150,"mg/kg",7,"repeat",15,"day",0.025,1.017479692,0.833279797,0.950157177,-0.07,0.952637998,0.446512499,0.778461655,NA,NA,NA,NA
"169","tg_rliver_repeat_aspirin_t7_c3","aspirin",3,450,"mg/kg",7,"repeat",15,"day",0.012,1.008352455,0.892845905,0.957730165,-0.125,0.917004043,0.32723557,0.640468587,"no","yes","no","no"
"170","tg_rliver_repeat_aspirin_t8_c1","aspirin",1,45,"mg/kg",8,"repeat",29,"day",-0.147,0.90312651,0.151646997,0.999595129,-0.269,0.829894586,0.385824384,0.999595129,NA,NA,NA,NA
"171","tg_rliver_repeat_aspirin_t8_c2","aspirin",2,150,"mg/kg",8,"repeat",29,"day",0.044,1.030968319,0.653226641,0.955034082,-0.029,0.980099415,0.90473465,0.988166267,NA,NA,NA,NA
"172","tg_rliver_repeat_aspirin_t8_c3","aspirin",3,450,"mg/kg",8,"repeat",29,"day",0.009,1.006257823,0.924827481,0.981950553,-0.36,0.77916458,0.162492469,0.591713896,NA,NA,NA,NA
"173","tg_rliver_repeat_azathioprine_t5_c1","azathioprine",1,3,"mg/kg",5,"repeat",4,"day",-0.094,0.936921447,0.283804818,0.936976222,-0.089,0.940174203,0.55782935,0.978818053,NA,NA,NA,NA
"174","tg_rliver_repeat_azathioprine_t5_c2","azathioprine",2,10,"mg/kg",5,"repeat",4,"day",-0.158,0.8962667,0.091541348,0.533957985,-0.106,0.929160674,0.492536684,0.825535523,NA,NA,NA,NA
"175","tg_rliver_repeat_azathioprine_t5_c3","azathioprine",3,30,"mg/kg",5,"repeat",4,"day",-0.301,0.811689581,0.00447406,0.088805629,-0.178,0.883927531,0.173340383,0.401283418,NA,NA,NA,NA
"176","tg_rliver_repeat_azathioprine_t6_c1","azathioprine",1,3,"mg/kg",6,"repeat",8,"day",-0.142,0.906261938,0.029019873,0.536177533,-0.213,0.862741345,0.027564117,0.535178471,NA,NA,NA,NA
"177","tg_rliver_repeat_azathioprine_t6_c2","azathioprine",2,10,"mg/kg",6,"repeat",8,"day",0.143,1.104198847,0.131893789,0.554166543,0.156,1.114193651,0.060493789,0.454792815,NA,NA,NA,NA
"178","tg_rliver_repeat_azathioprine_t6_c3","azathioprine",3,30,"mg/kg",6,"repeat",8,"day",-0.143,0.905633983,0.14792052,0.431108676,-0.274,0.827023368,0.011695177,0.150086016,NA,NA,NA,NA
"179","tg_rliver_repeat_azathioprine_t7_c1","azathioprine",1,3,"mg/kg",7,"repeat",15,"day",-0.061,0.958599438,0.59826784,0.934956111,0.116,1.083725967,0.317293782,0.88524833,NA,NA,NA,NA
"180","tg_rliver_repeat_azathioprine_t7_c2","azathioprine",2,10,"mg/kg",7,"repeat",15,"day",0.041,1.028826708,0.708489141,0.860162733,0.142,1.10343374,0.284420031,0.551965002,NA,NA,NA,NA
"181","tg_rliver_repeat_azathioprine_t7_c3","azathioprine",3,30,"mg/kg",7,"repeat",15,"day",-0.061,0.958599438,0.656123474,0.854192701,-0.116,0.922742493,0.379035694,0.685106156,"no","yes","no","no"
"182","tg_rliver_repeat_azathioprine_t8_c1","azathioprine",1,3,"mg/kg",8,"repeat",29,"day",0.006,1.004167543,0.940831793,0.994678717,0.238,1.179356592,0.053843021,0.863116718,NA,NA,NA,NA
"183","tg_rliver_repeat_azathioprine_t8_c2","azathioprine",2,10,"mg/kg",8,"repeat",29,"day",0.056,1.039579435,0.547976297,0.779776699,0.096,1.068805991,0.356405615,0.639721222,"no","yes","no","no"
"184","tg_rliver_repeat_azathioprine_t8_c3","azathioprine",3,30,"mg/kg",8,"repeat",29,"day",0.027,1.018891197,0.785642312,0.908430704,-0.1,0.933032992,0.334909309,0.617140888,NA,NA,NA,NA
"185","tg_rliver_repeat_bendazac_t5_c1","bendazac",1,30,"mg/kg",5,"repeat",4,"day",0.036,1.025267238,0.645428127,0.987991854,0.236,1.17772279,0.011446765,0.842153674,NA,NA,NA,NA
"186","tg_rliver_repeat_bendazac_t5_c2","bendazac",2,100,"mg/kg",5,"repeat",4,"day",0.403,1.322254605,0.002084135,0.562858098,0.35,1.274560627,0.000855434,0.559874513,"no","yes","no","no"
"187","tg_rliver_repeat_bendazac_t5_c3","bendazac",3,300,"mg/kg",5,"repeat",4,"day",0.256,1.194163187,0.010384036,0.199255417,-0.007,0.995159722,0.926016289,0.974864421,"yes","no","no","no"
"188","tg_rliver_repeat_bendazac_t6_c1","bendazac",1,30,"mg/kg",6,"repeat",8,"day",0.544,1.458009379,0.001717682,0.723835603,-0.105,0.929804943,0.418092758,0.873767299,NA,NA,NA,NA
"189","tg_rliver_repeat_bendazac_t6_c2","bendazac",2,100,"mg/kg",6,"repeat",8,"day",0.249,1.188383105,0.018049784,0.724841369,-0.283,0.821880187,0.075654829,0.75678294,"no","yes","no","no"
"190","tg_rliver_repeat_bendazac_t6_c3","bendazac",3,300,"mg/kg",6,"repeat",8,"day",0.21,1.156688184,0.057376765,0.436163582,-0.218,0.859756486,0.164649071,0.624407458,"yes","no","no","no"
"191","tg_rliver_repeat_bendazac_t7_c1","bendazac",1,30,"mg/kg",7,"repeat",15,"day",-0.08,0.946057647,0.342373422,0.982946343,-0.241,0.846158597,0.385616441,0.984774895,NA,NA,NA,NA
"192","tg_rliver_repeat_bendazac_t7_c2","bendazac",2,100,"mg/kg",7,"repeat",15,"day",-0.056,0.961927455,0.536096001,0.972469777,-0.619,0.651122095,0.037646593,0.913311836,"no","no","no","yes"
"193","tg_rliver_repeat_bendazac_t7_c3","bendazac",3,300,"mg/kg",7,"repeat",15,"day",0.077,1.054822317,0.540894306,0.869251617,-0.364,0.777007269,0.220223634,0.673888532,"yes","yes","no","no"
"194","tg_rliver_repeat_bendazac_t8_c1","bendazac",1,30,"mg/kg",8,"repeat",29,"day",-0.032,0.978063473,0.776416888,0.998902303,-0.129,0.914465089,0.475011766,0.998902303,NA,NA,NA,NA
"195","tg_rliver_repeat_bendazac_t8_c2","bendazac",2,100,"mg/kg",8,"repeat",29,"day",-0.074,0.950000383,0.630030884,0.999335226,-0.26,0.835087919,0.18748586,0.999335226,NA,NA,NA,NA
"196","tg_rliver_repeat_bendazac_t8_c3","bendazac",3,300,"mg/kg",8,"repeat",29,"day",0.064,1.0453601,0.561021537,0.86082632,-0.208,0.865736566,0.262384014,0.693880974,"yes","no","no","no"
"197","tg_rliver_repeat_benzbromarone_t5_c1","benzbromarone",1,20,"mg/kg",5,"repeat",4,"day",-0.081,0.945402117,0.602309428,0.999614876,0.107,1.076986376,0.196691966,0.999614876,NA,NA,NA,NA
"198","tg_rliver_repeat_benzbromarone_t5_c2","benzbromarone",2,60,"mg/kg",5,"repeat",4,"day",-0.234,0.85027416,0.155179207,0.571725824,0.054,1.038139271,0.48728134,0.820106683,NA,NA,NA,NA
"199","tg_rliver_repeat_benzbromarone_t5_c3","benzbromarone",3,200,"mg/kg",5,"repeat",4,"day",-0.262,0.833931044,0.153328697,0.401594374,-0.189,0.877213549,0.202959997,0.464495255,NA,NA,NA,NA
"200","tg_rliver_repeat_benzbromarone_t6_c1","benzbromarone",1,20,"mg/kg",6,"repeat",8,"day",-0.159,0.89564567,0.045312296,0.735616265,0.358,1.281647924,0.000317865,0.247742681,NA,NA,NA,NA
"201","tg_rliver_repeat_benzbromarone_t6_c2","benzbromarone",2,60,"mg/kg",6,"repeat",8,"day",0.03,1.021012126,0.765522683,0.932442792,-0.055,0.962594443,0.628618774,0.885838794,NA,NA,NA,NA
"202","tg_rliver_repeat_benzbromarone_t6_c3","benzbromarone",3,200,"mg/kg",6,"repeat",8,"day",-0.081,0.945402117,0.448692678,0.718312969,0.14,1.101905116,0.384777742,0.669684369,NA,NA,NA,NA
"203","tg_rliver_repeat_benzbromarone_t7_c1","benzbromarone",1,20,"mg/kg",7,"repeat",15,"day",-0.133,0.911933166,0.153111954,0.892888646,0,1,0.995640688,0.999709658,NA,NA,NA,NA
"204","tg_rliver_repeat_benzbromarone_t7_c2","benzbromarone",2,60,"mg/kg",7,"repeat",15,"day",-0.094,0.936921447,0.323935041,0.692393137,0.107,1.076986376,0.379394028,0.729773106,NA,NA,NA,NA
"205","tg_rliver_repeat_benzbromarone_t7_c3","benzbromarone",3,200,"mg/kg",7,"repeat",15,"day",-0.057,0.961260928,0.574324515,0.756464486,0.356,1.279872414,0.001954498,0.022789932,NA,NA,NA,NA
"206","tg_rliver_repeat_benzbromarone_t8_c1","benzbromarone",1,20,"mg/kg",8,"repeat",29,"day",0.126,1.091263877,0.120096174,0.89065474,0.174,1.128182137,0.132890904,0.894116084,NA,NA,NA,NA
"207","tg_rliver_repeat_benzbromarone_t8_c2","benzbromarone",2,60,"mg/kg",8,"repeat",29,"day",-0.022,0.984866443,0.773304058,0.937771682,0.103,1.074004472,0.643450131,0.890821669,NA,NA,NA,NA
"208","tg_rliver_repeat_benzbromarone_t8_c3","benzbromarone",3,200,"mg/kg",8,"repeat",29,"day",-0.071,0.951977908,0.337390602,0.659910255,0.213,1.159095952,0.09470857,0.369141594,NA,NA,NA,NA
"209","tg_rliver_repeat_benziodarone_t5_c1","benziodarone",1,30,"mg/kg",5,"repeat",4,"day",0.092,1.065846736,0.591479995,0.999615764,-0.337,0.791685866,0.076874634,0.999615764,"no","yes","no","no"
"210","tg_rliver_repeat_benziodarone_t5_c2","benziodarone",2,100,"mg/kg",5,"repeat",4,"day",0.026,1.0181852,0.849945157,0.991276799,-0.012,0.991716731,0.950035438,0.99570274,"no","yes","no","no"
"211","tg_rliver_repeat_benziodarone_t5_c3","benziodarone",3,300,"mg/kg",5,"repeat",4,"day",-0.042,0.971307496,0.747102712,0.917677114,-0.085,0.942784536,0.680209994,0.890389988,"no","yes","no","no"
"212","tg_rliver_repeat_benziodarone_t6_c1","benziodarone",1,30,"mg/kg",6,"repeat",8,"day",-0.087,0.941478465,0.65414554,0.859892825,0.29,1.222640278,0.059269479,0.443466503,"no","yes","no","no"
"213","tg_rliver_repeat_benziodarone_t6_c2","benziodarone",2,100,"mg/kg",6,"repeat",8,"day",-0.356,0.78132788,0.089846113,0.483717925,-0.115,0.923382311,0.458942471,0.775782665,"no","yes","no","no"
"214","tg_rliver_repeat_benziodarone_t6_c3","benziodarone",3,300,"mg/kg",6,"repeat",8,"day",-0.234,0.85027416,0.183563714,0.349566323,0.002,1.001387256,0.979248743,0.987826829,NA,NA,NA,NA
"215","tg_rliver_repeat_benziodarone_t7_c1","benziodarone",1,30,"mg/kg",7,"repeat",15,"day",0.056,1.039579435,0.572300128,0.964143391,0.498,1.412254404,0.094315288,0.901833138,NA,NA,NA,NA
"216","tg_rliver_repeat_benziodarone_t7_c2","benziodarone",2,100,"mg/kg",7,"repeat",15,"day",-0.156,0.897510051,0.117574601,0.628224424,0.108,1.077733145,0.606977644,0.927888948,"no","yes","no","no"
"217","tg_rliver_repeat_benziodarone_t7_c3","benziodarone",3,300,"mg/kg",7,"repeat",15,"day",-0.358,0.78024548,0.003844293,0.091815854,0.128,1.092777739,0.604196279,0.870493976,"no","yes","no","no"
"218","tg_rliver_repeat_benziodarone_t8_c1","benziodarone",1,30,"mg/kg",8,"repeat",29,"day",-0.145,0.904379378,0.37510754,0.998546452,-0.114,0.924022572,0.492767217,0.998546452,NA,NA,NA,NA
"219","tg_rliver_repeat_benziodarone_t8_c2","benziodarone",2,100,"mg/kg",8,"repeat",29,"day",-0.096,0.935623498,0.46329476,0.871745831,-0.015,0.989656656,0.921144015,0.985883762,NA,NA,NA,NA
"220","tg_rliver_repeat_benziodarone_t8_c3","benziodarone",3,300,"mg/kg",8,"repeat",29,"day",-0.087,0.941478465,0.406298063,0.817002374,-0.374,0.771640088,0.070476022,0.460269352,"no","yes","no","no"
"221","tg_rliver_repeat_bromobenzene_t5_c1","bromobenzene",1,30,"mg/kg",5,"repeat",4,"day",0.05,1.035264924,0.742981206,0.942554406,0.383,1.304050735,0.154918808,0.673036347,NA,NA,NA,NA
"222","tg_rliver_repeat_bromobenzene_t5_c2","bromobenzene",2,100,"mg/kg",5,"repeat",4,"day",-0.135,0.910669834,0.449601734,0.846660493,-0.077,0.948026965,0.751928187,0.942295658,"no","yes","no","no"
"223","tg_rliver_repeat_bromobenzene_t5_c3","bromobenzene",3,300,"mg/kg",5,"repeat",4,"day",0.315,1.244011653,0.089221948,0.340328121,0.85,1.802500925,0.064374998,0.289168672,NA,NA,NA,NA
"224","tg_rliver_repeat_bromobenzene_t6_c1","bromobenzene",1,30,"mg/kg",6,"repeat",8,"day",0.141,1.102669163,0.19192963,0.870443957,-0.014,0.990342872,0.914116688,0.995179462,NA,NA,NA,NA
"225","tg_rliver_repeat_bromobenzene_t6_c2","bromobenzene",2,100,"mg/kg",6,"repeat",8,"day",0.195,1.144724161,0.062214725,0.543861837,-0.188,0.877821798,0.199220481,0.709063936,NA,NA,NA,NA
"226","tg_rliver_repeat_bromobenzene_t6_c3","bromobenzene",3,300,"mg/kg",6,"repeat",8,"day",0.472,1.387030969,0.003752734,0.097739423,-0.002,0.998614666,0.988057253,0.997168656,NA,NA,NA,NA
"227","tg_rliver_repeat_bromobenzene_t7_c1","bromobenzene",1,30,"mg/kg",7,"repeat",15,"day",0.133,1.096571589,0.390301304,0.868129952,-0.022,0.984866443,0.801757686,0.971669072,NA,NA,NA,NA
"228","tg_rliver_repeat_bromobenzene_t7_c2","bromobenzene",2,100,"mg/kg",7,"repeat",15,"day",0.11,1.079228237,0.395917852,0.880991188,0.106,1.076240125,0.53504633,0.918288613,NA,NA,NA,NA
"229","tg_rliver_repeat_bromobenzene_t7_c3","bromobenzene",3,300,"mg/kg",7,"repeat",15,"day",0.229,1.172022284,0.128260607,0.498096733,0.179,1.132098902,0.105331047,0.468331494,"no","yes","no","no"
"230","tg_rliver_repeat_bromobenzene_t8_c1","bromobenzene",1,30,"mg/kg",8,"repeat",29,"day",-0.003,0.997922719,0.960750602,0.999867269,-0.105,0.929804943,0.270886976,0.999867269,NA,NA,NA,NA
"231","tg_rliver_repeat_bromobenzene_t8_c2","bromobenzene",2,100,"mg/kg",8,"repeat",29,"day",0.18,1.132883885,0.05393029,0.834915829,-0.063,0.957271458,0.513371894,0.950401889,NA,NA,NA,NA
"232","tg_rliver_repeat_bromobenzene_t8_c3","bromobenzene",3,300,"mg/kg",8,"repeat",29,"day",0.286,1.219255094,0.052630988,0.318022628,-0.191,0.875998315,0.199225924,0.559053028,NA,NA,NA,NA
"233","tg_rliver_repeat_bromoethylamine_t5_c1","bromoethylamine",1,2,"mg/kg",5,"repeat",4,"day",0.275,1.209994089,0.06987615,0.94506295,0.095,1.068065408,0.303442832,0.982386092,NA,NA,NA,NA
"234","tg_rliver_repeat_bromoethylamine_t5_c2","bromoethylamine",2,6,"mg/kg",5,"repeat",4,"day",-0.023,0.984184022,0.841626896,0.992279042,-0.088,0.940826108,0.411088434,0.957165509,NA,NA,NA,NA
"235","tg_rliver_repeat_bromoethylamine_t5_c3","bromoethylamine",3,20,"mg/kg",5,"repeat",4,"day",-0.12,0.920187651,0.274680613,0.869368758,-0.197,0.872362706,0.099370488,0.848959313,NA,NA,NA,NA
"236","tg_rliver_repeat_bromoethylamine_t6_c1","bromoethylamine",1,2,"mg/kg",6,"repeat",8,"day",-0.017,0.988285652,0.862292667,0.996516617,-0.061,0.958599438,0.787676911,0.995353031,NA,NA,NA,NA
"237","tg_rliver_repeat_bromoethylamine_t6_c2","bromoethylamine",2,6,"mg/kg",6,"repeat",8,"day",0.026,1.0181852,0.856259329,0.99984813,0.048,1.033830736,0.796127895,0.99984813,NA,NA,NA,NA
"238","tg_rliver_repeat_bromoethylamine_t6_c3","bromoethylamine",3,20,"mg/kg",6,"repeat",8,"day",-0.09,0.939522749,0.432680464,0.800403878,-0.349,0.785128119,0.032694189,0.450055269,NA,NA,NA,NA
"239","tg_rliver_repeat_bromoethylamine_t7_c1","bromoethylamine",1,2,"mg/kg",7,"repeat",15,"day",0.018,1.012554807,0.855304327,0.99896813,-0.034,0.976708529,0.705643418,0.99896813,NA,NA,NA,NA
"240","tg_rliver_repeat_bromoethylamine_t7_c2","bromoethylamine",2,6,"mg/kg",7,"repeat",15,"day",-0.086,0.942131274,0.361275706,0.973260564,-0.091,0.938871747,0.319390636,0.964932939,NA,NA,NA,NA
"241","tg_rliver_repeat_bromoethylamine_t7_c3","bromoethylamine",3,20,"mg/kg",7,"repeat",15,"day",-0.075,0.949342121,0.53029718,0.968285245,-0.472,0.720964436,0.002230784,0.459045133,NA,NA,NA,NA
"242","tg_rliver_repeat_bromoethylamine_t8_c1","bromoethylamine",1,2,"mg/kg",8,"repeat",29,"day",-0.081,0.945402117,0.463475607,0.995276747,-0.126,0.916368645,0.333172431,0.995276747,NA,NA,NA,NA
"243","tg_rliver_repeat_bromoethylamine_t8_c2","bromoethylamine",2,6,"mg/kg",8,"repeat",29,"day",-0.021,0.985549337,0.836641425,0.985884552,0.053,1.037419937,0.706293061,0.972172185,NA,NA,NA,NA
"244","tg_rliver_repeat_bromoethylamine_t8_c3","bromoethylamine",3,20,"mg/kg",8,"repeat",29,"day",-0.124,0.917639882,0.269879238,0.83820091,0.027,1.018891197,0.812258036,0.974827563,NA,NA,NA,NA
"245","tg_rliver_repeat_bucetin_t5_c1","bucetin",1,100,"mg/kg",5,"repeat",4,"day",-0.072,0.951318276,0.568700902,0.800755696,-0.314,0.804408371,0.063645146,0.356150652,NA,NA,NA,NA
"246","tg_rliver_repeat_bucetin_t5_c2","bucetin",2,300,"mg/kg",5,"repeat",4,"day",0.141,1.102669163,0.425136816,0.950353106,-0.424,0.745355193,0.118942347,0.86799572,NA,NA,NA,NA
"247","tg_rliver_repeat_bucetin_t5_c3","bucetin",3,1000,"mg/kg",5,"repeat",4,"day",-0.091,0.938871747,0.394248319,0.5459606,-0.563,0.67689314,0.005352129,0.061430447,NA,NA,NA,NA
"248","tg_rliver_repeat_bucetin_t6_c1","bucetin",1,100,"mg/kg",6,"repeat",8,"day",0.317,1.245737416,0.141959445,0.999612715,0.773,1.708819482,0.010120487,0.999612715,NA,NA,NA,NA
"249","tg_rliver_repeat_bucetin_t6_c2","bucetin",2,300,"mg/kg",6,"repeat",8,"day",-0.022,0.984866443,0.841010841,0.987553138,0.272,1.207480591,0.132145348,0.945069157,NA,NA,NA,NA
"250","tg_rliver_repeat_bucetin_t6_c3","bucetin",3,1000,"mg/kg",6,"repeat",8,"day",0.063,1.044635763,0.557315068,0.936855663,-0.142,0.906261938,0.570200538,0.937272505,NA,NA,NA,NA
"251","tg_rliver_repeat_bucetin_t7_c1","bucetin",1,100,"mg/kg",7,"repeat",15,"day",-0.157,0.89688816,0.29037973,0.987689312,-0.199,0.871154192,0.384370263,0.987689312,NA,NA,NA,NA
"252","tg_rliver_repeat_bucetin_t7_c2","bucetin",2,300,"mg/kg",7,"repeat",15,"day",0.035,1.024556823,0.796759933,0.99917718,0.025,1.017479692,0.924701167,0.99917718,NA,NA,NA,NA
"253","tg_rliver_repeat_bucetin_t7_c3","bucetin",3,1000,"mg/kg",7,"repeat",15,"day",-0.052,0.964598185,0.728964387,0.982667412,-0.355,0.781869643,0.151748895,0.866274427,NA,NA,NA,NA
"254","tg_rliver_repeat_bucetin_t8_c1","bucetin",1,100,"mg/kg",8,"repeat",29,"day",0.069,1.048989328,0.505579995,0.993651728,0.017,1.011853201,0.890887194,0.999762766,NA,NA,NA,NA
"255","tg_rliver_repeat_bucetin_t8_c2","bucetin",2,300,"mg/kg",8,"repeat",29,"day",-0.063,0.957271458,0.630386253,0.946428408,0.091,1.065108203,0.570491741,0.933376569,NA,NA,NA,NA
"256","tg_rliver_repeat_bucetin_t8_c3","bucetin",3,1000,"mg/kg",8,"repeat",29,"day",0.126,1.091263877,0.313286728,0.863106223,-0.081,0.945402117,0.388884229,0.89081806,NA,NA,NA,NA
"257","tg_rliver_repeat_butylatedhydroxyanisole_t5_c1","butylated hydroxyanisole",1,300,"mg/kg",5,"repeat",4,"day",-0.343,0.788400174,0.126046556,0.664336062,-0.143,0.905633983,0.6252376,0.921643972,NA,NA,NA,NA
"258","tg_rliver_repeat_butylatedhydroxyanisole_t5_c2","butylated hydroxyanisole",2,1000,"mg/kg",5,"repeat",4,"day",-0.128,0.915099168,0.434765442,0.769862819,0.02,1.01395948,0.922501392,0.981456395,NA,NA,NA,NA
"259","tg_rliver_repeat_butylatedhydroxyanisole_t5_c3","butylated hydroxyanisole",3,2000,"mg/kg",5,"repeat",4,"day",-0.259,0.835666959,0.251575047,0.553025278,-0.729,0.60332196,0.007452809,0.104896398,NA,NA,NA,NA
"260","tg_rliver_repeat_butylatedhydroxyanisole_t6_c1","butylated hydroxyanisole",1,300,"mg/kg",6,"repeat",8,"day",0.036,1.025267238,0.764575177,0.969031863,0.356,1.279872414,0.03924559,0.577228408,NA,NA,NA,NA
"261","tg_rliver_repeat_butylatedhydroxyanisole_t6_c2","butylated hydroxyanisole",2,1000,"mg/kg",6,"repeat",8,"day",-0.094,0.936921447,0.406799668,0.882513024,-0.096,0.935623498,0.48751417,0.911558327,NA,NA,NA,NA
"262","tg_rliver_repeat_butylatedhydroxyanisole_t6_c3","butylated hydroxyanisole",3,2000,"mg/kg",6,"repeat",8,"day",0.183,1.135242102,0.349581581,0.80955123,0.243,1.183451022,0.110131748,0.599590295,NA,NA,NA,NA
"263","tg_rliver_repeat_butylatedhydroxyanisole_t7_c1","butylated hydroxyanisole",1,300,"mg/kg",7,"repeat",15,"day",-0.191,0.875998315,0.06587115,0.701181773,-0.406,0.754712984,0.05542384,0.675237124,NA,NA,NA,NA
"264","tg_rliver_repeat_butylatedhydroxyanisole_t7_c2","butylated hydroxyanisole",2,1000,"mg/kg",7,"repeat",15,"day",-0.149,0.901875378,0.217147181,0.654211638,-0.364,0.777007269,0.06585467,0.485972924,NA,NA,NA,NA
"265","tg_rliver_repeat_butylatedhydroxyanisole_t7_c3","butylated hydroxyanisole",3,2000,"mg/kg",7,"repeat",15,"day",-0.176,0.885153765,0.216025942,0.566880399,-0.466,0.723969086,0.012092438,0.16917272,NA,NA,NA,NA
"266","tg_rliver_repeat_butylatedhydroxyanisole_t8_c1","butylated hydroxyanisole",1,300,"mg/kg",8,"repeat",29,"day",-0.076,0.948684315,0.587037413,0.977190753,-0.305,0.809442217,0.158469079,0.888719334,NA,NA,NA,NA
"267","tg_rliver_repeat_butylatedhydroxyanisole_t8_c2","butylated hydroxyanisole",2,1000,"mg/kg",8,"repeat",29,"day",0.062,1.043911927,0.635571086,0.878691727,-0.264,0.832775771,0.078458171,0.477794745,NA,NA,NA,NA
"268","tg_rliver_repeat_butylatedhydroxyanisole_t8_c3","butylated hydroxyanisole",3,2000,"mg/kg",8,"repeat",29,"day",0.061,1.043188594,0.559729834,0.833701283,-0.506,0.704172113,0.004708552,0.182069486,NA,NA,NA,NA
"269","tg_rliver_repeat_caffeine_t5_c1","caffeine",1,10,"mg/kg",5,"repeat",4,"day",-0.179,0.883315051,0.422754531,0.936385714,-0.128,0.915099168,0.51292202,0.947116725,NA,NA,NA,NA
"270","tg_rliver_repeat_caffeine_t5_c2","caffeine",2,30,"mg/kg",5,"repeat",4,"day",-0.215,0.86154616,0.352098953,0.592483086,-0.243,0.844986384,0.244453015,0.493126795,NA,NA,NA,NA
"271","tg_rliver_repeat_caffeine_t5_c3","caffeine",3,100,"mg/kg",5,"repeat",4,"day",-0.516,0.699308041,0.044387098,0.219214186,-0.491,0.711531731,0.048132802,0.227427081,NA,NA,NA,NA
"272","tg_rliver_repeat_caffeine_t6_c1","caffeine",1,10,"mg/kg",6,"repeat",8,"day",0.035,1.024556823,0.79171856,0.999554773,-0.091,0.938871747,0.673521277,0.999554773,NA,NA,NA,NA
"273","tg_rliver_repeat_caffeine_t6_c2","caffeine",2,30,"mg/kg",6,"repeat",8,"day",0.02,1.01395948,0.915865952,0.960621859,-0.457,0.728499557,0.108601776,0.376341251,NA,NA,NA,NA
"274","tg_rliver_repeat_caffeine_t6_c3","caffeine",3,100,"mg/kg",6,"repeat",8,"day",-0.042,0.971307496,0.75007947,0.862953444,-0.588,0.665264521,0.015646079,0.128148701,NA,NA,NA,NA
"275","tg_rliver_repeat_caffeine_t7_c1","caffeine",1,10,"mg/kg",7,"repeat",15,"day",-0.189,0.877213549,0.432760391,0.999731936,-0.108,0.927873476,0.461192135,0.999731936,NA,NA,NA,NA
"276","tg_rliver_repeat_caffeine_t7_c2","caffeine",2,30,"mg/kg",7,"repeat",15,"day",-0.336,0.792234811,0.05016677,0.726402704,-0.216,0.860949188,0.097349906,0.762896129,NA,NA,NA,NA
"277","tg_rliver_repeat_caffeine_t7_c3","caffeine",3,100,"mg/kg",7,"repeat",15,"day",-0.229,0.853226098,0.164997482,0.475900418,-0.381,0.767905135,0.023832716,0.261536357,NA,NA,NA,NA
"278","tg_rliver_repeat_caffeine_t8_c1","caffeine",1,10,"mg/kg",8,"repeat",29,"day",0.099,1.071030823,0.232894655,0.879257307,-0.015,0.989656656,0.926539928,0.995442323,NA,NA,NA,NA
"279","tg_rliver_repeat_caffeine_t8_c2","caffeine",2,30,"mg/kg",8,"repeat",29,"day",0.003,1.002081605,0.975899354,0.999462132,-0.06,0.959264119,0.685560302,0.999462132,NA,NA,NA,NA
"280","tg_rliver_repeat_caffeine_t8_c3","caffeine",3,100,"mg/kg",8,"repeat",29,"day",-0.138,0.908778116,0.131691954,0.641831299,-0.148,0.902500727,0.459771627,0.878559771,NA,NA,NA,NA
"281","tg_rliver_repeat_captopril_t5_c1","captopril",1,100,"mg/kg",5,"repeat",4,"day",0.279,1.21335356,0.34189146,0.994280786,-0.06,0.959264119,0.66058766,0.994280786,NA,NA,NA,NA
"282","tg_rliver_repeat_captopril_t5_c2","captopril",2,300,"mg/kg",5,"repeat",4,"day",-0.073,0.950659101,0.624116422,0.998656646,-0.007,0.995159722,0.973548595,0.998656646,"no","yes","no","no"
"283","tg_rliver_repeat_captopril_t5_c3","captopril",3,1000,"mg/kg",5,"repeat",4,"day",-0.125,0.917004043,0.61123998,0.9303287,-0.351,0.784040454,0.028215875,0.552528061,NA,NA,NA,NA
"284","tg_rliver_repeat_captopril_t6_c1","captopril",1,100,"mg/kg",6,"repeat",8,"day",-0.448,0.733058379,0.08155144,0.66725927,-0.271,0.828744904,0.085035051,0.670446914,"no","yes","no","no"
"285","tg_rliver_repeat_captopril_t6_c2","captopril",2,300,"mg/kg",6,"repeat",8,"day",-0.384,0.76630998,0.017765145,0.35262041,-0.204,0.868140228,0.485710681,0.841721423,"no","yes","no","no"
"286","tg_rliver_repeat_captopril_t6_c3","captopril",3,1000,"mg/kg",6,"repeat",8,"day",-0.3,0.812252396,0.077134066,0.546941291,-0.305,0.809442217,0.125546853,0.601423866,NA,NA,NA,NA
"287","tg_rliver_repeat_captopril_t7_c1","captopril",1,100,"mg/kg",7,"repeat",15,"day",-0.002,0.998614666,0.982231958,0.999366126,-0.292,0.816768991,0.147414929,0.99478499,NA,NA,NA,NA
"288","tg_rliver_repeat_captopril_t7_c2","captopril",2,300,"mg/kg",7,"repeat",15,"day",0.117,1.084477409,0.361550186,0.921668186,-0.515,0.699792933,0.012044792,0.825676479,"no","yes","no","no"
"289","tg_rliver_repeat_captopril_t7_c3","captopril",3,1000,"mg/kg",7,"repeat",15,"day",0.052,1.036701101,0.571095721,0.921045219,-0.239,0.847332435,0.190100065,0.773588296,NA,NA,NA,NA
"290","tg_rliver_repeat_captopril_t8_c1","captopril",1,100,"mg/kg",8,"repeat",29,"day",0.077,1.054822317,0.570867895,0.999914739,-0.293,0.816203046,0.030772925,0.999914739,NA,NA,NA,NA
"291","tg_rliver_repeat_captopril_t8_c2","captopril",2,300,"mg/kg",8,"repeat",29,"day",0.188,1.139183377,0.139520487,0.999960429,-0.153,0.899378312,0.164408039,0.999960429,NA,NA,NA,NA
"292","tg_rliver_repeat_captopril_t8_c3","captopril",3,1000,"mg/kg",8,"repeat",29,"day",0.295,1.226884977,0.165721023,0.852180203,0.007,1.00486382,0.957443531,0.993582475,NA,NA,NA,NA
"293","tg_rliver_repeat_carbamazepine_t5_c1","carbamazepine",1,30,"mg/kg",5,"repeat",4,"day",-0.183,0.880869374,0.16225905,0.999079375,-0.182,0.881480158,0.191152199,0.999079375,NA,NA,NA,NA
"294","tg_rliver_repeat_carbamazepine_t5_c2","carbamazepine",2,100,"mg/kg",5,"repeat",4,"day",-0.267,0.831045862,0.063184218,0.717075995,-0.322,0.799960128,0.151856272,0.785712876,NA,NA,NA,NA
"295","tg_rliver_repeat_carbamazepine_t5_c3","carbamazepine",3,300,"mg/kg",5,"repeat",4,"day",-0.509,0.70270935,0.002511771,0.103866978,-0.5,0.707106781,0.000838179,0.078603556,NA,NA,NA,NA
"296","tg_rliver_repeat_carbamazepine_t6_c1","carbamazepine",1,30,"mg/kg",6,"repeat",8,"day",-0.232,0.851453708,0.088294714,0.999378562,0.249,1.188383105,0.131611642,0.999378562,NA,NA,NA,NA
"297","tg_rliver_repeat_carbamazepine_t6_c2","carbamazepine",2,100,"mg/kg",6,"repeat",8,"day",-0.173,0.886996305,0.235361901,0.999843805,-0.073,0.950659101,0.657913465,0.999843805,"no","yes","no","no"
"298","tg_rliver_repeat_carbamazepine_t6_c3","carbamazepine",3,300,"mg/kg",6,"repeat",8,"day",-0.361,0.778624691,0.003621923,0.259786387,-0.117,0.922103118,0.275097845,0.769721561,NA,NA,NA,NA
"299","tg_rliver_repeat_carbamazepine_t7_c1","carbamazepine",1,30,"mg/kg",7,"repeat",15,"day",0.042,1.029540083,0.770367468,0.9650787,0.117,1.084477409,0.321083575,0.855049701,NA,NA,NA,NA
"300","tg_rliver_repeat_carbamazepine_t7_c2","carbamazepine",2,100,"mg/kg",7,"repeat",15,"day",0.044,1.030968319,0.761771655,0.938165438,0.204,1.151887642,0.047085693,0.480694401,"no","yes","no","no"
"301","tg_rliver_repeat_carbamazepine_t7_c3","carbamazepine",3,300,"mg/kg",7,"repeat",15,"day",-0.097,0.934975198,0.503132035,0.865473514,0.16,1.117287138,0.099421786,0.591905694,NA,NA,NA,NA
"302","tg_rliver_repeat_carbamazepine_t8_c1","carbamazepine",1,30,"mg/kg",8,"repeat",29,"day",-0.025,0.982820599,0.802867336,0.99925843,-0.069,0.953298545,0.732477296,0.99925843,NA,NA,NA,NA
"303","tg_rliver_repeat_carbamazepine_t8_c2","carbamazepine",2,100,"mg/kg",8,"repeat",29,"day",-0.135,0.910669834,0.305304696,0.903832587,-0.092,0.938221197,0.631884951,0.964264457,NA,NA,NA,NA
"304","tg_rliver_repeat_carbamazepine_t8_c3","carbamazepine",3,300,"mg/kg",8,"repeat",29,"day",-0.194,0.87417862,0.027030966,0.295077041,-0.324,0.798851916,0.120420947,0.483001,NA,NA,NA,NA
"305","tg_rliver_repeat_carbontetrachloride_t5_c1","carbon tetrachloride",1,30,"mg/kg",5,"repeat",4,"day",0.027,1.018891197,0.875729216,0.99334943,-0.5,0.707106781,0.069490146,0.908396788,NA,NA,NA,NA
"306","tg_rliver_repeat_carbontetrachloride_t5_c2","carbon tetrachloride",2,100,"mg/kg",5,"repeat",4,"day",0.211,1.157490217,0.162485645,0.500680004,-0.406,0.754712984,0.155807631,0.492739695,NA,NA,NA,NA
"307","tg_rliver_repeat_carbontetrachloride_t5_c3","carbon tetrachloride",3,300,"mg/kg",5,"repeat",4,"day",0.426,1.343503426,0.0690893,0.496837054,-0.2,0.870550563,0.428379061,0.816488491,NA,NA,NA,NA
"308","tg_rliver_repeat_carbontetrachloride_t6_c1","carbon tetrachloride",1,30,"mg/kg",6,"repeat",8,"day",-0.14,0.907519155,0.176447417,0.901576245,0.138,1.100378609,0.388232972,0.944231777,NA,NA,NA,NA
"309","tg_rliver_repeat_carbontetrachloride_t6_c2","carbon tetrachloride",2,100,"mg/kg",6,"repeat",8,"day",0.146,1.106497353,0.462006479,0.867734857,0.426,1.343503426,0.119158148,0.643795905,NA,NA,NA,NA
"310","tg_rliver_repeat_carbontetrachloride_t6_c3","carbon tetrachloride",3,300,"mg/kg",6,"repeat",8,"day",-0.157,0.89688816,0.221919693,0.563452806,0.594,1.509425969,0.027560334,0.249626067,NA,NA,NA,NA
"311","tg_rliver_repeat_carbontetrachloride_t7_c1","carbon tetrachloride",1,30,"mg/kg",7,"repeat",15,"day",-0.017,0.988285652,0.890811893,0.999230085,0.341,1.266634254,0.449235343,0.996757214,NA,NA,NA,NA
"312","tg_rliver_repeat_carbontetrachloride_t7_c2","carbon tetrachloride",2,100,"mg/kg",7,"repeat",15,"day",0.566,1.480413298,0.008694968,0.129163837,1.566,2.960826596,0.001605646,0.064783763,"no","no","no","yes"
"313","tg_rliver_repeat_carbontetrachloride_t7_c3","carbon tetrachloride",3,300,"mg/kg",7,"repeat",15,"day",0.591,1.506290467,0.001479526,0.035240535,1.618,3.069492192,0.001508805,0.035633361,"no","no","no","yes"
"314","tg_rliver_repeat_carbontetrachloride_t8_c1","carbon tetrachloride",1,30,"mg/kg",8,"repeat",29,"day",-0.048,0.96727633,0.753089417,0.985863757,0.441,1.35754498,0.0616513,0.857898557,"no","no","no","yes"
"315","tg_rliver_repeat_carbontetrachloride_t8_c2","carbon tetrachloride",2,100,"mg/kg",8,"repeat",29,"day",0.308,1.237990291,0.08598449,0.40112416,1.15,2.219138944,0.001772506,0.073776222,"no","no","no","yes"
"316","tg_rliver_repeat_carbontetrachloride_t8_c3","carbon tetrachloride",3,300,"mg/kg",8,"repeat",29,"day",0.459,1.374588696,0.02030008,0.101597987,1.5,2.828427125,0.001590321,0.022048951,"no","no","no","yes"
"317","tg_rliver_repeat_carboplatin_t5_c1","carboplatin",1,1,"mg/kg",5,"repeat",4,"day",-0.114,0.924022572,0.593344844,0.999612886,-0.052,0.964598185,0.711859042,0.999612886,NA,NA,NA,NA
"318","tg_rliver_repeat_carboplatin_t5_c2","carboplatin",2,3,"mg/kg",5,"repeat",4,"day",-0.32,0.801069878,0.066651942,0.740852833,-0.115,0.923382311,0.473439698,0.905971148,NA,NA,NA,NA
"319","tg_rliver_repeat_carboplatin_t5_c3","carboplatin",3,10,"mg/kg",5,"repeat",4,"day",-0.301,0.811689581,0.08188343,0.882358014,-0.149,0.901875378,0.343365069,0.94685313,NA,NA,NA,NA
"320","tg_rliver_repeat_carboplatin_t6_c1","carboplatin",1,1,"mg/kg",6,"repeat",8,"day",0.007,1.00486382,0.953713552,0.983135654,-0.047,0.967947027,0.641522499,0.84569947,NA,NA,NA,NA
"321","tg_rliver_repeat_carboplatin_t6_c2","carboplatin",2,3,"mg/kg",6,"repeat",8,"day",-0.068,0.953959551,0.535280311,0.895282181,0.08,1.057018041,0.374477519,0.838446244,NA,NA,NA,NA
"322","tg_rliver_repeat_carboplatin_t6_c3","carboplatin",3,10,"mg/kg",6,"repeat",8,"day",-0.163,0.893165852,0.270912096,0.615504507,-0.346,0.786762445,0.010334188,0.248182988,NA,NA,NA,NA
"323","tg_rliver_repeat_carboplatin_t7_c1","carboplatin",1,1,"mg/kg",7,"repeat",15,"day",-0.025,0.982820599,0.801294794,0.925518032,0.118,1.085229372,0.244520375,0.634950969,NA,NA,NA,NA
"324","tg_rliver_repeat_carboplatin_t7_c2","carboplatin",2,3,"mg/kg",7,"repeat",15,"day",0.039,1.027401439,0.720634964,0.943967023,0.012,1.008352455,0.90208684,0.984004856,NA,NA,NA,NA
"325","tg_rliver_repeat_carboplatin_t7_c3","carboplatin",3,10,"mg/kg",7,"repeat",15,"day",-0.16,0.895025071,0.093775304,0.510735979,-0.194,0.87417862,0.143642886,0.581615141,NA,NA,NA,NA
"326","tg_rliver_repeat_carboplatin_t8_c1","carboplatin",1,1,"mg/kg",8,"repeat",29,"day",-0.114,0.924022572,0.329290932,0.882296663,-0.166,0.891310496,0.067053202,0.786570627,NA,NA,NA,NA
"327","tg_rliver_repeat_carboplatin_t8_c2","carboplatin",2,3,"mg/kg",8,"repeat",29,"day",-0.133,0.911933166,0.202355493,0.737275567,-0.283,0.821880187,0.059856578,0.634398583,NA,NA,NA,NA
"328","tg_rliver_repeat_carboplatin_t8_c3","carboplatin",3,10,"mg/kg",8,"repeat",29,"day",-0.076,0.948684315,0.484387951,0.828214472,-0.145,0.904379378,0.159050241,0.567763111,NA,NA,NA,NA
"329","tg_rliver_repeat_cephalothin_t5_c1","cephalothin",1,300,"mg/kg",5,"repeat",4,"day",0.373,1.295042999,0.046787963,0.999293042,0.47,1.385109468,0.007419277,0.999293042,NA,NA,NA,NA
"330","tg_rliver_repeat_cephalothin_t5_c2","cephalothin",2,1000,"mg/kg",5,"repeat",4,"day",0.057,1.040300267,0.703668143,0.988262504,0.217,1.162314108,0.281105842,0.955457737,NA,NA,NA,NA
"331","tg_rliver_repeat_cephalothin_t5_c3","cephalothin",3,2000,"mg/kg",5,"repeat",4,"day",0.087,1.062159186,0.577431077,0.939438785,-0.021,0.985549337,0.921888343,0.991808559,NA,NA,NA,NA
"332","tg_rliver_repeat_cephalothin_t6_c1","cephalothin",1,300,"mg/kg",6,"repeat",8,"day",-0.273,0.827596816,0.018327808,0.844990069,0.03,1.021012126,0.825658107,0.979021524,NA,NA,NA,NA
"333","tg_rliver_repeat_cephalothin_t6_c2","cephalothin",2,1000,"mg/kg",6,"repeat",8,"day",-0.363,0.777546036,0.008382899,0.503075228,-0.113,0.924663278,0.412048983,0.877812885,NA,NA,NA,NA
"334","tg_rliver_repeat_cephalothin_t6_c3","cephalothin",3,2000,"mg/kg",6,"repeat",8,"day",-0.261,0.834509281,0.074485422,0.834686509,-0.122,0.918912883,0.409562388,0.952999021,NA,NA,NA,NA
"335","tg_rliver_repeat_cephalothin_t7_c1","cephalothin",1,300,"mg/kg",7,"repeat",15,"day",0.085,1.060687741,0.567614714,0.858839421,0.024,1.016774673,0.908704959,0.979151456,NA,NA,NA,NA
"336","tg_rliver_repeat_cephalothin_t7_c2","cephalothin",2,1000,"mg/kg",7,"repeat",15,"day",-0.154,0.898755127,0.326929779,0.934836178,0.077,1.054822317,0.700432748,0.981240322,NA,NA,NA,NA
"337","tg_rliver_repeat_cephalothin_t7_c3","cephalothin",3,2000,"mg/kg",7,"repeat",15,"day",0.196,1.145517898,0.166237617,0.724087201,-0.04,0.972654947,0.830967084,0.96431849,NA,NA,NA,NA
"338","tg_rliver_repeat_cephalothin_t8_c1","cephalothin",1,300,"mg/kg",8,"repeat",29,"day",0.152,1.111108729,0.182074151,0.944978579,0.297,1.22858698,0.298130594,0.944978579,NA,NA,NA,NA
"339","tg_rliver_repeat_cephalothin_t8_c2","cephalothin",2,1000,"mg/kg",8,"repeat",29,"day",-0.024,0.983502074,0.787666566,0.99251121,-0.018,0.987600861,0.827089303,0.993662749,NA,NA,NA,NA
"340","tg_rliver_repeat_cephalothin_t8_c3","cephalothin",3,2000,"mg/kg",8,"repeat",29,"day",-0.064,0.956608158,0.654175339,0.911225866,0.006,1.004167543,0.945786636,0.986790789,NA,NA,NA,NA
"341","tg_rliver_repeat_chloramphenicol_t5_c1","chloramphenicol",1,100,"mg/kg",5,"repeat",4,"day",-0.281,0.823020345,0.312413651,0.840702556,-0.327,0.797192477,0.183746498,0.775510896,NA,NA,NA,NA
"342","tg_rliver_repeat_chloramphenicol_t5_c2","chloramphenicol",2,300,"mg/kg",5,"repeat",4,"day",-0.377,0.770037174,0.146655074,0.748257709,-0.42,0.747424624,0.051521988,0.624126078,NA,NA,NA,NA
"343","tg_rliver_repeat_chloramphenicol_t5_c3","chloramphenicol",3,1000,"mg/kg",5,"repeat",4,"day",-0.506,0.704172113,0.094861566,0.396599023,-0.562,0.677362489,0.010533634,0.153852882,NA,NA,NA,NA
"344","tg_rliver_repeat_chloramphenicol_t6_c1","chloramphenicol",1,100,"mg/kg",6,"repeat",8,"day",0.067,1.047536127,0.460378305,0.899260407,-0.211,0.863938187,0.262085846,0.837391473,NA,NA,NA,NA
"345","tg_rliver_repeat_chloramphenicol_t6_c2","chloramphenicol",2,300,"mg/kg",6,"repeat",8,"day",0.02,1.01395948,0.818485496,0.970727934,-0.411,0.752101876,0.00459017,0.389996508,"no","yes","no","no"
"346","tg_rliver_repeat_chloramphenicol_t6_c3","chloramphenicol",3,1000,"mg/kg",6,"repeat",8,"day",-0.135,0.910669834,0.064316518,0.378353228,-0.299,0.812815602,0.036047684,0.304438581,NA,NA,NA,NA
"347","tg_rliver_repeat_chloramphenicol_t7_c1","chloramphenicol",1,100,"mg/kg",7,"repeat",15,"day",0.151,1.110338834,0.210028191,0.758955604,0.001,1.000693387,0.993125229,0.998667783,NA,NA,NA,NA
"348","tg_rliver_repeat_chloramphenicol_t7_c2","chloramphenicol",2,300,"mg/kg",7,"repeat",15,"day",0.052,1.036701101,0.731971485,0.930069941,0.098,1.070288698,0.336149182,0.739888563,NA,NA,NA,NA
"349","tg_rliver_repeat_chloramphenicol_t7_c3","chloramphenicol",3,1000,"mg/kg",7,"repeat",15,"day",-0.054,0.963261894,0.576113282,0.839471371,-0.195,0.873572896,0.147824944,0.478243041,NA,NA,NA,NA
"350","tg_rliver_repeat_chloramphenicol_t8_c1","chloramphenicol",1,100,"mg/kg",8,"repeat",29,"day",0.042,1.029540083,0.625429126,0.931840042,0.073,1.051901779,0.710752168,0.953168967,NA,NA,NA,NA
"351","tg_rliver_repeat_chloramphenicol_t8_c2","chloramphenicol",2,300,"mg/kg",8,"repeat",29,"day",-0.071,0.951977908,0.508695486,0.956589729,0.035,1.024556823,0.660859868,0.985442034,NA,NA,NA,NA
"352","tg_rliver_repeat_chloramphenicol_t8_c3","chloramphenicol",3,1000,"mg/kg",8,"repeat",29,"day",-0.009,0.993781093,0.909677053,0.970449897,-0.226,0.855002178,0.147317577,0.499567563,NA,NA,NA,NA
"353","tg_rliver_repeat_chlormadinone_t5_c1","chlormadinone",1,100,"mg/kg",5,"repeat",4,"day",-0.107,0.928516852,0.252255958,0.750571146,-0.431,0.741747467,0.049475905,0.542832488,NA,NA,NA,NA
"354","tg_rliver_repeat_chlormadinone_t5_c2","chlormadinone",2,300,"mg/kg",5,"repeat",4,"day",-0.327,0.797192477,0.011815992,0.22553977,-0.301,0.811689581,0.089118738,0.44928892,NA,NA,NA,NA
"355","tg_rliver_repeat_chlormadinone_t5_c3","chlormadinone",3,1000,"mg/kg",5,"repeat",4,"day",-0.231,0.852044095,0.029280997,0.382881885,-0.203,0.868742185,0.292722886,0.704334433,NA,NA,NA,NA
"356","tg_rliver_repeat_chlormadinone_t6_c1","chlormadinone",1,100,"mg/kg",6,"repeat",8,"day",-0.196,0.872967591,0.169266122,0.694814574,-0.246,0.84323111,0.104438666,0.643005137,NA,NA,NA,NA
"357","tg_rliver_repeat_chlormadinone_t6_c2","chlormadinone",2,300,"mg/kg",6,"repeat",8,"day",-0.617,0.652025368,0.000145457,0.067560118,-0.324,0.798851916,0.004952925,0.147149731,NA,NA,NA,NA
"358","tg_rliver_repeat_chlormadinone_t6_c3","chlormadinone",3,1000,"mg/kg",6,"repeat",8,"day",-0.469,0.722465199,0.002465697,0.189817771,-0.241,0.846158597,0.093268488,0.543449081,NA,NA,NA,NA
"359","tg_rliver_repeat_chlormadinone_t7_c1","chlormadinone",1,100,"mg/kg",7,"repeat",15,"day",-0.121,0.919550046,0.262612586,0.707545409,-0.027,0.981459064,0.843005424,0.957358707,NA,NA,NA,NA
"360","tg_rliver_repeat_chlormadinone_t7_c2","chlormadinone",2,300,"mg/kg",7,"repeat",15,"day",-0.361,0.778624691,0.001688661,0.099718664,-0.134,0.911301281,0.189823133,0.559195675,NA,NA,NA,NA
"361","tg_rliver_repeat_chlormadinone_t7_c3","chlormadinone",3,1000,"mg/kg",7,"repeat",15,"day",-0.234,0.85027416,0.018225401,0.253699035,-0.083,0.944092419,0.280844876,0.640320287,NA,NA,NA,NA
"362","tg_rliver_repeat_chlormadinone_t8_c1","chlormadinone",1,100,"mg/kg",8,"repeat",29,"day",-0.281,0.823020345,0.036052747,0.99506345,0.251,1.190031696,0.114342141,0.99506345,NA,NA,NA,NA
"363","tg_rliver_repeat_chlormadinone_t8_c2","chlormadinone",2,300,"mg/kg",8,"repeat",29,"day",-0.282,0.822450069,0.027841147,0.500565862,0.042,1.029540083,0.752503383,0.947788316,NA,NA,NA,NA
"364","tg_rliver_repeat_chlormadinone_t8_c3","chlormadinone",3,1000,"mg/kg",8,"repeat",29,"day",-0.246,0.84323111,0.055382485,0.301680824,-0.074,0.950000383,0.572955455,0.798280688,NA,NA,NA,NA
"365","tg_rliver_repeat_chlormezanone_t5_c1","chlormezanone",1,50,"mg/kg",5,"repeat",4,"day",-0.145,0.904379378,0.270214209,0.940820787,-0.315,0.803850991,0.046936499,0.931308451,NA,NA,NA,NA
"366","tg_rliver_repeat_chlormezanone_t5_c2","chlormezanone",2,150,"mg/kg",5,"repeat",4,"day",-0.295,0.815072332,0.000769861,0.194911117,-0.349,0.785128119,0.062912343,0.612963897,"no","yes","no","no"
"367","tg_rliver_repeat_chlormezanone_t5_c3","chlormezanone",3,500,"mg/kg",5,"repeat",4,"day",-0.161,0.894404902,0.032475987,0.178205947,-0.561,0.677832163,0.003227355,0.048721525,NA,NA,NA,NA
"368","tg_rliver_repeat_chlormezanone_t6_c1","chlormezanone",1,50,"mg/kg",6,"repeat",8,"day",0.029,1.020304659,0.884496161,0.99971738,-0.153,0.899378312,0.106647512,0.99971738,"no","yes","no","no"
"369","tg_rliver_repeat_chlormezanone_t6_c2","chlormezanone",2,150,"mg/kg",6,"repeat",8,"day",-0.056,0.961927455,0.625449713,0.888384376,-0.089,0.940174203,0.550173914,0.853688565,NA,NA,NA,NA
"370","tg_rliver_repeat_chlormezanone_t6_c3","chlormezanone",3,500,"mg/kg",6,"repeat",8,"day",-0.292,0.816768991,0.004656001,0.11014262,-0.243,0.844986384,0.081023217,0.341372415,NA,NA,NA,NA
"371","tg_rliver_repeat_chlormezanone_t7_c1","chlormezanone",1,50,"mg/kg",7,"repeat",15,"day",-0.046,0.968618189,0.557705154,0.871868176,0.255,1.193335743,0.295544789,0.776540046,NA,NA,NA,NA
"372","tg_rliver_repeat_chlormezanone_t7_c2","chlormezanone",2,150,"mg/kg",7,"repeat",15,"day",-0.093,0.937571096,0.235366476,0.96745165,0.455,1.370782805,0.09500069,0.932840972,NA,NA,NA,NA
"373","tg_rliver_repeat_chlormezanone_t7_c3","chlormezanone",3,500,"mg/kg",7,"repeat",15,"day",-0.328,0.796640096,0.002838525,0.107967273,0.135,1.098092814,0.532834591,0.788311813,NA,NA,NA,NA
"374","tg_rliver_repeat_chlormezanone_t8_c1","chlormezanone",1,50,"mg/kg",8,"repeat",29,"day",0.193,1.143138335,0.020036664,0.230927113,0.19,1.140763716,0.101707019,0.381887794,NA,NA,NA,NA
"375","tg_rliver_repeat_chlormezanone_t8_c2","chlormezanone",2,150,"mg/kg",8,"repeat",29,"day",0.056,1.039579435,0.524701336,0.742026634,-0.171,0.888226796,0.07138354,0.281018548,NA,NA,NA,NA
"376","tg_rliver_repeat_chlormezanone_t8_c3","chlormezanone",3,500,"mg/kg",8,"repeat",29,"day",0.189,1.139973273,0.022511995,0.149017645,0.092,1.065846736,0.350666508,0.58926521,NA,NA,NA,NA
"377","tg_rliver_repeat_chlorpheniramine_t5_c1","chlorpheniramine",1,3,"mg/kg",5,"repeat",4,"day",0.415,1.333298677,0.068669564,0.968760124,0.023,1.016070143,0.855145297,0.995848179,NA,NA,NA,NA
"378","tg_rliver_repeat_chlorpheniramine_t5_c2","chlorpheniramine",2,10,"mg/kg",5,"repeat",4,"day",-0.104,0.930449658,0.51880007,0.99896652,-0.203,0.868742185,0.122858779,0.99896652,NA,NA,NA,NA
"379","tg_rliver_repeat_chlorpheniramine_t5_c3","chlorpheniramine",3,30,"mg/kg",5,"repeat",4,"day",-0.06,0.959264119,0.675947158,0.954270283,-0.252,0.839731493,0.018271691,0.664345437,NA,NA,NA,NA
"380","tg_rliver_repeat_chlorpheniramine_t6_c1","chlorpheniramine",1,3,"mg/kg",6,"repeat",8,"day",-0.115,0.923382311,0.301092217,0.803101591,-0.241,0.846158597,0.124171425,0.707650157,NA,NA,NA,NA
"381","tg_rliver_repeat_chlorpheniramine_t6_c2","chlorpheniramine",2,10,"mg/kg",6,"repeat",8,"day",-0.279,0.824162085,0.006277548,0.821160904,0.015,1.010451446,0.921322714,0.992201933,NA,NA,NA,NA
"382","tg_rliver_repeat_chlorpheniramine_t6_c3","chlorpheniramine",3,30,"mg/kg",6,"repeat",8,"day",-0.213,0.862741345,0.020776484,0.250214231,-0.11,0.926588062,0.551432533,0.773626753,NA,NA,NA,NA
"383","tg_rliver_repeat_chlorpheniramine_t7_c1","chlorpheniramine",1,3,"mg/kg",7,"repeat",15,"day",-0.291,0.817335328,0.01876124,0.938709263,-0.084,0.943438251,0.648830468,0.958579993,NA,NA,NA,NA
"384","tg_rliver_repeat_chlorpheniramine_t7_c2","chlorpheniramine",2,10,"mg/kg",7,"repeat",15,"day",-0.081,0.945402117,0.572967557,0.961074528,-0.107,0.928516852,0.443818156,0.952206555,NA,NA,NA,NA
"385","tg_rliver_repeat_chlorpheniramine_t7_c3","chlorpheniramine",3,30,"mg/kg",7,"repeat",15,"day",-0.437,0.738669032,0.001809951,0.661387923,-0.367,0.775393206,0.021352001,0.85908291,NA,NA,NA,NA
"386","tg_rliver_repeat_chlorpheniramine_t8_c1","chlorpheniramine",1,3,"mg/kg",8,"repeat",29,"day",-0.17,0.888842681,0.367859434,0.849331025,0.001,1.000693387,0.994838235,0.998710176,NA,NA,NA,NA
"387","tg_rliver_repeat_chlorpheniramine_t8_c2","chlorpheniramine",2,10,"mg/kg",8,"repeat",29,"day",-0.162,0.893785162,0.335597511,0.944760764,-0.11,0.926588062,0.575809145,0.965463116,NA,NA,NA,NA
"388","tg_rliver_repeat_chlorpheniramine_t8_c3","chlorpheniramine",3,30,"mg/kg",8,"repeat",29,"day",0.071,1.050444544,0.674836965,0.950890726,-0.12,0.920187651,0.640426855,0.942014969,NA,NA,NA,NA
"389","tg_rliver_repeat_chlorpromazine_t5_c1","chlorpromazine",1,5,"mg/kg",5,"repeat",4,"day",0.203,1.151089491,0.103230013,0.999579574,-0.153,0.899378312,0.050238137,0.999579574,NA,NA,NA,NA
"390","tg_rliver_repeat_chlorpromazine_t5_c2","chlorpromazine",2,15,"mg/kg",5,"repeat",4,"day",0.123,1.088997015,0.27912479,0.816853646,0.104,1.074749173,0.275635414,0.814525585,NA,NA,NA,NA
"391","tg_rliver_repeat_chlorpromazine_t5_c3","chlorpromazine",3,45,"mg/kg",5,"repeat",4,"day",0.313,1.242288282,0.077668658,0.495396449,-0.13,0.91383145,0.076375783,0.495216452,NA,NA,NA,NA
"392","tg_rliver_repeat_chlorpromazine_t6_c1","chlorpromazine",1,5,"mg/kg",6,"repeat",8,"day",0.124,1.089752112,0.189442531,0.932628101,-0.537,0.689202576,0.09204835,0.927747014,NA,NA,NA,NA
"393","tg_rliver_repeat_chlorpromazine_t6_c2","chlorpromazine",2,15,"mg/kg",6,"repeat",8,"day",-0.025,0.982820599,0.752706477,0.928811083,-0.6,0.659753955,0.087326015,0.538645725,NA,NA,NA,NA
"394","tg_rliver_repeat_chlorpromazine_t6_c3","chlorpromazine",3,45,"mg/kg",6,"repeat",8,"day",-0.163,0.893165852,0.221559333,0.848986509,-0.564,0.676424116,0.077305761,0.76138134,NA,NA,NA,NA
"395","tg_rliver_repeat_chlorpromazine_t7_c1","chlorpromazine",1,5,"mg/kg",7,"repeat",15,"day",-0.077,0.948026965,0.472598653,0.919851069,-0.297,0.813943185,0.055633956,0.766629327,NA,NA,NA,NA
"396","tg_rliver_repeat_chlorpromazine_t7_c2","chlorpromazine",2,15,"mg/kg",7,"repeat",15,"day",0.057,1.040300267,0.588524429,0.93326671,-0.167,0.890692901,0.330091606,0.858595564,NA,NA,NA,NA
"397","tg_rliver_repeat_chlorpromazine_t7_c3","chlorpromazine",3,45,"mg/kg",7,"repeat",15,"day",-0.064,0.956608158,0.519596703,0.857928718,-0.333,0.793883931,0.030299419,0.500507935,NA,NA,NA,NA
"398","tg_rliver_repeat_chlorpromazine_t8_c1","chlorpromazine",1,5,"mg/kg",8,"repeat",29,"day",0.173,1.127400412,0.327654327,0.999657982,0.047,1.033114388,0.750012091,0.999657982,NA,NA,NA,NA
"399","tg_rliver_repeat_chlorpromazine_t8_c2","chlorpromazine",2,15,"mg/kg",8,"repeat",29,"day",-0.021,0.985549337,0.850759608,0.991220669,-0.252,0.839731493,0.072400298,0.9554105,NA,NA,NA,NA
"400","tg_rliver_repeat_chlorpromazine_t8_c3","chlorpromazine",3,45,"mg/kg",8,"repeat",29,"day",0.001,1.000693387,0.996283617,0.999535405,0.138,1.100378609,0.220915022,0.71721654,NA,NA,NA,NA
"401","tg_rliver_repeat_chlorpropamide_t5_c1","chlorpropamide",1,30,"mg/kg",5,"repeat",4,"day",-0.174,0.886381699,0.137205715,0.993307084,0.078,1.055553718,0.33624026,0.993307084,NA,NA,NA,NA
"402","tg_rliver_repeat_chlorpropamide_t5_c2","chlorpropamide",2,100,"mg/kg",5,"repeat",4,"day",-0.094,0.936921447,0.441813492,0.948526628,0.024,1.016774673,0.869027904,0.989649228,NA,NA,NA,NA
"403","tg_rliver_repeat_chlorpropamide_t5_c3","chlorpropamide",3,300,"mg/kg",5,"repeat",4,"day",-0.372,0.77271055,0.056283072,0.411462918,-0.281,0.823020345,0.023287888,0.299072286,NA,NA,NA,NA
"404","tg_rliver_repeat_chlorpropamide_t6_c1","chlorpropamide",1,30,"mg/kg",6,"repeat",8,"day",0.045,1.031683179,0.706720118,0.996733537,0.115,1.082975046,0.540155215,0.996733537,NA,NA,NA,NA
"405","tg_rliver_repeat_chlorpropamide_t6_c2","chlorpropamide",2,100,"mg/kg",6,"repeat",8,"day",0.653,1.572434584,0.220182854,0.801470189,-0.138,0.908778116,0.445990453,0.883421246,NA,NA,NA,NA
"406","tg_rliver_repeat_chlorpropamide_t6_c3","chlorpropamide",3,300,"mg/kg",6,"repeat",8,"day",0.156,1.114193651,0.207586213,0.595978863,-0.331,0.794985251,0.048919444,0.402624648,NA,NA,NA,NA
"407","tg_rliver_repeat_chlorpropamide_t7_c1","chlorpropamide",1,30,"mg/kg",7,"repeat",15,"day",0.207,1.154285418,0.09154245,0.871874575,0.072,1.051172909,0.457472598,0.958877602,NA,NA,NA,NA
"408","tg_rliver_repeat_chlorpropamide_t7_c2","chlorpropamide",2,100,"mg/kg",7,"repeat",15,"day",-0.081,0.945402117,0.424576254,0.89238103,-0.023,0.984184022,0.745311002,0.957463774,NA,NA,NA,NA
"409","tg_rliver_repeat_chlorpropamide_t7_c3","chlorpropamide",3,300,"mg/kg",7,"repeat",15,"day",-0.024,0.983502074,0.885697204,0.959666006,-0.272,0.828170661,0.018434426,0.222201805,NA,NA,NA,NA
"410","tg_rliver_repeat_chlorpropamide_t8_c1","chlorpropamide",1,30,"mg/kg",8,"repeat",29,"day",0.226,1.169587664,0.155593782,0.99981663,0.167,1.122721422,0.243114629,0.99981663,NA,NA,NA,NA
"411","tg_rliver_repeat_chlorpropamide_t8_c2","chlorpropamide",2,100,"mg/kg",8,"repeat",29,"day",0.006,1.004167543,0.954972177,0.999959039,-0.063,0.957271458,0.575336361,0.999959039,NA,NA,NA,NA
"412","tg_rliver_repeat_chlorpropamide_t8_c3","chlorpropamide",3,300,"mg/kg",8,"repeat",29,"day",0.08,1.057018041,0.533726271,0.879856384,-0.024,0.983502074,0.791728944,0.961605597,NA,NA,NA,NA
"413","tg_rliver_repeat_cimetidine_t5_c1","cimetidine",1,100,"mg/kg",5,"repeat",4,"day",0.191,1.141554707,0.042496528,0.69174017,0.01,1.00695555,0.958278253,0.997337092,NA,NA,NA,NA
"414","tg_rliver_repeat_cimetidine_t5_c2","cimetidine",2,300,"mg/kg",5,"repeat",4,"day",0.208,1.155085785,0.236390987,0.846462479,-0.066,0.955282936,0.642732439,0.942665438,NA,NA,NA,NA
"415","tg_rliver_repeat_cimetidine_t5_c3","cimetidine",3,1000,"mg/kg",5,"repeat",4,"day",0.196,1.145517898,0.02278893,0.511237851,0.05,1.035264924,0.743539916,0.933805258,NA,NA,NA,NA
"416","tg_rliver_repeat_cimetidine_t6_c1","cimetidine",1,100,"mg/kg",6,"repeat",8,"day",0.095,1.068065408,0.233607146,0.975664594,0.362,1.285206337,0.071709914,0.975664594,NA,NA,NA,NA
"417","tg_rliver_repeat_cimetidine_t6_c2","cimetidine",2,300,"mg/kg",6,"repeat",8,"day",0.07,1.049716684,0.385989218,0.944715738,0.189,1.139973273,0.101564612,0.920754169,NA,NA,NA,NA
"418","tg_rliver_repeat_cimetidine_t6_c3","cimetidine",3,1000,"mg/kg",6,"repeat",8,"day",-0.028,0.980779004,0.770232038,0.957479885,0.26,1.197478705,0.09102604,0.693007121,NA,NA,NA,NA
"419","tg_rliver_repeat_cimetidine_t7_c1","cimetidine",1,100,"mg/kg",7,"repeat",15,"day",0.263,1.199971382,0.017548842,0.999881542,0.053,1.037419937,0.763896551,0.999881542,NA,NA,NA,NA
"420","tg_rliver_repeat_cimetidine_t7_c2","cimetidine",2,300,"mg/kg",7,"repeat",15,"day",0.198,1.147107024,0.060428371,0.904016396,0.232,1.174461971,0.069189958,0.904016396,NA,NA,NA,NA
"421","tg_rliver_repeat_cimetidine_t7_c3","cimetidine",3,1000,"mg/kg",7,"repeat",15,"day",0.208,1.155085785,0.045324172,0.905071223,0.23,1.172834949,0.107848117,0.905071223,NA,NA,NA,NA
"422","tg_rliver_repeat_cimetidine_t8_c1","cimetidine",1,100,"mg/kg",8,"repeat",29,"day",-0.144,0.905006463,0.346937538,0.999156674,0.117,1.084477409,0.506852886,0.999156674,NA,NA,NA,NA
"423","tg_rliver_repeat_cimetidine_t8_c2","cimetidine",2,300,"mg/kg",8,"repeat",29,"day",-0.161,0.894404902,0.235430931,0.844910757,0.162,1.118837101,0.525308478,0.919572052,NA,NA,NA,NA
"424","tg_rliver_repeat_cimetidine_t8_c3","cimetidine",3,1000,"mg/kg",8,"repeat",29,"day",-0.097,0.934975198,0.533227572,0.964396552,0.09,1.064370182,0.477071275,0.957745335,NA,NA,NA,NA
"425","tg_rliver_repeat_ciprofloxacin_t5_c1","ciprofloxacin",1,100,"mg/kg",5,"repeat",4,"day",-0.218,0.859756486,0.180342674,0.866303011,-0.025,0.982820599,0.813558721,0.981195751,NA,NA,NA,NA
"426","tg_rliver_repeat_ciprofloxacin_t5_c2","ciprofloxacin",2,300,"mg/kg",5,"repeat",4,"day",-0.074,0.950000383,0.710024871,0.954297887,0.182,1.134455485,0.097402802,0.666005368,NA,NA,NA,NA
"427","tg_rliver_repeat_ciprofloxacin_t5_c3","ciprofloxacin",3,1000,"mg/kg",5,"repeat",4,"day",0.002,1.001387256,0.993643144,0.99736519,0.122,1.088242442,0.485823538,0.779236488,NA,NA,NA,NA
"428","tg_rliver_repeat_ciprofloxacin_t6_c1","ciprofloxacin",1,100,"mg/kg",6,"repeat",8,"day",0.052,1.036701101,0.493871554,0.915691241,0.028,1.019597683,0.783612277,0.971043342,NA,NA,NA,NA
"429","tg_rliver_repeat_ciprofloxacin_t6_c2","ciprofloxacin",2,300,"mg/kg",6,"repeat",8,"day",0.026,1.0181852,0.702267632,0.892257603,0.114,1.082224645,0.331344152,0.696211173,NA,NA,NA,NA
"430","tg_rliver_repeat_ciprofloxacin_t6_c3","ciprofloxacin",3,1000,"mg/kg",6,"repeat",8,"day",-0.008,0.994470169,0.964505727,0.993899744,0.226,1.169587664,0.091077733,0.785200248,"no","yes","no","no"
"431","tg_rliver_repeat_ciprofloxacin_t7_c1","ciprofloxacin",1,100,"mg/kg",7,"repeat",15,"day",0.097,1.069547088,0.378999336,0.88886012,0.15,1.109569472,0.217138781,0.808997176,NA,NA,NA,NA
"432","tg_rliver_repeat_ciprofloxacin_t7_c2","ciprofloxacin",2,300,"mg/kg",7,"repeat",15,"day",0.113,1.081474763,0.263539239,0.744859179,0.008,1.00556058,0.944594656,0.991120818,NA,NA,NA,NA
"433","tg_rliver_repeat_ciprofloxacin_t7_c3","ciprofloxacin",3,1000,"mg/kg",7,"repeat",15,"day",0.114,1.082224645,0.229938211,0.713273375,0.256,1.194163187,0.076494217,0.562887033,NA,NA,NA,NA
"434","tg_rliver_repeat_ciprofloxacin_t8_c1","ciprofloxacin",1,100,"mg/kg",8,"repeat",29,"day",-0.062,0.957935218,0.583354805,0.901860186,0.291,1.223488041,0.035426537,0.597958778,NA,NA,NA,NA
"435","tg_rliver_repeat_ciprofloxacin_t8_c2","ciprofloxacin",2,300,"mg/kg",8,"repeat",29,"day",-0.014,0.990342872,0.893530069,0.981341185,0.154,1.112650121,0.282517386,0.801856307,NA,NA,NA,NA
"436","tg_rliver_repeat_ciprofloxacin_t8_c3","ciprofloxacin",3,1000,"mg/kg",8,"repeat",29,"day",-0.042,0.971307496,0.675908334,0.932584839,0.177,1.130530567,0.079088726,0.537945768,NA,NA,NA,NA
"437","tg_rliver_repeat_cisplatin_t5_c1","cisplatin",1,0.1,"mg/kg",5,"repeat",4,"day",0.083,1.059218335,0.509877487,0.999792156,-0.141,0.906890329,0.44863105,0.999792156,NA,NA,NA,NA
"438","tg_rliver_repeat_cisplatin_t5_c2","cisplatin",2,0.3,"mg/kg",5,"repeat",4,"day",-0.099,0.933679945,0.575247344,0.999618734,-0.323,0.79940583,0.068143987,0.999618734,NA,NA,NA,NA
"439","tg_rliver_repeat_cisplatin_t5_c3","cisplatin",3,1,"mg/kg",5,"repeat",4,"day",-0.205,0.867538687,0.062330593,0.770694252,-0.382,0.767373048,0.04146388,0.732240243,NA,NA,NA,NA
"440","tg_rliver_repeat_cisplatin_t6_c1","cisplatin",1,0.1,"mg/kg",6,"repeat",8,"day",0.05,1.035264924,0.622869827,0.994488253,-0.353,0.782954296,0.097586009,0.981071509,NA,NA,NA,NA
"441","tg_rliver_repeat_cisplatin_t6_c2","cisplatin",2,0.3,"mg/kg",6,"repeat",8,"day",0.125,1.090507733,0.289548119,0.820778605,-0.353,0.782954296,0.123536613,0.71903056,NA,NA,NA,NA
"442","tg_rliver_repeat_cisplatin_t6_c3","cisplatin",3,1,"mg/kg",6,"repeat",8,"day",-0.164,0.892546971,0.200960339,0.703143238,-0.496,0.709070018,0.110734171,0.580106462,NA,NA,NA,NA
"443","tg_rliver_repeat_cisplatin_t7_c1","cisplatin",1,0.1,"mg/kg",7,"repeat",15,"day",0.172,1.126619228,0.088252997,0.456888082,-0.033,0.977385766,0.74694325,0.901039498,NA,NA,NA,NA
"444","tg_rliver_repeat_cisplatin_t7_c2","cisplatin",2,0.3,"mg/kg",7,"repeat",15,"day",0.11,1.079228237,0.355915271,0.75339009,-0.034,0.976708529,0.737683248,0.919816,NA,NA,NA,NA
"445","tg_rliver_repeat_cisplatin_t7_c3","cisplatin",3,1,"mg/kg",7,"repeat",15,"day",0.001,1.000693387,0.993285342,0.997028181,-0.52,0.697371833,0.001707903,0.045878761,NA,NA,NA,NA
"446","tg_rliver_repeat_cisplatin_t8_c1","cisplatin",1,0.1,"mg/kg",8,"repeat",29,"day",-0.073,0.950659101,0.478710594,0.898282858,0.031,1.021720083,0.779348224,0.968641349,NA,NA,NA,NA
"447","tg_rliver_repeat_cisplatin_t8_c2","cisplatin",2,0.3,"mg/kg",8,"repeat",29,"day",-0.054,0.963261894,0.628414413,0.828900999,-0.143,0.905633983,0.457447922,0.717155642,NA,NA,NA,NA
"448","tg_rliver_repeat_cisplatin_t8_c3","cisplatin",3,1,"mg/kg",8,"repeat",29,"day",0.474,1.388955136,0.014885499,0.067893465,-0.66,0.632878297,0.009007372,0.049822132,NA,NA,NA,NA
"449","tg_rliver_repeat_clofibrate_t5_c1","clofibrate",1,30,"mg/kg",5,"repeat",4,"day",-0.046,0.968618189,0.664127703,0.952836544,-0.18,0.882702996,0.099473802,0.825208922,NA,NA,NA,NA
"450","tg_rliver_repeat_clofibrate_t5_c2","clofibrate",2,100,"mg/kg",5,"repeat",4,"day",-0.158,0.8962667,0.180299269,0.546982366,0.207,1.154285418,0.282881024,0.640504018,NA,NA,NA,NA
"451","tg_rliver_repeat_clofibrate_t5_c3","clofibrate",3,300,"mg/kg",5,"repeat",4,"day",-0.354,0.782411782,0.035999643,0.224639065,-0.269,0.829894586,0.03981849,0.236400016,NA,NA,NA,NA
"452","tg_rliver_repeat_clofibrate_t6_c1","clofibrate",1,30,"mg/kg",6,"repeat",8,"day",-0.084,0.943438251,0.301244249,0.994969379,0.505,1.419123356,0.048130809,0.994969379,NA,NA,NA,NA
"453","tg_rliver_repeat_clofibrate_t6_c2","clofibrate",2,100,"mg/kg",6,"repeat",8,"day",-0.132,0.912565489,0.111588223,0.548077609,0.821,1.766630103,2.33173e-05,0.017100188,NA,NA,NA,NA
"454","tg_rliver_repeat_clofibrate_t6_c3","clofibrate",3,300,"mg/kg",6,"repeat",8,"day",-0.269,0.829894586,0.00975002,0.101059397,-0.125,0.917004043,0.347975802,0.655760728,"no","yes","no","no"
"455","tg_rliver_repeat_clofibrate_t7_c1","clofibrate",1,30,"mg/kg",7,"repeat",15,"day",-0.041,0.971980988,0.598426155,0.954058174,-0.294,0.815637493,0.164840178,0.796975376,NA,NA,NA,NA
"456","tg_rliver_repeat_clofibrate_t7_c2","clofibrate",2,100,"mg/kg",7,"repeat",15,"day",-0.088,0.940826108,0.232518285,0.7148368,-0.052,0.964598185,0.798070935,0.957186717,NA,NA,NA,NA
"457","tg_rliver_repeat_clofibrate_t7_c3","clofibrate",3,300,"mg/kg",7,"repeat",15,"day",-0.022,0.984866443,0.824252885,0.941307623,-0.559,0.67877249,0.008997027,0.102397623,NA,NA,NA,NA
"458","tg_rliver_repeat_clofibrate_t8_c1","clofibrate",1,30,"mg/kg",8,"repeat",29,"day",0.133,1.096571589,0.268698516,0.996603974,0.255,1.193335743,0.28971445,0.996603974,NA,NA,NA,NA
"459","tg_rliver_repeat_clofibrate_t8_c2","clofibrate",2,100,"mg/kg",8,"repeat",29,"day",0.093,1.066585781,0.369927857,0.85016902,-0.074,0.950000383,0.443408923,0.882053359,NA,NA,NA,NA
"460","tg_rliver_repeat_clofibrate_t8_c3","clofibrate",3,300,"mg/kg",8,"repeat",29,"day",-0.051,0.965267025,0.68489402,0.807728588,-0.069,0.953298545,0.484288828,0.66164139,NA,NA,NA,NA
"461","tg_rliver_repeat_clomipramine_t5_c1","clomipramine",1,10,"mg/kg",5,"repeat",4,"day",0.021,1.014662547,0.840999069,0.95075699,-0.271,0.828744904,0.102510772,0.525826432,NA,NA,NA,NA
"462","tg_rliver_repeat_clomipramine_t5_c2","clomipramine",2,30,"mg/kg",5,"repeat",4,"day",-0.019,0.986916546,0.926615488,0.999467548,-0.212,0.863339559,0.137327037,0.999467548,NA,NA,NA,NA
"463","tg_rliver_repeat_clomipramine_t5_c3","clomipramine",3,100,"mg/kg",5,"repeat",4,"day",-0.046,0.968618189,0.69647003,0.960706257,-0.287,0.819604608,0.065887303,0.910299566,NA,NA,NA,NA
"464","tg_rliver_repeat_clomipramine_t6_c1","clomipramine",1,10,"mg/kg",6,"repeat",8,"day",-0.132,0.912565489,0.419785955,0.999848764,0.005,1.003471749,0.984828238,0.999848764,NA,NA,NA,NA
"465","tg_rliver_repeat_clomipramine_t6_c2","clomipramine",2,30,"mg/kg",6,"repeat",8,"day",0.021,1.014662547,0.914234542,0.999894125,0.237,1.178539408,0.322139939,0.999894125,NA,NA,NA,NA
"466","tg_rliver_repeat_clomipramine_t6_c3","clomipramine",3,100,"mg/kg",6,"repeat",8,"day",-0.053,0.963929808,0.774911574,0.999863235,-0.195,0.873572896,0.278281828,0.999863235,NA,NA,NA,NA
"467","tg_rliver_repeat_clomipramine_t7_c1","clomipramine",1,10,"mg/kg",7,"repeat",15,"day",-0.051,0.965267025,0.703494369,0.970290029,0.093,1.066585781,0.48690698,0.941926551,NA,NA,NA,NA
"468","tg_rliver_repeat_clomipramine_t7_c2","clomipramine",2,30,"mg/kg",7,"repeat",15,"day",0.086,1.061423209,0.395501105,0.849971409,-0.328,0.796640096,0.025755091,0.648056638,NA,NA,NA,NA
"469","tg_rliver_repeat_clomipramine_t7_c3","clomipramine",3,100,"mg/kg",7,"repeat",15,"day",-0.093,0.937571096,0.427064057,0.999930425,-0.117,0.922103118,0.326795751,0.999930425,NA,NA,NA,NA
"470","tg_rliver_repeat_clomipramine_t8_c1","clomipramine",1,10,"mg/kg",8,"repeat",29,"day",-0.035,0.976031761,0.883225065,0.989861899,-0.046,0.968618189,0.790996289,0.983281436,NA,NA,NA,NA
"471","tg_rliver_repeat_clomipramine_t8_c2","clomipramine",2,30,"mg/kg",8,"repeat",29,"day",-0.152,0.90000193,0.508456095,0.999893889,-0.163,0.893165852,0.306511958,0.999893889,NA,NA,NA,NA
"472","tg_rliver_repeat_clomipramine_t8_c3","clomipramine",3,100,"mg/kg",8,"repeat",29,"day",0.136,1.098854218,0.556154284,0.999442186,-0.185,0.879649076,0.348360279,0.999442186,"yes","no","no","no"
"473","tg_rliver_repeat_colchicine_t5_c1","colchicine",1,1,"mg/kg",5,"repeat",4,"day",-0.572,0.672683604,0.026677466,0.967748944,-0.049,0.966606097,0.820754663,0.993968762,NA,NA,NA,NA
"474","tg_rliver_repeat_colchicine_t5_c2","colchicine",2,2,"mg/kg",5,"repeat",4,"day",-0.146,0.903752727,0.605621655,0.950307673,0.206,1.153485605,0.460414563,0.920804699,NA,NA,NA,NA
"475","tg_rliver_repeat_colchicine_t5_c3","colchicine",3,5,"mg/kg",5,"repeat",4,"day",-0.03,0.979420298,0.91630574,0.966086878,0.252,1.190856849,0.338589367,0.570644527,NA,NA,NA,NA
"476","tg_rliver_repeat_colchicine_t6_c1","colchicine",1,1,"mg/kg",6,"repeat",8,"day",0.049,1.034547582,0.792025628,0.963855931,0.218,1.163120042,0.247542134,0.791680152,"no","yes","no","no"
"477","tg_rliver_repeat_colchicine_t6_c2","colchicine",2,2,"mg/kg",6,"repeat",8,"day",-0.166,0.891310496,0.251091511,0.981077023,0.023,1.016070143,0.891299674,0.996977339,NA,NA,NA,NA
"478","tg_rliver_repeat_colchicine_t6_c3","colchicine",3,5,"mg/kg",6,"repeat",8,"day",-0.411,0.752101876,0.00165446,0.12914514,-0.013,0.991029563,0.944928125,0.985941321,NA,NA,NA,NA
"479","tg_rliver_repeat_colchicine_t7_c1","colchicine",1,1,"mg/kg",7,"repeat",15,"day",-0.483,0.71548826,0.021642007,0.503987722,0.464,1.379360922,0.061267446,0.535977169,NA,NA,NA,NA
"480","tg_rliver_repeat_colchicine_t7_c2","colchicine",2,2,"mg/kg",7,"repeat",15,"day",-0.567,0.675018993,0.006083425,0.459058625,0.301,1.231998073,0.219218701,0.638708927,NA,NA,NA,NA
"481","tg_rliver_repeat_colchicine_t7_c3","colchicine",3,5,"mg/kg",7,"repeat",15,"day",-0.37,0.773782497,0.04740465,0.999416258,-0.09,0.939522749,0.753711054,0.999416258,NA,NA,NA,NA
"482","tg_rliver_repeat_colchicine_t8_c1","colchicine",1,1,"mg/kg",8,"repeat",29,"day",-0.155,0.898132373,0.425684867,0.720454206,-0.303,0.81056512,0.225421649,0.566609891,NA,NA,NA,NA
"483","tg_rliver_repeat_colchicine_t8_c2","colchicine",2,2,"mg/kg",8,"repeat",29,"day",-0.021,0.985549337,0.915119044,0.987702632,-0.239,0.847332435,0.202826193,0.797279487,NA,NA,NA,NA
"484","tg_rliver_repeat_colchicine_t8_c3","colchicine",3,5,"mg/kg",8,"repeat",29,"day",-0.202,0.86934456,0.231006549,0.645308344,-0.351,0.784040454,0.04272621,0.41777895,NA,NA,NA,NA
"485","tg_rliver_repeat_coumarin_t5_c1","coumarin",1,15,"mg/kg",5,"repeat",4,"day",-0.118,0.921464186,0.503113292,0.977929313,-0.15,0.901250463,0.478495909,0.977929313,NA,NA,NA,NA
"486","tg_rliver_repeat_coumarin_t5_c2","coumarin",2,50,"mg/kg",5,"repeat",4,"day",-0.408,0.753667455,0.015865158,0.254390231,-0.433,0.740719899,0.039798058,0.353235085,NA,NA,NA,NA
"487","tg_rliver_repeat_coumarin_t5_c3","coumarin",3,150,"mg/kg",5,"repeat",4,"day",-0.264,0.832775771,0.068854266,0.316743265,0.052,1.036701101,0.767591595,0.918931812,"yes","yes","no","no"
"488","tg_rliver_repeat_coumarin_t6_c1","coumarin",1,15,"mg/kg",6,"repeat",8,"day",-0.173,0.886996305,0.357047792,0.947507539,-0.213,0.862741345,0.420755254,0.955095918,NA,NA,NA,NA
"489","tg_rliver_repeat_coumarin_t6_c2","coumarin",2,50,"mg/kg",6,"repeat",8,"day",-0.361,0.778624691,0.089815684,0.622632708,-0.325,0.798298386,0.212984767,0.742148053,NA,NA,NA,NA
"490","tg_rliver_repeat_coumarin_t6_c3","coumarin",3,150,"mg/kg",6,"repeat",8,"day",-0.353,0.782954296,0.080153315,0.406613433,-0.056,0.961927455,0.817313345,0.947272724,"yes","no","no","no"
"491","tg_rliver_repeat_coumarin_t7_c1","coumarin",1,15,"mg/kg",7,"repeat",15,"day",-0.009,0.993781093,0.94226999,0.99948344,-0.186,0.879039561,0.411912567,0.999447766,NA,NA,NA,NA
"492","tg_rliver_repeat_coumarin_t7_c2","coumarin",2,50,"mg/kg",7,"repeat",15,"day",-0.23,0.852634892,0.076923027,0.660985774,-0.244,0.844400887,0.354922328,0.856071823,NA,NA,NA,NA
"493","tg_rliver_repeat_coumarin_t7_c3","coumarin",3,150,"mg/kg",7,"repeat",15,"day",0.236,1.17772279,0.279170747,0.611575624,0.116,1.083725967,0.623644424,0.843028945,"yes","no","no","no"
"494","tg_rliver_repeat_coumarin_t8_c1","coumarin",1,15,"mg/kg",8,"repeat",29,"day",-0.307,0.808320869,0.368621253,0.993320112,-0.181,0.882091365,0.491778889,0.993914573,NA,NA,NA,NA
"495","tg_rliver_repeat_coumarin_t8_c2","coumarin",2,50,"mg/kg",8,"repeat",29,"day",-0.031,0.97874165,0.918596333,0.992508219,0.449,1.365093718,0.003412309,0.566716053,NA,NA,NA,NA
"496","tg_rliver_repeat_coumarin_t8_c3","coumarin",3,150,"mg/kg",8,"repeat",29,"day",0.079,1.056285625,0.838118589,0.950927808,0.151,1.110338834,0.686529814,0.892512054,"yes","no","no","no"
"497","tg_rliver_repeat_cyclophosphamide_t5_c1","cyclophosphamide",1,2,"mg/kg",5,"repeat",4,"day",-0.002,0.998614666,0.991470371,0.99885389,-0.005,0.996540263,0.976247814,0.995415537,NA,NA,NA,NA
"498","tg_rliver_repeat_cyclophosphamide_t5_c2","cyclophosphamide",2,5,"mg/kg",5,"repeat",4,"day",-0.148,0.902500727,0.360105475,0.555794162,-0.011,0.992404375,0.935949341,0.965109015,NA,NA,NA,NA
"499","tg_rliver_repeat_cyclophosphamide_t5_c3","cyclophosphamide",3,15,"mg/kg",5,"repeat",4,"day",-0.207,0.866336856,0.250418256,0.465927091,-0.273,0.827596816,0.006484103,0.080727031,NA,NA,NA,NA
"500","tg_rliver_repeat_cyclophosphamide_t6_c1","cyclophosphamide",1,2,"mg/kg",6,"repeat",8,"day",0.005,1.003471749,0.971157976,0.997342439,-0.093,0.937571096,0.373826525,0.906999618,NA,NA,NA,NA
"501","tg_rliver_repeat_cyclophosphamide_t6_c2","cyclophosphamide",2,5,"mg/kg",6,"repeat",8,"day",0.175,1.128964405,0.130819826,0.711005343,0.081,1.057750964,0.396857617,0.854604815,NA,NA,NA,NA
"502","tg_rliver_repeat_cyclophosphamide_t6_c3","cyclophosphamide",3,15,"mg/kg",6,"repeat",8,"day",-0.001,0.999307093,0.99422536,0.998828438,-0.316,0.803293997,0.012074809,0.27627576,NA,NA,NA,NA
"503","tg_rliver_repeat_cyclophosphamide_t7_c1","cyclophosphamide",1,2,"mg/kg",7,"repeat",15,"day",-0.063,0.957271458,0.350305538,0.927042976,-0.129,0.914465089,0.179405103,0.877341341,NA,NA,NA,NA
"504","tg_rliver_repeat_cyclophosphamide_t7_c2","cyclophosphamide",2,5,"mg/kg",7,"repeat",15,"day",-0.076,0.948684315,0.336478056,0.871650984,-0.158,0.8962667,0.187601607,0.810759222,NA,NA,NA,NA
"505","tg_rliver_repeat_cyclophosphamide_t7_c3","cyclophosphamide",3,15,"mg/kg",7,"repeat",15,"day",-0.086,0.942131274,0.254525746,0.573877305,-0.306,0.808881348,0.012807275,0.175724441,NA,NA,NA,NA
"506","tg_rliver_repeat_cyclophosphamide_t8_c1","cyclophosphamide",1,2,"mg/kg",8,"repeat",29,"day",-0.197,0.872362706,0.021748475,0.908474588,-0.09,0.939522749,0.377793538,0.945443504,NA,NA,NA,NA
"507","tg_rliver_repeat_cyclophosphamide_t8_c2","cyclophosphamide",2,5,"mg/kg",8,"repeat",29,"day",-0.151,0.90062598,0.055471352,0.657338434,0.04,1.028113827,0.759955515,0.968200664,NA,NA,NA,NA
"508","tg_rliver_repeat_cyclophosphamide_t8_c3","cyclophosphamide",3,15,"mg/kg",8,"repeat",29,"day",0.1,1.071773463,0.331612244,0.652731319,-0.232,0.851453708,0.043596216,0.29058757,"no","yes","no","no"
"509","tg_rliver_repeat_cyclosporinea_t5_c1","cyclosporine a",1,10,"mg/kg",5,"repeat",4,"day",-0.019,0.986916546,0.844295632,0.965350709,-0.279,0.824162085,0.132026869,0.631016383,NA,NA,NA,NA
"510","tg_rliver_repeat_cyclosporinea_t5_c2","cyclosporine a",2,30,"mg/kg",5,"repeat",4,"day",-0.123,0.918276162,0.337049356,0.908536378,-0.257,0.836826243,0.211521105,0.883962653,NA,NA,NA,NA
"511","tg_rliver_repeat_cyclosporinea_t5_c3","cyclosporine a",3,100,"mg/kg",5,"repeat",4,"day",-0.14,0.907519155,0.272388553,0.625900741,-0.573,0.672217497,0.008478852,0.136916236,NA,NA,NA,NA
"512","tg_rliver_repeat_cyclosporinea_t6_c1","cyclosporine a",1,10,"mg/kg",6,"repeat",8,"day",0.038,1.026689546,0.801033235,0.987326932,0.22,1.164733586,0.200999944,0.916470294,NA,NA,NA,NA
"513","tg_rliver_repeat_cyclosporinea_t6_c2","cyclosporine a",2,30,"mg/kg",6,"repeat",8,"day",-0.088,0.940826108,0.591633654,0.943823166,-0.115,0.923382311,0.54001137,0.937698774,NA,NA,NA,NA
"514","tg_rliver_repeat_cyclosporinea_t6_c3","cyclosporine a",3,100,"mg/kg",6,"repeat",8,"day",0.137,1.099616149,0.482375677,0.899735131,-0.259,0.835666959,0.054969794,0.553969587,NA,NA,NA,NA
"515","tg_rliver_repeat_cyclosporinea_t7_c1","cyclosporine a",1,10,"mg/kg",7,"repeat",15,"day",-0.196,0.872967591,0.091984762,0.828127296,0.132,1.095811766,0.127633287,0.850871634,NA,NA,NA,NA
"516","tg_rliver_repeat_cyclosporinea_t7_c2","cyclosporine a",2,30,"mg/kg",7,"repeat",15,"day",0.041,1.028826708,0.69220013,0.926346198,-0.228,0.853817714,0.043803071,0.408165637,NA,NA,NA,NA
"517","tg_rliver_repeat_cyclosporinea_t7_c3","cyclosporine a",3,100,"mg/kg",7,"repeat",15,"day",-0.042,0.971307496,0.775419854,0.932199095,-0.344,0.787853886,0.01465351,0.209722523,NA,NA,NA,NA
"518","tg_rliver_repeat_cyclosporinea_t8_c1","cyclosporine a",1,10,"mg/kg",8,"repeat",29,"day",0.047,1.033114388,0.567047707,0.95517925,0.019,1.0132569,0.85717198,0.988194125,NA,NA,NA,NA
"519","tg_rliver_repeat_cyclosporinea_t8_c2","cyclosporine a",2,30,"mg/kg",8,"repeat",29,"day",-0.073,0.950659101,0.408431218,0.855833986,-0.189,0.877213549,0.140300941,0.674754573,NA,NA,NA,NA
"520","tg_rliver_repeat_cyclosporinea_t8_c3","cyclosporine a",3,100,"mg/kg",8,"repeat",29,"day",0.028,1.019597683,0.717547809,0.918532804,-0.302,0.811127156,0.007771493,0.187349454,NA,NA,NA,NA
"521","tg_rliver_repeat_danazol_t5_c1","danazol",1,100,"mg/kg",5,"repeat",4,"day",-0.131,0.91319825,0.21150069,0.926145873,-0.405,0.755236293,0.00451514,0.680070216,NA,NA,NA,NA
"522","tg_rliver_repeat_danazol_t5_c2","danazol",2,300,"mg/kg",5,"repeat",4,"day",-0.39,0.763129604,0.004613826,0.296526366,-0.439,0.737645729,0.006741003,0.3229973,NA,NA,NA,NA
"523","tg_rliver_repeat_danazol_t5_c3","danazol",3,1000,"mg/kg",5,"repeat",4,"day",-0.111,0.925946023,0.561649649,0.838990553,-0.303,0.81056512,0.105476852,0.464882665,NA,NA,NA,NA
"524","tg_rliver_repeat_danazol_t6_c1","danazol",1,100,"mg/kg",6,"repeat",8,"day",0.005,1.003471749,0.97615815,0.998873296,-0.23,0.852634892,0.075412805,0.777071098,NA,NA,NA,NA
"525","tg_rliver_repeat_danazol_t6_c2","danazol",2,300,"mg/kg",6,"repeat",8,"day",-0.089,0.940174203,0.395184332,0.852083976,0.093,1.066585781,0.277061321,0.796342066,NA,NA,NA,NA
"526","tg_rliver_repeat_danazol_t6_c3","danazol",3,1000,"mg/kg",6,"repeat",8,"day",-0.043,0.97063447,0.799985167,0.938904168,-0.582,0.668037039,0.000201482,0.084547671,NA,NA,NA,NA
"527","tg_rliver_repeat_danazol_t7_c1","danazol",1,100,"mg/kg",7,"repeat",15,"day",-0.006,0.995849753,0.965401621,0.999404471,-0.215,0.86154616,0.155905266,0.955076861,NA,NA,NA,NA
"528","tg_rliver_repeat_danazol_t7_c2","danazol",2,300,"mg/kg",7,"repeat",15,"day",-0.012,0.991716731,0.937336484,0.990447129,-0.587,0.665725807,0.000693704,0.166760438,NA,NA,NA,NA
"529","tg_rliver_repeat_danazol_t7_c3","danazol",3,1000,"mg/kg",7,"repeat",15,"day",-0.365,0.776468875,0.016496889,0.314814413,-0.492,0.711038705,0.002511962,0.171520957,NA,NA,NA,NA
"530","tg_rliver_repeat_danazol_t8_c1","danazol",1,100,"mg/kg",8,"repeat",29,"day",-0.152,0.90000193,0.163978398,0.802496791,-0.259,0.835666959,0.037947878,0.708417044,NA,NA,NA,NA
"531","tg_rliver_repeat_danazol_t8_c2","danazol",2,300,"mg/kg",8,"repeat",29,"day",-0.039,0.973329374,0.641257706,0.93050926,-0.204,0.868140228,0.059026683,0.525883768,NA,NA,NA,NA
"532","tg_rliver_repeat_danazol_t8_c3","danazol",3,1000,"mg/kg",8,"repeat",29,"day",-0.232,0.851453708,0.025294177,0.288152,-0.287,0.819604608,0.014514403,0.225970601,NA,NA,NA,NA
"533","tg_rliver_repeat_dantrolene_t5_c1","dantrolene",1,25,"mg/kg",5,"repeat",4,"day",-0.182,0.881480158,0.507545377,0.999965342,0.035,1.024556823,0.863836029,0.999965342,NA,NA,NA,NA
"534","tg_rliver_repeat_dantrolene_t5_c2","dantrolene",2,75,"mg/kg",5,"repeat",4,"day",-0.203,0.868742185,0.450967974,0.932255533,-0.266,0.831622098,0.254955367,0.894576036,NA,NA,NA,NA
"535","tg_rliver_repeat_dantrolene_t5_c3","dantrolene",3,250,"mg/kg",5,"repeat",4,"day",-0.383,0.76684133,0.174565584,0.746889878,-0.761,0.590087172,0.005504661,0.306807804,NA,NA,NA,NA
"536","tg_rliver_repeat_dantrolene_t6_c1","dantrolene",1,25,"mg/kg",6,"repeat",8,"day",0.15,1.109569472,0.305852499,0.993898184,-0.022,0.984866443,0.9170288,0.996776132,NA,NA,NA,NA
"537","tg_rliver_repeat_dantrolene_t6_c2","dantrolene",2,75,"mg/kg",6,"repeat",8,"day",0.066,1.046810282,0.768461725,0.960335936,0.007,1.00486382,0.978856428,0.995348225,NA,NA,NA,NA
"538","tg_rliver_repeat_dantrolene_t6_c3","dantrolene",3,250,"mg/kg",6,"repeat",8,"day",-0.057,0.961260928,0.673661064,0.910105795,-0.119,0.920825697,0.305151713,0.733986531,NA,NA,NA,NA
"539","tg_rliver_repeat_dantrolene_t7_c1","dantrolene",1,25,"mg/kg",7,"repeat",15,"day",0.319,1.247465572,0.049161261,0.999993868,0.255,1.193335743,0.150643575,0.999993868,NA,NA,NA,NA
"540","tg_rliver_repeat_dantrolene_t7_c2","dantrolene",2,75,"mg/kg",7,"repeat",15,"day",-0.068,0.953959551,0.648729373,0.931416288,0.173,1.127400412,0.205038811,0.752442317,NA,NA,NA,NA
"541","tg_rliver_repeat_dantrolene_t7_c3","dantrolene",3,250,"mg/kg",7,"repeat",15,"day",-0.147,0.90312651,0.095814507,0.40778233,-0.017,0.988285652,0.915438626,0.970752074,NA,NA,NA,NA
"542","tg_rliver_repeat_dantrolene_t8_c1","dantrolene",1,25,"mg/kg",8,"repeat",29,"day",-0.176,0.885153765,0.459408275,0.95415038,0.019,1.0132569,0.895878085,0.992275182,"no","yes","no","no"
"543","tg_rliver_repeat_dantrolene_t8_c2","dantrolene",2,75,"mg/kg",8,"repeat",29,"day",-0.215,0.86154616,0.347364221,0.789621532,-0.182,0.881480158,0.258527544,0.739183473,NA,NA,NA,NA
"544","tg_rliver_repeat_dantrolene_t8_c3","dantrolene",3,250,"mg/kg",8,"repeat",29,"day",-0.199,0.871154192,0.349241182,0.72484731,0.067,1.047536127,0.596984952,0.86572431,NA,NA,NA,NA
"545","tg_rliver_repeat_desmopressinacetate_t5_c1","desmopressin acetate",1,2,"g/kg",5,"repeat",4,"day",-0.075,0.949342121,0.691098463,0.979192711,0.128,1.092777739,0.377328988,0.949160709,NA,NA,NA,NA
"546","tg_rliver_repeat_desmopressinacetate_t5_c2","desmopressin acetate",2,20,"g/kg",5,"repeat",4,"day",-0.198,0.87175824,0.424324613,0.999522303,-0.009,0.993781093,0.938355761,0.999522303,NA,NA,NA,NA
"547","tg_rliver_repeat_desmopressinacetate_t5_c3","desmopressin acetate",3,200,"g/kg",5,"repeat",4,"day",-0.513,0.700763725,0.022415683,0.849173041,-0.172,0.887611337,0.489071573,0.91277401,NA,NA,NA,NA
"548","tg_rliver_repeat_desmopressinacetate_t6_c1","desmopressin acetate",1,2,"g/kg",6,"repeat",8,"day",0.138,1.100378609,0.497565269,0.952456943,0.173,1.127400412,0.159855734,0.916663938,NA,NA,NA,NA
"549","tg_rliver_repeat_desmopressinacetate_t6_c2","desmopressin acetate",2,20,"g/kg",6,"repeat",8,"day",-0.012,0.991716731,0.954127314,0.999866532,0.242,1.182631,0.037121816,0.999866532,NA,NA,NA,NA
"550","tg_rliver_repeat_desmopressinacetate_t6_c3","desmopressin acetate",3,200,"g/kg",6,"repeat",8,"day",0.279,1.21335356,0.204274548,0.739981376,-0.097,0.934975198,0.336298828,0.811355023,NA,NA,NA,NA
"551","tg_rliver_repeat_desmopressinacetate_t7_c1","desmopressin acetate",1,2,"g/kg",7,"repeat",15,"day",-0.039,0.973329374,0.78079986,0.989257645,-0.093,0.937571096,0.635241404,0.989257645,NA,NA,NA,NA
"552","tg_rliver_repeat_desmopressinacetate_t7_c2","desmopressin acetate",2,20,"g/kg",7,"repeat",15,"day",-0.316,0.803293997,0.2438071,0.90245974,-0.349,0.785128119,0.086524991,0.864080462,NA,NA,NA,NA
"553","tg_rliver_repeat_desmopressinacetate_t7_c3","desmopressin acetate",3,200,"g/kg",7,"repeat",15,"day",-0.521,0.696888619,0.012966926,0.830473019,-0.228,0.853817714,0.23237306,0.905374012,NA,NA,NA,NA
"554","tg_rliver_repeat_desmopressinacetate_t8_c1","desmopressin acetate",1,2,"g/kg",8,"repeat",29,"day",-0.193,0.874784765,0.248735518,0.999888618,0.025,1.017479692,0.894426386,0.999888618,NA,NA,NA,NA
"555","tg_rliver_repeat_desmopressinacetate_t8_c2","desmopressin acetate",2,20,"g/kg",8,"repeat",29,"day",0.168,1.123499903,0.622439891,0.984234844,0.078,1.055553718,0.658647387,0.988211799,NA,NA,NA,NA
"556","tg_rliver_repeat_desmopressinacetate_t8_c3","desmopressin acetate",3,200,"g/kg",8,"repeat",29,"day",-0.288,0.819036698,0.084717777,0.807989536,-0.099,0.933679945,0.56813811,0.950713533,NA,NA,NA,NA
"557","tg_rliver_repeat_diazepam_t5_c1","diazepam",1,25,"mg/kg",5,"repeat",4,"day",-0.242,0.845572287,0.262727156,0.99965453,0.067,1.047536127,0.667033737,0.99965453,NA,NA,NA,NA
"558","tg_rliver_repeat_diazepam_t5_c2","diazepam",2,75,"mg/kg",5,"repeat",4,"day",-0.175,0.885767519,0.407155617,0.999523089,0.033,1.02313747,0.768452932,0.999523089,NA,NA,NA,NA
"559","tg_rliver_repeat_diazepam_t5_c3","diazepam",3,250,"mg/kg",5,"repeat",4,"day",-0.096,0.935623498,0.612607532,0.884292277,-0.212,0.863339559,0.118320025,0.567919817,NA,NA,NA,NA
"560","tg_rliver_repeat_diazepam_t6_c1","diazepam",1,25,"mg/kg",6,"repeat",8,"day",-0.238,0.847919965,0.091879875,0.986024934,-0.151,0.90062598,0.160262731,0.986024934,NA,NA,NA,NA
"561","tg_rliver_repeat_diazepam_t6_c2","diazepam",2,75,"mg/kg",6,"repeat",8,"day",-0.155,0.898132373,0.277400636,0.989477851,-0.063,0.957271458,0.577195576,0.993455776,NA,NA,NA,NA
"562","tg_rliver_repeat_diazepam_t6_c3","diazepam",3,250,"mg/kg",6,"repeat",8,"day",-0.289,0.818469182,0.045396132,0.581763153,-0.131,0.91319825,0.39414634,0.866037412,NA,NA,NA,NA
"563","tg_rliver_repeat_diazepam_t7_c1","diazepam",1,25,"mg/kg",7,"repeat",15,"day",-0.251,0.840313752,0.332963827,0.945835388,-0.166,0.891310496,0.120841611,0.922177143,NA,NA,NA,NA
"564","tg_rliver_repeat_diazepam_t7_c2","diazepam",2,75,"mg/kg",7,"repeat",15,"day",-0.475,0.71946679,0.027201393,0.817668199,0.028,1.019597683,0.768510027,0.981608393,NA,NA,NA,NA
"565","tg_rliver_repeat_diazepam_t7_c3","diazepam",3,250,"mg/kg",7,"repeat",15,"day",-0.482,0.715984371,0.021017324,0.270624043,0.026,1.0181852,0.811145289,0.938955628,NA,NA,NA,NA
"566","tg_rliver_repeat_diazepam_t8_c1","diazepam",1,25,"mg/kg",8,"repeat",29,"day",-0.012,0.991716731,0.92078282,0.991743666,-0.345,0.787307977,0.020296423,0.884965507,NA,NA,NA,NA
"567","tg_rliver_repeat_diazepam_t8_c2","diazepam",2,75,"mg/kg",8,"repeat",29,"day",-0.081,0.945402117,0.504993799,0.945686534,-0.035,0.976031761,0.840455077,0.985336733,NA,NA,NA,NA
"568","tg_rliver_repeat_diazepam_t8_c3","diazepam",3,250,"mg/kg",8,"repeat",29,"day",-0.111,0.925946023,0.378329111,0.755905874,-0.371,0.773246337,0.019150793,0.373368701,NA,NA,NA,NA
"569","tg_rliver_repeat_diclofenac_t5_c1","diclofenac",1,1,"mg/kg",5,"repeat",4,"day",-0.008,0.994470169,0.91446459,0.999614093,-0.113,0.924663278,0.458388238,0.999614093,NA,NA,NA,NA
"570","tg_rliver_repeat_diclofenac_t5_c2","diclofenac",2,3,"mg/kg",5,"repeat",4,"day",-0.01,0.993092495,0.908424704,0.993218274,-0.082,0.944747041,0.681769448,0.986870492,"no","yes","no","no"
"571","tg_rliver_repeat_diclofenac_t5_c3","diclofenac",3,10,"mg/kg",5,"repeat",4,"day",-0.228,0.853817714,0.023878869,0.997098134,-0.043,0.97063447,0.797950186,0.997098134,NA,NA,NA,NA
"572","tg_rliver_repeat_diclofenac_t6_c1","diclofenac",1,1,"mg/kg",6,"repeat",8,"day",-0.091,0.938871747,0.219095401,0.999024702,0.033,1.02313747,0.85575933,0.999024702,"no","yes","no","no"
"573","tg_rliver_repeat_diclofenac_t6_c2","diclofenac",2,3,"mg/kg",6,"repeat",8,"day",0.013,1.009051634,0.866956571,0.99904088,-0.064,0.956608158,0.671574109,0.99904088,"no","yes","no","no"
"574","tg_rliver_repeat_diclofenac_t6_c3","diclofenac",3,10,"mg/kg",6,"repeat",8,"day",-0.085,0.942784536,0.47282585,0.861927977,-0.004,0.997231251,0.990711211,0.997800507,NA,NA,NA,NA
"575","tg_rliver_repeat_diclofenac_t7_c1","diclofenac",1,1,"mg/kg",7,"repeat",15,"day",-0.026,0.982139595,0.812226308,0.999727231,0.379,1.300440147,0.082140783,0.999727231,NA,NA,NA,NA
"576","tg_rliver_repeat_diclofenac_t7_c2","diclofenac",2,3,"mg/kg",7,"repeat",15,"day",0.019,1.0132569,0.86149558,0.995847992,0.554,1.468150636,0.247563387,0.970889742,NA,NA,NA,NA
"577","tg_rliver_repeat_diclofenac_t7_c3","diclofenac",3,10,"mg/kg",7,"repeat",15,"day",0.007,1.00486382,0.957811994,0.996055035,0.226,1.169587664,0.088155051,0.848190657,NA,NA,NA,NA
"578","tg_rliver_repeat_diclofenac_t8_c1","diclofenac",1,1,"mg/kg",8,"repeat",29,"day",-0.024,0.983502074,0.884935298,0.999486736,0.002,1.001387256,0.987959585,0.999486736,NA,NA,NA,NA
"579","tg_rliver_repeat_diclofenac_t8_c2","diclofenac",2,3,"mg/kg",8,"repeat",29,"day",-0.1,0.933032992,0.54947852,0.997645887,0.203,1.151089491,0.297276266,0.995913757,NA,NA,NA,NA
"580","tg_rliver_repeat_diclofenac_t8_c3","diclofenac",3,10,"mg/kg",8,"repeat",29,"day",0.06,1.042465761,0.744078681,0.937109455,0.817,1.761738748,0.159322021,0.670177568,NA,NA,NA,NA
"581","tg_rliver_repeat_diltiazem_t5_c1","diltiazem",1,80,"mg/kg",5,"repeat",4,"day",-0.356,0.78132788,0.050816101,0.788174737,-0.014,0.990342872,0.93634696,0.990523782,NA,NA,NA,NA
"582","tg_rliver_repeat_diltiazem_t5_c2","diltiazem",2,240,"mg/kg",5,"repeat",4,"day",-0.325,0.798298386,0.163801474,0.90145298,-0.027,0.981459064,0.807002124,0.987075807,NA,NA,NA,NA
"583","tg_rliver_repeat_diltiazem_t5_c3","diltiazem",3,800,"mg/kg",5,"repeat",4,"day",-0.517,0.698823486,0.011466892,0.192273982,-0.607,0.656560563,0.018390335,0.229585543,NA,NA,NA,NA
"584","tg_rliver_repeat_diltiazem_t6_c1","diltiazem",1,80,"mg/kg",6,"repeat",8,"day",0.137,1.099616149,0.507876965,0.983985595,-0.026,0.982139595,0.788950839,0.988289252,NA,NA,NA,NA
"585","tg_rliver_repeat_diltiazem_t6_c2","diltiazem",2,240,"mg/kg",6,"repeat",8,"day",-0.082,0.944747041,0.609979953,0.852307662,-0.015,0.989656656,0.919039371,0.972921529,NA,NA,NA,NA
"586","tg_rliver_repeat_diltiazem_t6_c3","diltiazem",3,800,"mg/kg",6,"repeat",8,"day",-0.23,0.852634892,0.168409989,0.676791236,0.129,1.093535457,0.225404592,0.717332666,NA,NA,NA,NA
"587","tg_rliver_repeat_diltiazem_t7_c1","diltiazem",1,80,"mg/kg",7,"repeat",15,"day",-0.144,0.905006463,0.479131554,0.963998151,-0.536,0.689680461,0.003508347,0.904030781,NA,NA,NA,NA
"588","tg_rliver_repeat_diltiazem_t7_c2","diltiazem",2,240,"mg/kg",7,"repeat",15,"day",-0.508,0.7031966,0.006205048,0.652900891,-0.179,0.883315051,0.251640901,0.861158723,NA,NA,NA,NA
"589","tg_rliver_repeat_diltiazem_t7_c3","diltiazem",3,800,"mg/kg",7,"repeat",15,"day",-0.553,0.681601304,0.011129841,0.549651448,-0.865,0.549046407,0.004038286,0.429537945,"no","yes","no","no"
"590","tg_rliver_repeat_diltiazem_t8_c1","diltiazem",1,80,"mg/kg",8,"repeat",29,"day",0.232,1.174461971,0.052191108,0.999967036,-0.034,0.976708529,0.862768862,0.999967036,NA,NA,NA,NA
"591","tg_rliver_repeat_diltiazem_t8_c2","diltiazem",2,240,"mg/kg",8,"repeat",29,"day",0.033,1.02313747,0.728277913,0.998299957,0.048,1.033830736,0.824622571,0.998299957,NA,NA,NA,NA
"592","tg_rliver_repeat_diltiazem_t8_c3","diltiazem",3,800,"mg/kg",8,"repeat",29,"day",-0.128,0.915099168,0.433870246,0.886056343,-0.207,0.866336856,0.18119875,0.756526708,NA,NA,NA,NA
"593","tg_rliver_repeat_disopyramide_t5_c1","disopyramide",1,40,"mg/kg",5,"repeat",4,"day",-0.088,0.940826108,0.74999192,0.902451418,0.025,1.017479692,0.907959203,0.968853011,NA,NA,NA,NA
"594","tg_rliver_repeat_disopyramide_t5_c2","disopyramide",2,120,"mg/kg",5,"repeat",4,"day",-0.392,0.762072415,0.004194182,0.652680266,-0.515,0.699792933,0.010654675,0.652680266,NA,NA,NA,NA
"595","tg_rliver_repeat_disopyramide_t5_c3","disopyramide",3,400,"mg/kg",5,"repeat",4,"day",-0.473,0.720464874,0.002259307,0.131344301,-0.729,0.60332196,0.002546433,0.134401522,NA,NA,NA,NA
"596","tg_rliver_repeat_disopyramide_t6_c1","disopyramide",1,40,"mg/kg",6,"repeat",8,"day",-0.192,0.87539133,0.126381331,0.820696367,-0.301,0.811689581,0.146170921,0.834372315,NA,NA,NA,NA
"597","tg_rliver_repeat_disopyramide_t6_c2","disopyramide",2,120,"mg/kg",6,"repeat",8,"day",-0.031,0.97874165,0.835365642,0.936292218,-0.239,0.847332435,0.236481058,0.572468217,NA,NA,NA,NA
"598","tg_rliver_repeat_disopyramide_t6_c3","disopyramide",3,400,"mg/kg",6,"repeat",8,"day",-0.134,0.911301281,0.30714588,0.693032381,-0.556,0.680185426,0.032511263,0.37206042,NA,NA,NA,NA
"599","tg_rliver_repeat_disopyramide_t7_c1","disopyramide",1,40,"mg/kg",7,"repeat",15,"day",-0.228,0.853817714,0.107116948,0.999836247,0.324,1.251796459,0.190533857,0.999836247,NA,NA,NA,NA
"600","tg_rliver_repeat_disopyramide_t7_c2","disopyramide",2,120,"mg/kg",7,"repeat",15,"day",-0.267,0.831045862,0.131111766,0.999820409,-0.195,0.873572896,0.364193202,0.999820409,NA,NA,NA,NA
"601","tg_rliver_repeat_disopyramide_t7_c3","disopyramide",3,400,"mg/kg",7,"repeat",15,"day",-0.235,0.849684999,0.380175922,0.999704171,-0.023,0.984184022,0.901474135,0.999704171,NA,NA,NA,NA
"602","tg_rliver_repeat_disopyramide_t8_c1","disopyramide",1,40,"mg/kg",8,"repeat",29,"day",-0.272,0.828170661,0.077020887,0.964023105,-0.116,0.922742493,0.570761514,0.973223913,NA,NA,NA,NA
"603","tg_rliver_repeat_disopyramide_t8_c2","disopyramide",2,120,"mg/kg",8,"repeat",29,"day",-0.43,0.742261785,0.00451799,0.289915286,-0.44,0.737134609,0.051592708,0.352052961,NA,NA,NA,NA
"604","tg_rliver_repeat_disopyramide_t8_c3","disopyramide",3,400,"mg/kg",8,"repeat",29,"day",-0.326,0.79774524,0.147572613,0.999837264,-0.573,0.672217497,0.073463278,0.999837264,NA,NA,NA,NA
"605","tg_rliver_repeat_disulfiram_t5_c1","disulfiram",1,60,"mg/kg",5,"repeat",4,"day",0.019,1.0132569,0.907072025,0.982749522,-0.115,0.923382311,0.572504244,0.909898395,NA,NA,NA,NA
"606","tg_rliver_repeat_disulfiram_t5_c2","disulfiram",2,200,"mg/kg",5,"repeat",4,"day",-0.309,0.807201075,0.097691817,0.390599077,-0.634,0.644387315,0.004718582,0.100226709,NA,NA,NA,NA
"607","tg_rliver_repeat_disulfiram_t5_c3","disulfiram",3,600,"mg/kg",5,"repeat",4,"day",-0.61,0.655196702,0.003121871,0.046178504,-0.613,0.653835674,0.008584524,0.08347296,NA,NA,NA,NA
"608","tg_rliver_repeat_disulfiram_t6_c1","disulfiram",1,60,"mg/kg",6,"repeat",8,"day",-0.319,0.801625329,0.111458656,0.501473979,0.31,1.2397077,0.038456301,0.35818857,NA,NA,NA,NA
"609","tg_rliver_repeat_disulfiram_t6_c2","disulfiram",2,200,"mg/kg",6,"repeat",8,"day",0.222,1.16634937,0.451804532,0.779139152,0.3,1.231144413,0.055974902,0.351525821,NA,NA,NA,NA
"610","tg_rliver_repeat_disulfiram_t6_c3","disulfiram",3,600,"mg/kg",6,"repeat",8,"day",-0.238,0.847919965,0.39632417,0.686351105,-0.625,0.648419777,0.077323481,0.30594599,NA,NA,NA,NA
"611","tg_rliver_repeat_disulfiram_t7_c1","disulfiram",1,60,"mg/kg",7,"repeat",15,"day",-0.219,0.859160755,0.04850949,0.611670031,-0.357,0.780786493,0.022640834,0.523397609,NA,NA,NA,NA
"612","tg_rliver_repeat_disulfiram_t7_c2","disulfiram",2,200,"mg/kg",7,"repeat",15,"day",-0.033,0.977385766,0.764114816,0.940397089,-0.398,0.758909626,0.035095248,0.489789459,NA,NA,NA,NA
"613","tg_rliver_repeat_disulfiram_t7_c3","disulfiram",3,600,"mg/kg",7,"repeat",15,"day",0.112,1.080725402,0.728697608,0.892673532,-0.46,0.726986259,0.011900187,0.138498642,NA,NA,NA,NA
"614","tg_rliver_repeat_disulfiram_t8_c1","disulfiram",1,60,"mg/kg",8,"repeat",29,"day",-0.334,0.793333843,0.027191327,0.605848566,0.268,1.204137381,0.245798349,0.809660268,NA,NA,NA,NA
"615","tg_rliver_repeat_disulfiram_t8_c2","disulfiram",2,200,"mg/kg",8,"repeat",29,"day",-0.261,0.834509281,0.093038873,0.434758087,-0.207,0.866336856,0.360199412,0.717340672,NA,NA,NA,NA
"616","tg_rliver_repeat_disulfiram_t8_c3","disulfiram",3,600,"mg/kg",8,"repeat",29,"day",-0.387,0.764718139,0.023353877,0.166707441,-0.368,0.774855931,0.160683205,0.461443478,NA,NA,NA,NA
"617","tg_rliver_repeat_doxorubicin_t5_c1","doxorubicin",1,0.1,"mg/kg",5,"repeat",4,"day",-0.277,0.825305409,0.025563861,0.852947657,0.045,1.031683179,0.79830471,0.989852807,NA,NA,NA,NA
"618","tg_rliver_repeat_doxorubicin_t5_c2","doxorubicin",2,0.3,"mg/kg",5,"repeat",4,"day",-0.044,0.96996191,0.656331103,0.965552659,0.048,1.033830736,0.79549294,0.979929947,NA,NA,NA,NA
"619","tg_rliver_repeat_doxorubicin_t5_c3","doxorubicin",3,1,"mg/kg",5,"repeat",4,"day",-0.364,0.777007269,0.003556526,0.125143,-0.37,0.773782497,0.055687549,0.302302807,NA,NA,NA,NA
"620","tg_rliver_repeat_doxorubicin_t6_c1","doxorubicin",1,0.1,"mg/kg",6,"repeat",8,"day",0.042,1.029540083,0.763946779,0.976944888,-0.18,0.882702996,0.492606315,0.919384966,NA,NA,NA,NA
"621","tg_rliver_repeat_doxorubicin_t6_c2","doxorubicin",2,0.3,"mg/kg",6,"repeat",8,"day",0.067,1.047536127,0.623837822,0.84073158,-0.444,0.735093668,0.049358942,0.275119734,NA,NA,NA,NA
"622","tg_rliver_repeat_doxorubicin_t6_c3","doxorubicin",3,1,"mg/kg",6,"repeat",8,"day",0.033,1.02313747,0.743816478,0.936364223,-0.281,0.823020345,0.396787508,0.805344272,NA,NA,NA,NA
"623","tg_rliver_repeat_doxorubicin_t7_c1","doxorubicin",1,0.1,"mg/kg",7,"repeat",15,"day",0.066,1.046810282,0.574714427,0.964952848,0.012,1.008352455,0.932741209,0.994774299,NA,NA,NA,NA
"624","tg_rliver_repeat_doxorubicin_t7_c2","doxorubicin",2,0.3,"mg/kg",7,"repeat",15,"day",-0.038,0.974004269,0.734993077,0.938610475,-0.058,0.960594864,0.599204478,0.895699057,NA,NA,NA,NA
"625","tg_rliver_repeat_doxorubicin_t7_c3","doxorubicin",3,1,"mg/kg",7,"repeat",15,"day",-0.251,0.840313752,0.065931472,0.386733149,-0.374,0.771640088,0.017526804,0.219030035,NA,NA,NA,NA
"626","tg_rliver_repeat_doxorubicin_t8_c1","doxorubicin",1,0.1,"mg/kg",8,"repeat",29,"day",-0.13,0.91383145,0.236452338,0.858912339,-0.16,0.895025071,0.203297536,0.844322983,NA,NA,NA,NA
"627","tg_rliver_repeat_doxorubicin_t8_c2","doxorubicin",2,0.3,"mg/kg",8,"repeat",29,"day",-0.012,0.991716731,0.87328312,0.980157492,-0.307,0.808320869,0.016543173,0.357383826,NA,NA,NA,NA
"628","tg_rliver_repeat_doxorubicin_t8_c3","doxorubicin",3,1,"mg/kg",8,"repeat",29,"day",0.049,1.034547582,0.577424058,0.799000142,-0.448,0.733058379,0.030257642,0.200004739,NA,NA,NA,NA
"629","tg_rliver_repeat_enalapril_t5_c1","enalapril",1,60,"mg/kg",5,"repeat",4,"day",-0.525,0.69495911,0.092212659,0.999577108,-0.402,0.756808396,0.214288445,0.999577108,"no","yes","no","no"
"630","tg_rliver_repeat_enalapril_t5_c2","enalapril",2,200,"mg/kg",5,"repeat",4,"day",-0.542,0.686818117,0.087747385,0.869552334,-0.507,0.703684188,0.002544774,0.862590944,NA,NA,NA,NA
"631","tg_rliver_repeat_enalapril_t5_c3","enalapril",3,600,"mg/kg",5,"repeat",4,"day",-0.707,0.612592666,0.031967512,0.46290627,-0.654,0.635515845,0.001811487,0.291139504,"no","yes","no","no"
"632","tg_rliver_repeat_enalapril_t6_c1","enalapril",1,60,"mg/kg",6,"repeat",8,"day",0.043,1.030253954,0.883666026,0.991384955,0.163,1.119612889,0.491044226,0.968746869,NA,NA,NA,NA
"633","tg_rliver_repeat_enalapril_t6_c2","enalapril",2,200,"mg/kg",6,"repeat",8,"day",-0.008,0.994470169,0.967418192,0.999734057,-0.458,0.727994774,0.10464541,0.873059245,NA,NA,NA,NA
"634","tg_rliver_repeat_enalapril_t6_c3","enalapril",3,600,"mg/kg",6,"repeat",8,"day",-0.072,0.951318276,0.732490233,0.9523351,-0.355,0.781869643,0.215987214,0.815205647,NA,NA,NA,NA
"635","tg_rliver_repeat_enalapril_t7_c1","enalapril",1,60,"mg/kg",7,"repeat",15,"day",-0.251,0.840313752,0.200215712,0.999787366,-0.409,0.753145233,0.004597383,0.999787366,NA,NA,NA,NA
"636","tg_rliver_repeat_enalapril_t7_c2","enalapril",2,200,"mg/kg",7,"repeat",15,"day",0.09,1.064370182,0.607509348,0.992724511,-0.433,0.740719899,0.01618991,0.888638763,NA,NA,NA,NA
"637","tg_rliver_repeat_enalapril_t7_c3","enalapril",3,600,"mg/kg",7,"repeat",15,"day",-0.029,0.980099415,0.887750404,0.985837336,-0.273,0.827596816,0.182613925,0.77910056,"no","yes","no","no"
"638","tg_rliver_repeat_enalapril_t8_c1","enalapril",1,60,"mg/kg",8,"repeat",29,"day",0.092,1.065846736,0.467739208,0.999442289,0.043,1.030253954,0.637008646,0.999442289,NA,NA,NA,NA
"639","tg_rliver_repeat_enalapril_t8_c2","enalapril",2,200,"mg/kg",8,"repeat",29,"day",0.156,1.114193651,0.282874017,0.993774053,0.006,1.004167543,0.953656837,0.999576898,NA,NA,NA,NA
"640","tg_rliver_repeat_enalapril_t8_c3","enalapril",3,600,"mg/kg",8,"repeat",29,"day",0.297,1.22858698,0.041182573,0.843879381,0.235,1.176906737,0.111460629,0.882438867,NA,NA,NA,NA
"641","tg_rliver_repeat_erythromycinethylsuccinate_t5_c1","erythromycin ethylsuccinate",1,100,"mg/kg",5,"repeat",4,"day",0.198,1.147107024,0.294437657,0.904294663,0.317,1.245737416,0.041372373,0.776185478,NA,NA,NA,NA
"642","tg_rliver_repeat_erythromycinethylsuccinate_t5_c2","erythromycin ethylsuccinate",2,300,"mg/kg",5,"repeat",4,"day",-0.246,0.84323111,0.11053361,0.461477685,-0.039,0.973329374,0.663630425,0.869023375,NA,NA,NA,NA
"643","tg_rliver_repeat_erythromycinethylsuccinate_t5_c3","erythromycin ethylsuccinate",3,1000,"mg/kg",5,"repeat",4,"day",-0.24,0.846745312,0.055786044,0.367528481,-0.221,0.85797053,0.029551725,0.3023302,NA,NA,NA,NA
"644","tg_rliver_repeat_erythromycinethylsuccinate_t6_c1","erythromycin ethylsuccinate",1,100,"mg/kg",6,"repeat",8,"day",-0.22,0.858565436,0.019681074,0.9253769,-0.037,0.974679631,0.6988898,0.968795312,NA,NA,NA,NA
"645","tg_rliver_repeat_erythromycinethylsuccinate_t6_c2","erythromycin ethylsuccinate",2,300,"mg/kg",6,"repeat",8,"day",-0.464,0.724973416,0.000271711,0.267637024,-0.235,0.849684999,0.113762344,0.618944741,NA,NA,NA,NA
"646","tg_rliver_repeat_erythromycinethylsuccinate_t6_c3","erythromycin ethylsuccinate",3,1000,"mg/kg",6,"repeat",8,"day",-0.424,0.745355193,0.00399351,0.38388877,-0.32,0.801069878,0.017093516,0.490084466,NA,NA,NA,NA
"647","tg_rliver_repeat_erythromycinethylsuccinate_t7_c1","erythromycin ethylsuccinate",1,100,"mg/kg",7,"repeat",15,"day",-0.162,0.893785162,0.122938391,0.915153108,-0.074,0.950000383,0.732883371,0.97340548,NA,NA,NA,NA
"648","tg_rliver_repeat_erythromycinethylsuccinate_t7_c2","erythromycin ethylsuccinate",2,300,"mg/kg",7,"repeat",15,"day",-0.277,0.825305409,0.058736615,0.638533532,0.032,1.022428531,0.845601747,0.983602363,NA,NA,NA,NA
"649","tg_rliver_repeat_erythromycinethylsuccinate_t7_c3","erythromycin ethylsuccinate",3,1000,"mg/kg",7,"repeat",15,"day",-0.046,0.968618189,0.691804409,0.937392537,0.035,1.024556823,0.8248985,0.961412044,NA,NA,NA,NA
"650","tg_rliver_repeat_erythromycinethylsuccinate_t8_c1","erythromycin ethylsuccinate",1,100,"mg/kg",8,"repeat",29,"day",0.099,1.071030823,0.322659211,0.916235679,0.077,1.054822317,0.568662302,0.956438553,NA,NA,NA,NA
"651","tg_rliver_repeat_erythromycinethylsuccinate_t8_c2","erythromycin ethylsuccinate",2,300,"mg/kg",8,"repeat",29,"day",0.073,1.051901779,0.564364367,0.863923864,-0.115,0.923382311,0.49238601,0.830920026,NA,NA,NA,NA
"652","tg_rliver_repeat_erythromycinethylsuccinate_t8_c3","erythromycin ethylsuccinate",3,1000,"mg/kg",8,"repeat",29,"day",0.295,1.226884977,0.131075642,0.70582043,-0.171,0.888226796,0.219596401,0.773941357,NA,NA,NA,NA
"653","tg_rliver_repeat_ethambutol_t5_c1","ethambutol",1,100,"mg/kg",5,"repeat",4,"day",-0.398,0.758909626,0.049873681,0.961811815,-0.471,0.721464343,0.030749325,0.961811815,NA,NA,NA,NA
"654","tg_rliver_repeat_ethambutol_t5_c2","ethambutol",2,300,"mg/kg",5,"repeat",4,"day",-0.266,0.831622098,0.061919724,0.637224801,-0.142,0.906261938,0.465946824,0.88940137,NA,NA,NA,NA
"655","tg_rliver_repeat_ethambutol_t5_c3","ethambutol",3,1000,"mg/kg",5,"repeat",4,"day",-0.164,0.892546971,0.403909261,0.731774296,-0.504,0.70514898,0.003013112,0.086881886,NA,NA,NA,NA
"656","tg_rliver_repeat_ethambutol_t6_c1","ethambutol",1,100,"mg/kg",6,"repeat",8,"day",-0.173,0.886996305,0.212834575,0.939053394,-0.383,0.76684133,0.001693035,0.765823934,NA,NA,NA,NA
"657","tg_rliver_repeat_ethambutol_t6_c2","ethambutol",2,300,"mg/kg",6,"repeat",8,"day",-0.026,0.982139595,0.775106553,0.912036372,-0.535,0.690158677,0.001969463,0.058017967,"yes","no","no","no"
"658","tg_rliver_repeat_ethambutol_t6_c3","ethambutol",3,1000,"mg/kg",6,"repeat",8,"day",0.2,1.148698355,0.078259305,0.140397213,-0.82,0.566441943,0.000980643,0.005243391,"yes","no","no","no"
"659","tg_rliver_repeat_ethambutol_t7_c1","ethambutol",1,100,"mg/kg",7,"repeat",15,"day",0.135,1.098092814,0.305974736,0.79293303,0.244,1.184271612,0.080654,0.634604699,NA,NA,NA,NA
"660","tg_rliver_repeat_ethambutol_t7_c2","ethambutol",2,300,"mg/kg",7,"repeat",15,"day",0.079,1.056285625,0.501189039,0.711659728,-0.166,0.891310496,0.401005031,0.633881286,NA,NA,NA,NA
"661","tg_rliver_repeat_ethambutol_t7_c3","ethambutol",3,1000,"mg/kg",7,"repeat",15,"day",0.038,1.026689546,0.730143413,0.841481023,-1.052,0.482299092,0.000247754,0.003144087,"yes","no","no","no"
"662","tg_rliver_repeat_ethambutol_t8_c1","ethambutol",1,100,"mg/kg",8,"repeat",29,"day",0.194,1.143930973,0.171994512,0.672847172,0.096,1.068805991,0.379159951,0.805242766,NA,NA,NA,NA
"663","tg_rliver_repeat_ethambutol_t8_c2","ethambutol",2,300,"mg/kg",8,"repeat",29,"day",0.147,1.107264584,0.266365981,0.54502178,-0.556,0.680185426,0.006434245,0.061830879,"yes","no","no","no"
"664","tg_rliver_repeat_ethambutol_t8_c3","ethambutol",3,1000,"mg/kg",8,"repeat",29,"day",-0.151,0.90062598,0.349763456,0.585102269,-1.111,0.462973011,0.000327328,0.006525016,"yes","no","no","no"
"665","tg_rliver_repeat_ethanol_t5_c1","ethanol",1,400,"mg/kg",5,"repeat",4,"day",0.066,1.046810282,0.421821574,0.916226413,-0.164,0.892546971,0.491354431,0.93367549,"no","yes","no","no"
"666","tg_rliver_repeat_ethanol_t5_c2","ethanol",2,1200,"mg/kg",5,"repeat",4,"day",-0.014,0.990342872,0.905707603,0.979302983,-0.255,0.837987135,0.465755951,0.844799717,NA,NA,NA,NA
"667","tg_rliver_repeat_ethanol_t5_c3","ethanol",3,4000,"mg/kg",5,"repeat",4,"day",-0.314,0.804408371,0.014879398,0.955670641,-0.181,0.882091365,0.535987331,0.994915401,"no","yes","no","no"
"668","tg_rliver_repeat_ethanol_t6_c1","ethanol",1,400,"mg/kg",6,"repeat",8,"day",-0.092,0.938221197,0.442272426,0.909983604,-0.02,0.986232704,0.828390683,0.979163675,NA,NA,NA,NA
"669","tg_rliver_repeat_ethanol_t6_c2","ethanol",2,1200,"mg/kg",6,"repeat",8,"day",0.027,1.018891197,0.859184417,0.975543976,0.207,1.154285418,0.094536534,0.840019608,NA,NA,NA,NA
"670","tg_rliver_repeat_ethanol_t6_c3","ethanol",3,4000,"mg/kg",6,"repeat",8,"day",-0.028,0.980779004,0.830460755,0.969152866,-0.021,0.985549337,0.890714331,0.979600734,"no","yes","no","no"
"671","tg_rliver_repeat_ethanol_t7_c1","ethanol",1,400,"mg/kg",7,"repeat",15,"day",0.225,1.168777249,0.009883604,0.24434866,0.217,1.162314108,0.149153757,0.461129011,NA,NA,NA,NA
"672","tg_rliver_repeat_ethanol_t7_c2","ethanol",2,1200,"mg/kg",7,"repeat",15,"day",0.107,1.076986376,0.12811083,0.993636192,0.15,1.109569472,0.447108352,0.993636192,NA,NA,NA,NA
"673","tg_rliver_repeat_ethanol_t7_c3","ethanol",3,4000,"mg/kg",7,"repeat",15,"day",0.361,1.284315809,0.001668414,0.214779562,0.352,1.276328769,0.185185989,0.552899416,"yes","no","no","no"
"674","tg_rliver_repeat_ethanol_t8_c1","ethanol",1,400,"mg/kg",8,"repeat",29,"day",-0.025,0.982820599,0.800436395,0.998597589,-0.32,0.801069878,0.154781306,0.998597589,NA,NA,NA,NA
"675","tg_rliver_repeat_ethanol_t8_c2","ethanol",2,1200,"mg/kg",8,"repeat",29,"day",-0.021,0.985549337,0.77746266,0.966247772,-0.114,0.924022572,0.212831962,0.841854692,NA,NA,NA,NA
"676","tg_rliver_repeat_ethanol_t8_c3","ethanol",3,4000,"mg/kg",8,"repeat",29,"day",-0.081,0.945402117,0.393218134,0.875575798,-0.356,0.78132788,0.102909968,0.771523697,NA,NA,NA,NA
"677","tg_rliver_repeat_ethinylestradiol_t5_c1","ethinylestradiol",1,1,"mg/kg",5,"repeat",4,"day",-0.025,0.982820599,0.855050737,0.945897294,-0.33,0.795536484,0.051164825,0.338042044,"no","yes","no","no"
"678","tg_rliver_repeat_ethinylestradiol_t5_c2","ethinylestradiol",2,3,"mg/kg",5,"repeat",4,"day",0.119,1.085981856,0.320407118,0.553663638,-0.394,0.76101669,0.006662561,0.061162027,"no","yes","no","no"
"679","tg_rliver_repeat_ethinylestradiol_t5_c3","ethinylestradiol",3,10,"mg/kg",5,"repeat",4,"day",0.036,1.025267238,0.775829499,0.881762499,-0.348,0.785672517,0.01546496,0.079457503,"yes","yes","no","no"
"680","tg_rliver_repeat_ethinylestradiol_t6_c1","ethinylestradiol",1,1,"mg/kg",6,"repeat",8,"day",-0.276,0.825877665,0.004350025,0.076743706,-0.633,0.644834125,0.000494415,0.027667379,NA,NA,NA,NA
"681","tg_rliver_repeat_ethinylestradiol_t6_c2","ethinylestradiol",2,3,"mg/kg",6,"repeat",8,"day",-0.102,0.931740429,0.17017462,0.382145552,-0.528,0.693515485,0.000987855,0.01827991,"no","yes","no","no"
"682","tg_rliver_repeat_ethinylestradiol_t6_c3","ethinylestradiol",3,10,"mg/kg",6,"repeat",8,"day",-0.075,0.949342121,0.434359238,0.632628998,-0.749,0.595015848,0.000236618,0.005616767,"no","yes","no","no"
"683","tg_rliver_repeat_ethinylestradiol_t7_c1","ethinylestradiol",1,1,"mg/kg",7,"repeat",15,"day",-0.23,0.852634892,0.247000281,0.517728777,-0.381,0.767905135,0.168932175,0.428527386,"no","yes","no","no"
"684","tg_rliver_repeat_ethinylestradiol_t7_c2","ethinylestradiol",2,3,"mg/kg",7,"repeat",15,"day",-0.083,0.944092419,0.37867649,0.54767578,-0.689,0.620283649,0.001701167,0.017984873,NA,NA,NA,NA
"685","tg_rliver_repeat_ethinylestradiol_t7_c3","ethinylestradiol",3,10,"mg/kg",7,"repeat",15,"day",0.033,1.02313747,0.772913481,0.862393421,-0.458,0.727994774,0.018651621,0.081035212,NA,NA,NA,NA
"686","tg_rliver_repeat_ethinylestradiol_t8_c1","ethinylestradiol",1,1,"mg/kg",8,"repeat",29,"day",-0.002,0.998614666,0.987172867,0.996695615,-0.827,0.563700206,0.001398975,0.04095235,"no","yes","no","no"
"687","tg_rliver_repeat_ethinylestradiol_t8_c2","ethinylestradiol",2,3,"mg/kg",8,"repeat",29,"day",-0.084,0.943438251,0.56266037,0.797777426,-0.859,0.551334582,0.000586205,0.015042681,NA,NA,NA,NA
"688","tg_rliver_repeat_ethinylestradiol_t8_c3","ethinylestradiol",3,10,"mg/kg",8,"repeat",29,"day",-0.019,0.986916546,0.926017913,0.964955107,-0.954,0.516199268,0.000263737,0.004359329,"yes","no","no","no"
"689","tg_rliver_repeat_ethionamide_t5_c1","ethionamide",1,30,"mg/kg",5,"repeat",4,"day",-0.152,0.90000193,0.266752723,0.931022026,0.076,1.054091423,0.613010642,0.944843845,"no","yes","no","no"
"690","tg_rliver_repeat_ethionamide_t5_c2","ethionamide",2,100,"mg/kg",5,"repeat",4,"day",-0.025,0.982820599,0.85345808,0.985950996,0,1,0.998747805,0.999819205,"yes","no","no","yes"
"691","tg_rliver_repeat_ethionamide_t5_c3","ethionamide",3,300,"mg/kg",5,"repeat",4,"day",0.191,1.141554707,0.422852264,0.687356911,-0.427,0.743806881,0.162662834,0.418371137,"yes","yes","no","no"
"692","tg_rliver_repeat_ethionamide_t6_c1","ethionamide",1,30,"mg/kg",6,"repeat",8,"day",0.383,1.304050735,0.008675414,0.999986389,0.117,1.084477409,0.552583417,0.999986389,NA,NA,NA,NA
"693","tg_rliver_repeat_ethionamide_t6_c2","ethionamide",2,100,"mg/kg",6,"repeat",8,"day",0.17,1.125058485,0.254309716,0.875098137,-0.091,0.938871747,0.50223863,0.902875541,NA,NA,NA,NA
"694","tg_rliver_repeat_ethionamide_t6_c3","ethionamide",3,300,"mg/kg",6,"repeat",8,"day",0.495,1.409320755,0.011959142,0.134169631,-0.28,0.823591017,0.325468121,0.50761952,"yes","no","no","no"
"695","tg_rliver_repeat_ethionamide_t7_c1","ethionamide",1,30,"mg/kg",7,"repeat",15,"day",-0.043,0.97063447,0.786924296,0.991493642,-0.174,0.886381699,0.052283107,0.917285954,"no","yes","no","no"
"696","tg_rliver_repeat_ethionamide_t7_c2","ethionamide",2,100,"mg/kg",7,"repeat",15,"day",-0.166,0.891310496,0.21207192,0.428697249,-0.386,0.765248385,0.008506786,0.108917986,NA,NA,NA,NA
"697","tg_rliver_repeat_ethionamide_t7_c3","ethionamide",3,300,"mg/kg",7,"repeat",15,"day",0.573,1.487613762,0.015108515,0.064891762,0.081,1.057750964,0.676843348,0.792865507,"yes","no","no","no"
"698","tg_rliver_repeat_ethionamide_t8_c1","ethionamide",1,30,"mg/kg",8,"repeat",29,"day",0.004,1.002776436,0.977394044,0.997972743,-0.126,0.916368645,0.283649262,0.859824753,NA,NA,NA,NA
"699","tg_rliver_repeat_ethionamide_t8_c2","ethionamide",2,100,"mg/kg",8,"repeat",29,"day",-0.061,0.958599438,0.717728425,0.967354875,-0.238,0.847919965,0.026305299,0.587165404,NA,NA,NA,NA
"700","tg_rliver_repeat_ethionine_t5_c1","ethionine",1,25,"mg/kg",5,"repeat",4,"day",-0.155,0.898132373,0.28976083,0.595417697,0.124,1.089752112,0.306931865,0.610011212,NA,NA,NA,NA
"701","tg_rliver_repeat_ethionine_t5_c2","ethionine",2,80,"mg/kg",5,"repeat",4,"day",-0.129,0.914465089,0.431755187,0.698427798,0.032,1.022428531,0.783676388,0.911954801,NA,NA,NA,NA
"702","tg_rliver_repeat_ethionine_t5_c3","ethionine",3,250,"mg/kg",5,"repeat",4,"day",0.07,1.049716684,0.563024069,0.775261754,-0.085,0.942784536,0.751406589,0.885196095,NA,NA,NA,NA
"703","tg_rliver_repeat_ethionine_t6_c1","ethionine",1,25,"mg/kg",6,"repeat",8,"day",-0.233,0.85086373,0.026387527,0.356425303,0.321,1.249196126,0.263550605,0.719006913,NA,NA,NA,NA
"704","tg_rliver_repeat_ethionine_t6_c2","ethionine",2,80,"mg/kg",6,"repeat",8,"day",0.03,1.021012126,0.837182802,0.934390394,0.273,1.208317843,0.336148886,0.60861468,"no","yes","no","no"
"705","tg_rliver_repeat_ethionine_t6_c3","ethionine",3,250,"mg/kg",6,"repeat",8,"day",0.329,1.256142381,0.084350275,0.250658293,-0.133,0.911933166,0.603061426,0.785773136,NA,NA,NA,NA
"706","tg_rliver_repeat_ethionine_t7_c1","ethionine",1,25,"mg/kg",7,"repeat",15,"day",-0.044,0.96996191,0.542492444,0.88382017,0.545,1.459020344,0.012331968,0.250807193,NA,NA,NA,NA
"707","tg_rliver_repeat_ethionine_t7_c2","ethionine",2,80,"mg/kg",7,"repeat",15,"day",-0.104,0.930449658,0.282295503,0.596437534,0.218,1.163120042,0.180147242,0.466227592,NA,NA,NA,NA
"708","tg_rliver_repeat_ethionine_t7_c3","ethionine",3,250,"mg/kg",7,"repeat",15,"day",0.023,1.016070143,0.745265323,0.871927982,0.012,1.008352455,0.935017406,0.973150025,NA,NA,NA,NA
"709","tg_rliver_repeat_ethionine_t8_c1","ethionine",1,25,"mg/kg",8,"repeat",29,"day",-0.1,0.933032992,0.355794702,0.776238522,-0.171,0.888226796,0.36988172,0.78149081,NA,NA,NA,NA
"710","tg_rliver_repeat_ethionine_t8_c2","ethionine",2,80,"mg/kg",8,"repeat",29,"day",-0.001,0.999307093,0.997338282,0.999314523,-0.313,0.804966138,0.161427531,0.458066819,NA,NA,NA,NA
"711","tg_rliver_repeat_ethionine_t8_c3","ethionine",3,250,"mg/kg",8,"repeat",29,"day",0.272,1.207480591,0.013877968,0.065998499,-0.528,0.693515485,0.021104862,0.089007324,NA,NA,NA,NA
"712","tg_rliver_repeat_etoposide_t5_c1","etoposide",1,3,"mg/kg",5,"repeat",4,"day",-0.218,0.859756486,0.068419742,0.999992808,-0.132,0.912565489,0.490594123,0.999992808,NA,NA,NA,NA
"713","tg_rliver_repeat_etoposide_t5_c2","etoposide",2,10,"mg/kg",5,"repeat",4,"day",0.008,1.00556058,0.942397336,0.999301953,0.12,1.086734863,0.557754323,0.999301953,"no","yes","no","no"
"714","tg_rliver_repeat_etoposide_t5_c3","etoposide",3,30,"mg/kg",5,"repeat",4,"day",-0.049,0.966606097,0.671509517,0.891926371,-0.14,0.907519155,0.531845523,0.834448318,NA,NA,NA,NA
"715","tg_rliver_repeat_etoposide_t6_c1","etoposide",1,3,"mg/kg",6,"repeat",8,"day",-0.102,0.931740429,0.317003412,0.970056506,-0.322,0.799960128,0.111490057,0.970056506,NA,NA,NA,NA
"716","tg_rliver_repeat_etoposide_t6_c2","etoposide",2,10,"mg/kg",6,"repeat",8,"day",-0.083,0.944092419,0.427861687,0.958911736,-0.229,0.853226098,0.134369777,0.914660651,"no","yes","no","no"
"717","tg_rliver_repeat_etoposide_t6_c3","etoposide",3,30,"mg/kg",6,"repeat",8,"day",-0.073,0.950659101,0.437119786,0.897596276,-0.398,0.758909626,0.025409121,0.573179222,NA,NA,NA,NA
"718","tg_rliver_repeat_etoposide_t7_c1","etoposide",1,3,"mg/kg",7,"repeat",15,"day",-0.366,0.775930854,0.008999755,0.648471909,0.144,1.104964485,0.113984508,0.66718269,NA,NA,NA,NA
"719","tg_rliver_repeat_etoposide_t7_c2","etoposide",2,10,"mg/kg",7,"repeat",15,"day",-0.094,0.936921447,0.656618115,0.998820612,-0.052,0.964598185,0.490386521,0.998820612,NA,NA,NA,NA
"720","tg_rliver_repeat_etoposide_t7_c3","etoposide",3,30,"mg/kg",7,"repeat",15,"day",-0.202,0.86934456,0.163192176,0.986617745,0.084,1.059952783,0.414421368,0.987999234,NA,NA,NA,NA
"721","tg_rliver_repeat_etoposide_t8_c1","etoposide",1,3,"mg/kg",8,"repeat",29,"day",0.313,1.242288282,0.013193308,0.228047864,0.006,1.004167543,0.95836264,0.983127808,NA,NA,NA,NA
"722","tg_rliver_repeat_etoposide_t8_c2","etoposide",2,10,"mg/kg",8,"repeat",29,"day",0.07,1.049716684,0.452211726,0.991682009,-0.078,0.947370071,0.530478688,0.991729108,NA,NA,NA,NA
"723","tg_rliver_repeat_etoposide_t8_c3","etoposide",3,30,"mg/kg",8,"repeat",29,"day",0.274,1.209155676,0.066457507,0.306675454,-0.122,0.918912883,0.321129519,0.557021439,NA,NA,NA,NA
"724","tg_rliver_repeat_famotidine_t5_c1","famotidine",1,100,"mg/kg",5,"repeat",4,"day",0.195,1.144724161,0.097592978,0.999943941,0.016,1.011152081,0.926827147,0.999943941,NA,NA,NA,NA
"725","tg_rliver_repeat_famotidine_t5_c2","famotidine",2,300,"mg/kg",5,"repeat",4,"day",0.141,1.102669163,0.212376066,0.998317375,0.223,1.167158102,0.167270967,0.998317375,NA,NA,NA,NA
"726","tg_rliver_repeat_famotidine_t5_c3","famotidine",3,1000,"mg/kg",5,"repeat",4,"day",0.173,1.127400412,0.14141507,0.951462596,-0.239,0.847332435,0.164644795,0.951462596,NA,NA,NA,NA
"727","tg_rliver_repeat_famotidine_t6_c1","famotidine",1,100,"mg/kg",6,"repeat",8,"day",0.012,1.008352455,0.913148317,0.986044814,-0.427,0.743806881,0.14124999,0.793311859,NA,NA,NA,NA
"728","tg_rliver_repeat_famotidine_t6_c2","famotidine",2,300,"mg/kg",6,"repeat",8,"day",-0.163,0.893165852,0.20563456,0.999432998,-0.133,0.911933166,0.685018525,0.999432998,NA,NA,NA,NA
"729","tg_rliver_repeat_famotidine_t6_c3","famotidine",3,1000,"mg/kg",6,"repeat",8,"day",0.124,1.089752112,0.320920995,0.814816536,-0.015,0.989656656,0.958191433,0.993398441,NA,NA,NA,NA
"730","tg_rliver_repeat_famotidine_t7_c1","famotidine",1,100,"mg/kg",7,"repeat",15,"day",0.095,1.068065408,0.482649491,0.999738822,-0.419,0.747942879,0.126752565,0.999738822,NA,NA,NA,NA
"731","tg_rliver_repeat_famotidine_t7_c2","famotidine",2,300,"mg/kg",7,"repeat",15,"day",0.112,1.080725402,0.366966575,0.917695848,-0.281,0.823020345,0.38559597,0.925072184,NA,NA,NA,NA
"732","tg_rliver_repeat_famotidine_t7_c3","famotidine",3,1000,"mg/kg",7,"repeat",15,"day",0.074,1.052631155,0.58007687,0.919222314,0.2,1.148698355,0.539658591,0.912184908,NA,NA,NA,NA
"733","tg_rliver_repeat_famotidine_t8_c1","famotidine",1,100,"mg/kg",8,"repeat",29,"day",-0.036,0.975355462,0.707454317,0.999492832,0.195,1.144724161,0.161489506,0.999492832,NA,NA,NA,NA
"734","tg_rliver_repeat_famotidine_t8_c2","famotidine",2,300,"mg/kg",8,"repeat",29,"day",0.172,1.126619228,0.355105925,0.998934048,0.648,1.566994374,0.014949079,0.998934048,NA,NA,NA,NA
"735","tg_rliver_repeat_famotidine_t8_c3","famotidine",3,1000,"mg/kg",8,"repeat",29,"day",-0.076,0.948684315,0.471325671,0.971819943,0.334,1.260503392,0.033329994,0.96385151,NA,NA,NA,NA
"736","tg_rliver_repeat_fenofibrate_t5_c1","fenofibrate",1,10,"mg/kg",5,"repeat",4,"day",-0.347,0.786217292,0.010157231,0.65221594,0.003,1.002081605,0.983709548,0.997744129,NA,NA,NA,NA
"737","tg_rliver_repeat_fenofibrate_t5_c2","fenofibrate",2,100,"mg/kg",5,"repeat",4,"day",-0.298,0.813379198,0.023965285,0.125702823,-0.38,0.768437591,0.058592752,0.218173804,NA,NA,NA,NA
"738","tg_rliver_repeat_fenofibrate_t5_c3","fenofibrate",3,1000,"mg/kg",5,"repeat",4,"day",-0.371,0.773246337,0.023634931,0.1095757,-0.396,0.759962428,0.035399868,0.142169801,NA,NA,NA,NA
"739","tg_rliver_repeat_fenofibrate_t6_c1","fenofibrate",1,10,"mg/kg",6,"repeat",8,"day",-0.141,0.906890329,0.385889891,0.722493951,-0.039,0.973329374,0.825363157,0.944220873,NA,NA,NA,NA
"740","tg_rliver_repeat_fenofibrate_t6_c2","fenofibrate",2,100,"mg/kg",6,"repeat",8,"day",-0.245,0.843815796,0.116146512,0.308385301,-0.095,0.936272247,0.488062361,0.710055649,NA,NA,NA,NA
"741","tg_rliver_repeat_fenofibrate_t6_c3","fenofibrate",3,1000,"mg/kg",6,"repeat",8,"day",-0.172,0.887611337,0.328641384,0.523706433,-0.129,0.914465089,0.340534238,0.535130718,NA,NA,NA,NA
"742","tg_rliver_repeat_fenofibrate_t7_c1","fenofibrate",1,10,"mg/kg",7,"repeat",15,"day",-0.509,0.70270935,0.153949782,0.712669856,0.054,1.038139271,0.566728791,0.907333121,NA,NA,NA,NA
"743","tg_rliver_repeat_fenofibrate_t7_c2","fenofibrate",2,100,"mg/kg",7,"repeat",15,"day",-0.678,0.625031151,0.062694051,0.190171557,-0.193,0.874784765,0.080384589,0.222856916,NA,NA,NA,NA
"744","tg_rliver_repeat_fenofibrate_t7_c3","fenofibrate",3,1000,"mg/kg",7,"repeat",15,"day",-0.463,0.725476104,0.191953233,0.356671068,-0.321,0.800514811,0.196715493,0.362570593,NA,NA,NA,NA
"745","tg_rliver_repeat_fenofibrate_t8_c1","fenofibrate",1,10,"mg/kg",8,"repeat",29,"day",-0.379,0.768970416,0.050623014,0.586940823,-0.179,0.883315051,0.295961058,0.827617447,NA,NA,NA,NA
"746","tg_rliver_repeat_fenofibrate_t8_c2","fenofibrate",2,100,"mg/kg",8,"repeat",29,"day",-0.35,0.784584098,0.198779244,0.4147013,-0.123,0.918276162,0.2800531,0.506261014,NA,NA,NA,NA
"747","tg_rliver_repeat_fenofibrate_t8_c3","fenofibrate",3,1000,"mg/kg",8,"repeat",29,"day",0.11,1.079228237,0.765056242,0.863775896,0.217,1.162314108,0.368019261,0.561539682,NA,NA,NA,NA
"748","tg_rliver_repeat_fluoxetinehydrochloride_t5_c1","fluoxetine hydrochloride",1,3,"mg/kg",5,"repeat",4,"day",0.785,1.723092319,0.001856449,0.938477093,0.436,1.352848231,0.088308606,0.938477093,"no","yes","no","no"
"749","tg_rliver_repeat_fluoxetinehydrochloride_t5_c2","fluoxetine hydrochloride",2,10,"mg/kg",5,"repeat",4,"day",0.256,1.194163187,0.016907544,0.99344903,0.256,1.194163187,0.23940507,0.99344903,"no","yes","no","no"
"750","tg_rliver_repeat_fluoxetinehydrochloride_t5_c3","fluoxetine hydrochloride",3,30,"mg/kg",5,"repeat",4,"day",0.096,1.068805991,0.505342498,0.898232289,-0.262,0.833931044,0.253239621,0.79905817,NA,NA,NA,NA
"751","tg_rliver_repeat_fluoxetinehydrochloride_t6_c1","fluoxetine hydrochloride",1,3,"mg/kg",6,"repeat",8,"day",-0.004,0.997231251,0.991199697,0.998942325,0.382,1.303147149,0.015657948,0.987250065,NA,NA,NA,NA
"752","tg_rliver_repeat_fluoxetinehydrochloride_t6_c2","fluoxetine hydrochloride",2,10,"mg/kg",6,"repeat",8,"day",-0.172,0.887611337,0.672495059,0.918061694,0.267,1.203303026,0.247022502,0.737322555,NA,NA,NA,NA
"753","tg_rliver_repeat_fluoxetinehydrochloride_t6_c3","fluoxetine hydrochloride",3,30,"mg/kg",6,"repeat",8,"day",-0.125,0.917004043,0.755009087,0.96598395,0.104,1.074749173,0.390112763,0.902329354,NA,NA,NA,NA
"754","tg_rliver_repeat_fluoxetinehydrochloride_t7_c1","fluoxetine hydrochloride",1,3,"mg/kg",7,"repeat",15,"day",-0.128,0.915099168,0.540080038,0.971007653,-0.222,0.857376037,0.038557506,0.956300311,NA,NA,NA,NA
"755","tg_rliver_repeat_fluoxetinehydrochloride_t7_c2","fluoxetine hydrochloride",2,10,"mg/kg",7,"repeat",15,"day",0.067,1.047536127,0.754749522,0.963696255,0.168,1.123499903,0.039917181,0.740306146,NA,NA,NA,NA
"756","tg_rliver_repeat_fluoxetinehydrochloride_t7_c3","fluoxetine hydrochloride",3,30,"mg/kg",7,"repeat",15,"day",0.012,1.008352455,0.966587289,0.990803055,-0.436,0.739181216,0.006092196,0.286734861,NA,NA,NA,NA
"757","tg_rliver_repeat_fluoxetinehydrochloride_t8_c1","fluoxetine hydrochloride",1,3,"mg/kg",8,"repeat",29,"day",0.201,1.149494848,0.04859625,0.997760484,0.346,1.271031689,0.048975493,0.997760484,NA,NA,NA,NA
"758","tg_rliver_repeat_fluoxetinehydrochloride_t8_c2","fluoxetine hydrochloride",2,10,"mg/kg",8,"repeat",29,"day",-0.079,0.946713631,0.537446091,0.970244008,0.437,1.353786279,0.038344517,0.956440526,NA,NA,NA,NA
"759","tg_rliver_repeat_fluoxetinehydrochloride_t8_c3","fluoxetine hydrochloride",3,30,"mg/kg",8,"repeat",29,"day",0.109,1.078480432,0.326820294,0.726893163,-0.442,0.736113431,0.004603732,0.178536551,NA,NA,NA,NA
"760","tg_rliver_repeat_fluphenazine_t5_c1","fluphenazine",1,2,"mg/kg",5,"repeat",4,"day",-0.473,0.720464874,0.105349775,0.966189502,-0.472,0.720964436,0.034864853,0.966189502,NA,NA,NA,NA
"761","tg_rliver_repeat_fluphenazine_t5_c2","fluphenazine",2,6,"mg/kg",5,"repeat",4,"day",-0.111,0.925946023,0.715451014,0.938691277,-0.317,0.802737389,0.0642385,0.522048452,NA,NA,NA,NA
"762","tg_rliver_repeat_fluphenazine_t5_c3","fluphenazine",3,20,"mg/kg",5,"repeat",4,"day",-0.014,0.990342872,0.968333402,0.988480412,-0.887,0.540737382,0.000705002,0.037210208,"no","yes","no","no"
"763","tg_rliver_repeat_fluphenazine_t6_c1","fluphenazine",1,2,"mg/kg",6,"repeat",8,"day",0.097,1.069547088,0.434929355,0.956767488,0.275,1.209994089,0.246567474,0.951964948,NA,NA,NA,NA
"764","tg_rliver_repeat_fluphenazine_t6_c2","fluphenazine",2,6,"mg/kg",6,"repeat",8,"day",0.062,1.043911927,0.549784629,0.99939103,0.164,1.120389214,0.521654374,0.99939103,NA,NA,NA,NA
"765","tg_rliver_repeat_fluphenazine_t6_c3","fluphenazine",3,20,"mg/kg",6,"repeat",8,"day",0.151,1.110338834,0.344773745,0.755595684,0.001,1.000693387,0.99495253,0.999171379,NA,NA,NA,NA
"766","tg_rliver_repeat_fluphenazine_t7_c1","fluphenazine",1,2,"mg/kg",7,"repeat",15,"day",0.014,1.009751298,0.916059713,0.997712563,-0.113,0.924663278,0.384846293,0.997712563,NA,NA,NA,NA
"767","tg_rliver_repeat_fluphenazine_t7_c2","fluphenazine",2,6,"mg/kg",7,"repeat",15,"day",-0.059,0.959929261,0.584621013,0.892532996,0.074,1.052631155,0.568021949,0.887620315,NA,NA,NA,NA
"768","tg_rliver_repeat_fluphenazine_t7_c3","fluphenazine",3,20,"mg/kg",7,"repeat",15,"day",-0.106,0.929160674,0.228613782,0.797856796,-0.1,0.933032992,0.355658781,0.857229792,NA,NA,NA,NA
"769","tg_rliver_repeat_fluphenazine_t8_c1","fluphenazine",1,2,"mg/kg",8,"repeat",29,"day",-0.123,0.918276162,0.324605873,0.999580552,-0.039,0.973329374,0.802605579,0.999580552,NA,NA,NA,NA
"770","tg_rliver_repeat_fluphenazine_t8_c2","fluphenazine",2,6,"mg/kg",8,"repeat",29,"day",0.284,1.217566019,0.021597582,0.748465022,-0.13,0.91383145,0.175630475,0.793793442,NA,NA,NA,NA
"771","tg_rliver_repeat_fluphenazine_t8_c3","fluphenazine",3,20,"mg/kg",8,"repeat",29,"day",-0.052,0.964598185,0.646663115,0.904497475,0.126,1.091263877,0.48878569,0.84754702,NA,NA,NA,NA
"772","tg_rliver_repeat_flutamide_t5_c1","flutamide",1,15,"mg/kg",5,"repeat",4,"day",-0.054,0.963261894,0.558163391,0.958722044,0.046,1.032398535,0.764972396,0.988679408,NA,NA,NA,NA
"773","tg_rliver_repeat_flutamide_t5_c2","flutamide",2,50,"mg/kg",5,"repeat",4,"day",-0.033,0.977385766,0.805296742,0.952811501,-0.11,0.926588062,0.563011587,0.867502831,NA,NA,NA,NA
"774","tg_rliver_repeat_flutamide_t5_c3","flutamide",3,150,"mg/kg",5,"repeat",4,"day",-0.178,0.883927531,0.069221859,0.187035845,-0.449,0.732550437,0.014459652,0.068344907,NA,NA,NA,NA
"775","tg_rliver_repeat_flutamide_t6_c1","flutamide",1,15,"mg/kg",6,"repeat",8,"day",0.044,1.030968319,0.621228084,0.998992587,-0.371,0.773246337,0.21968163,0.998992587,NA,NA,NA,NA
"776","tg_rliver_repeat_flutamide_t6_c2","flutamide",2,50,"mg/kg",6,"repeat",8,"day",-0.1,0.933032992,0.184457087,0.759132362,-0.12,0.920187651,0.705516588,0.964712993,NA,NA,NA,NA
"777","tg_rliver_repeat_flutamide_t6_c3","flutamide",3,150,"mg/kg",6,"repeat",8,"day",-0.27,0.829319546,0.008906574,0.099922868,-0.584,0.667111585,0.067578117,0.300700011,NA,NA,NA,NA
"778","tg_rliver_repeat_flutamide_t7_c1","flutamide",1,15,"mg/kg",7,"repeat",15,"day",0.265,1.20163605,0.052731179,0.381383601,-0.228,0.853817714,0.225033165,0.519748132,NA,NA,NA,NA
"779","tg_rliver_repeat_flutamide_t7_c2","flutamide",2,50,"mg/kg",7,"repeat",15,"day",0.35,1.274560627,0.002016382,0.045137291,-0.05,0.965936329,0.844630791,0.920106751,"no","yes","no","no"
"780","tg_rliver_repeat_flutamide_t7_c3","flutamide",3,150,"mg/kg",7,"repeat",15,"day",0.055,1.038859103,0.606601592,0.766100479,-0.286,0.820172911,0.205755951,0.404315811,NA,NA,NA,NA
"781","tg_rliver_repeat_flutamide_t8_c1","flutamide",1,15,"mg/kg",8,"repeat",29,"day",-0.203,0.868742185,0.081692169,0.798856726,-0.031,0.97874165,0.633705863,0.947807342,NA,NA,NA,NA
"782","tg_rliver_repeat_flutamide_t8_c2","flutamide",2,50,"mg/kg",8,"repeat",29,"day",-0.168,0.890075733,0.056295913,0.457658839,0.005,1.003471749,0.954561091,0.993548493,NA,NA,NA,NA
"783","tg_rliver_repeat_flutamide_t8_c3","flutamide",3,150,"mg/kg",8,"repeat",29,"day",-0.059,0.959929261,0.571122819,0.770751433,0.175,1.128964405,0.048411198,0.192122315,NA,NA,NA,NA
"784","tg_rliver_repeat_furosemide_t5_c1","furosemide",1,30,"mg/kg",5,"repeat",4,"day",0.25,1.189207115,0.100380751,0.895322567,-0.099,0.933679945,0.528507393,0.959160886,NA,NA,NA,NA
"785","tg_rliver_repeat_furosemide_t5_c2","furosemide",2,100,"mg/kg",5,"repeat",4,"day",0.363,1.286097483,0.081628865,0.711294934,-0.254,0.838568184,0.125226155,0.757616486,NA,NA,NA,NA
"786","tg_rliver_repeat_furosemide_t5_c3","furosemide",3,300,"mg/kg",5,"repeat",4,"day",-0.188,0.877821798,0.175404766,0.552087194,-1.318,0.401090583,1.49675e-05,0.007308576,NA,NA,NA,NA
"787","tg_rliver_repeat_furosemide_t6_c1","furosemide",1,30,"mg/kg",6,"repeat",8,"day",-0.055,0.962594443,0.736756733,0.995684069,-0.168,0.890075733,0.026270023,0.98750646,NA,NA,NA,NA
"788","tg_rliver_repeat_furosemide_t6_c2","furosemide",2,100,"mg/kg",6,"repeat",8,"day",-0.153,0.899378312,0.34376211,0.897539478,-0.228,0.853817714,0.036399825,0.676768841,NA,NA,NA,NA
"789","tg_rliver_repeat_furosemide_t6_c3","furosemide",3,300,"mg/kg",6,"repeat",8,"day",0.282,1.215879283,0.113573619,0.498627578,-0.47,0.721964598,0.014939479,0.247817498,NA,NA,NA,NA
"790","tg_rliver_repeat_furosemide_t7_c1","furosemide",1,30,"mg/kg",7,"repeat",15,"day",0.188,1.139183377,0.36479743,0.979863246,0.068,1.048262476,0.686285571,0.989719143,NA,NA,NA,NA
"791","tg_rliver_repeat_furosemide_t7_c2","furosemide",2,100,"mg/kg",7,"repeat",15,"day",0.062,1.043911927,0.633334853,0.989967682,-0.048,0.96727633,0.796894063,0.992519599,"no","yes","no","no"
"792","tg_rliver_repeat_furosemide_t7_c3","furosemide",3,300,"mg/kg",7,"repeat",15,"day",0.212,1.158292806,0.126707839,0.77827283,-0.634,0.644387315,0.011433772,0.509061311,NA,NA,NA,NA
"793","tg_rliver_repeat_furosemide_t8_c1","furosemide",1,30,"mg/kg",8,"repeat",29,"day",0.178,1.131314463,0.259284218,0.999506073,0.159,1.116512962,0.289860213,0.999506073,NA,NA,NA,NA
"794","tg_rliver_repeat_furosemide_t8_c2","furosemide",2,100,"mg/kg",8,"repeat",29,"day",0.28,1.214194884,0.020169356,0.945174703,-0.072,0.951318276,0.561257447,0.983876329,NA,NA,NA,NA
"795","tg_rliver_repeat_furosemide_t8_c3","furosemide",3,300,"mg/kg",8,"repeat",29,"day",-0.083,0.944092419,0.68474148,0.973303677,-0.266,0.831622098,0.018851114,0.603861699,NA,NA,NA,NA
"796","tg_rliver_repeat_gemfibrozil_t5_c1","gemfibrozil",1,30,"mg/kg",5,"repeat",4,"day",-0.046,0.968618189,0.694959089,0.894224762,-0.634,0.644387315,0.117167277,0.447267396,NA,NA,NA,NA
"797","tg_rliver_repeat_gemfibrozil_t5_c2","gemfibrozil",2,100,"mg/kg",5,"repeat",4,"day",-0.115,0.923382311,0.471150905,0.753473742,-0.334,0.793333843,0.509400716,0.776415399,"no","yes","no","no"
"798","tg_rliver_repeat_gemfibrozil_t5_c3","gemfibrozil",3,300,"mg/kg",5,"repeat",4,"day",-0.048,0.96727633,0.661282342,0.84698117,-0.805,0.57236208,0.016774258,0.118282281,NA,NA,NA,NA
"799","tg_rliver_repeat_gemfibrozil_t6_c1","gemfibrozil",1,30,"mg/kg",6,"repeat",8,"day",-0.008,0.994470169,0.92156874,0.981009027,-0.226,0.855002178,0.141560434,0.566599245,NA,NA,NA,NA
"800","tg_rliver_repeat_gemfibrozil_t6_c2","gemfibrozil",2,100,"mg/kg",6,"repeat",8,"day",0.087,1.062159186,0.25955006,0.611216924,-0.145,0.904379378,0.47485452,0.772608931,NA,NA,NA,NA
"801","tg_rliver_repeat_gemfibrozil_t6_c3","gemfibrozil",3,300,"mg/kg",6,"repeat",8,"day",0.055,1.038859103,0.539060086,0.793887629,-0.288,0.819036698,0.009402187,0.110277844,NA,NA,NA,NA
"802","tg_rliver_repeat_gemfibrozil_t7_c1","gemfibrozil",1,30,"mg/kg",7,"repeat",15,"day",-0.153,0.899378312,0.11707283,0.462900906,-0.627,0.647521499,0.010003049,0.161426199,"no","yes","no","no"
"803","tg_rliver_repeat_gemfibrozil_t7_c2","gemfibrozil",2,100,"mg/kg",7,"repeat",15,"day",-0.071,0.951977908,0.435106349,0.749123754,-0.435,0.739693755,0.038698436,0.266415022,"no","yes","no","no"
"804","tg_rliver_repeat_gemfibrozil_t7_c3","gemfibrozil",3,300,"mg/kg",7,"repeat",15,"day",-0.216,0.860949188,0.063460954,0.294426815,-0.111,0.925946023,0.753579757,0.903206308,"no","yes","no","no"
"805","tg_rliver_repeat_gemfibrozil_t8_c1","gemfibrozil",1,30,"mg/kg",8,"repeat",29,"day",-0.138,0.908778116,0.135962631,0.515316993,-0.947,0.518709968,0.000644022,0.055879103,NA,NA,NA,NA
"806","tg_rliver_repeat_gemfibrozil_t8_c2","gemfibrozil",2,100,"mg/kg",8,"repeat",29,"day",-0.09,0.939522749,0.243226819,0.628042571,-0.744,0.597081594,0.001742421,0.062413598,"no","yes","no","no"
"807","tg_rliver_repeat_gemfibrozil_t8_c3","gemfibrozil",3,300,"mg/kg",8,"repeat",29,"day",0.034,1.0238469,0.757120842,0.900518432,-0.616,0.652477474,0.006500574,0.081529255,"no","yes","no","no"
"808","tg_rliver_repeat_gentamicin_t5_c1","gentamicin",1,10,"mg/kg",5,"repeat",4,"day",-0.101,0.932386486,0.561225319,0.876445402,0.465,1.380317353,0.025700719,0.494893752,NA,NA,NA,NA
"809","tg_rliver_repeat_gentamicin_t5_c2","gentamicin",2,30,"mg/kg",5,"repeat",4,"day",0.009,1.006257823,0.933087154,0.983036171,0.363,1.286097483,0.063611201,0.597247886,NA,NA,NA,NA
"810","tg_rliver_repeat_gentamicin_t5_c3","gentamicin",3,100,"mg/kg",5,"repeat",4,"day",0.106,1.076240125,0.479636128,0.769250668,0.491,1.4054187,0.072628395,0.386703881,NA,NA,NA,NA
"811","tg_rliver_repeat_gentamicin_t6_c1","gentamicin",1,10,"mg/kg",6,"repeat",8,"day",-0.128,0.915099168,0.280410706,0.971337946,-0.288,0.819036698,0.22966377,0.971337946,NA,NA,NA,NA
"812","tg_rliver_repeat_gentamicin_t6_c2","gentamicin",2,30,"mg/kg",6,"repeat",8,"day",-0.328,0.796640096,0.037297155,0.436679611,-0.656,0.634635443,6.62968e-05,0.119989028,NA,NA,NA,NA
"813","tg_rliver_repeat_gentamicin_t6_c3","gentamicin",3,100,"mg/kg",6,"repeat",8,"day",-0.141,0.906890329,0.421738325,0.99959407,-0.109,0.927230546,0.475849138,0.99959407,NA,NA,NA,NA
"814","tg_rliver_repeat_gentamicin_t7_c1","gentamicin",1,10,"mg/kg",7,"repeat",15,"day",0.183,1.135242102,0.076442047,0.619793018,-0.048,0.96727633,0.764252346,0.932682183,NA,NA,NA,NA
"815","tg_rliver_repeat_gentamicin_t7_c2","gentamicin",2,30,"mg/kg",7,"repeat",15,"day",-0.004,0.997231251,0.957274888,0.996695806,-0.219,0.859160755,0.248265853,0.81207325,NA,NA,NA,NA
"816","tg_rliver_repeat_gentamicin_t7_c3","gentamicin",3,100,"mg/kg",7,"repeat",15,"day",0.105,1.07549439,0.338157367,0.590664836,-0.143,0.905633983,0.352484103,0.603676683,NA,NA,NA,NA
"817","tg_rliver_repeat_gentamicin_t8_c1","gentamicin",1,10,"mg/kg",8,"repeat",29,"day",-0.07,0.952637998,0.651981877,0.979429982,0.222,1.16634937,0.130895707,0.938120103,NA,NA,NA,NA
"818","tg_rliver_repeat_gentamicin_t8_c2","gentamicin",2,30,"mg/kg",8,"repeat",29,"day",0.016,1.011152081,0.914516248,0.984841904,-0.184,0.880259014,0.184971412,0.692133999,NA,NA,NA,NA
"819","tg_rliver_repeat_gentamicin_t8_c3","gentamicin",3,100,"mg/kg",8,"repeat",29,"day",-0.23,0.852634892,0.142923755,0.543698391,0.002,1.001387256,0.989751878,0.997142449,NA,NA,NA,NA
"820","tg_rliver_repeat_glibenclamide_t5_c1","glibenclamide",1,100,"mg/kg",5,"repeat",4,"day",-0.014,0.990342872,0.863101867,0.994416576,-0.062,0.957935218,0.66931466,0.987380373,NA,NA,NA,NA
"821","tg_rliver_repeat_glibenclamide_t5_c2","glibenclamide",2,300,"mg/kg",5,"repeat",4,"day",-0.062,0.957935218,0.414454829,0.91218449,-0.2,0.870550563,0.247474705,0.879398554,NA,NA,NA,NA
"822","tg_rliver_repeat_glibenclamide_t5_c3","glibenclamide",3,1000,"mg/kg",5,"repeat",4,"day",-0.042,0.971307496,0.737066577,0.979559202,-0.186,0.879039561,0.130101751,0.931135214,NA,NA,NA,NA
"823","tg_rliver_repeat_glibenclamide_t6_c1","glibenclamide",1,100,"mg/kg",6,"repeat",8,"day",0.004,1.002776436,0.982753577,0.999981484,-0.06,0.959264119,0.853840903,0.999981484,NA,NA,NA,NA
"824","tg_rliver_repeat_glibenclamide_t6_c2","glibenclamide",2,300,"mg/kg",6,"repeat",8,"day",-0.027,0.981459064,0.795717771,0.995589421,-0.226,0.855002178,0.321890511,0.995589421,NA,NA,NA,NA
"825","tg_rliver_repeat_glibenclamide_t6_c3","glibenclamide",3,1000,"mg/kg",6,"repeat",8,"day",-0.095,0.936272247,0.369480933,0.943634585,-0.061,0.958599438,0.803856505,0.995475856,NA,NA,NA,NA
"826","tg_rliver_repeat_glibenclamide_t7_c1","glibenclamide",1,100,"mg/kg",7,"repeat",15,"day",0.086,1.061423209,0.381242345,0.999760731,-0.023,0.984184022,0.911865715,0.999760731,NA,NA,NA,NA
"827","tg_rliver_repeat_glibenclamide_t7_c2","glibenclamide",2,300,"mg/kg",7,"repeat",15,"day",-0.009,0.993781093,0.939348896,0.998490113,-0.117,0.922103118,0.314031758,0.998490113,NA,NA,NA,NA
"828","tg_rliver_repeat_glibenclamide_t7_c3","glibenclamide",3,1000,"mg/kg",7,"repeat",15,"day",0.066,1.046810282,0.500332239,0.97115128,-0.185,0.879649076,0.109125916,0.940215086,NA,NA,NA,NA
"829","tg_rliver_repeat_glibenclamide_t8_c1","glibenclamide",1,100,"mg/kg",8,"repeat",29,"day",-0.077,0.948026965,0.342035577,0.897199498,0.2,1.148698355,0.428984861,0.915587378,NA,NA,NA,NA
"830","tg_rliver_repeat_glibenclamide_t8_c2","glibenclamide",2,300,"mg/kg",8,"repeat",29,"day",-0.071,0.951977908,0.507509291,0.952043179,-0.132,0.912565489,0.52271468,0.953716206,NA,NA,NA,NA
"831","tg_rliver_repeat_glibenclamide_t8_c3","glibenclamide",3,1000,"mg/kg",8,"repeat",29,"day",-0.11,0.926588062,0.208629698,0.843726805,-0.061,0.958599438,0.775389536,0.973872056,NA,NA,NA,NA
"832","tg_rliver_repeat_griseofulvin_t5_c1","griseofulvin",1,100,"mg/kg",5,"repeat",4,"day",-0.104,0.930449658,0.168603147,0.999973552,0.014,1.009751298,0.960516218,0.999973552,NA,NA,NA,NA
"833","tg_rliver_repeat_griseofulvin_t5_c2","griseofulvin",2,300,"mg/kg",5,"repeat",4,"day",-0.116,0.922742493,0.199028508,0.999764098,-0.284,0.821310701,0.047051622,0.999764098,"no","yes","no","no"
"834","tg_rliver_repeat_griseofulvin_t5_c3","griseofulvin",3,1000,"mg/kg",5,"repeat",4,"day",-0.13,0.91383145,0.046007112,0.999376175,-0.031,0.97874165,0.872257768,0.999376175,NA,NA,NA,NA
"835","tg_rliver_repeat_griseofulvin_t6_c1","griseofulvin",1,100,"mg/kg",6,"repeat",8,"day",-0.224,0.856188285,0.042130199,0.999659097,-0.248,0.842062954,0.345985912,0.999659097,"no","yes","no","no"
"836","tg_rliver_repeat_griseofulvin_t6_c2","griseofulvin",2,300,"mg/kg",6,"repeat",8,"day",-0.25,0.840896415,0.034880177,0.999801314,-0.202,0.86934456,0.27849598,0.999801314,NA,NA,NA,NA
"837","tg_rliver_repeat_griseofulvin_t6_c3","griseofulvin",3,1000,"mg/kg",6,"repeat",8,"day",-0.47,0.721964598,0.002268383,0.341694326,0.12,1.086734863,0.595063464,0.81336454,NA,NA,NA,NA
"838","tg_rliver_repeat_griseofulvin_t7_c1","griseofulvin",1,100,"mg/kg",7,"repeat",15,"day",0.006,1.004167543,0.925029169,0.999122289,-0.207,0.866336856,0.26488493,0.999122289,NA,NA,NA,NA
"839","tg_rliver_repeat_griseofulvin_t7_c2","griseofulvin",2,300,"mg/kg",7,"repeat",15,"day",-0.146,0.903752727,0.238239959,0.998066676,-0.43,0.742261785,0.063515498,0.998066676,NA,NA,NA,NA
"840","tg_rliver_repeat_griseofulvin_t7_c3","griseofulvin",3,1000,"mg/kg",7,"repeat",15,"day",-0.05,0.965936329,0.452632251,0.978356003,-0.163,0.893165852,0.369873211,0.974032699,NA,NA,NA,NA
"841","tg_rliver_repeat_griseofulvin_t8_c1","griseofulvin",1,100,"mg/kg",8,"repeat",29,"day",-0.128,0.915099168,0.100169839,0.668703906,-0.224,0.856188285,0.263513872,0.74358086,NA,NA,NA,NA
"842","tg_rliver_repeat_griseofulvin_t8_c2","griseofulvin",2,300,"mg/kg",8,"repeat",29,"day",0.017,1.011853201,0.759767514,0.95968145,0.013,1.009051634,0.952552289,0.989810151,NA,NA,NA,NA
"843","tg_rliver_repeat_griseofulvin_t8_c3","griseofulvin",3,1000,"mg/kg",8,"repeat",29,"day",-0.123,0.918276162,0.225147319,0.829089519,0.214,1.159899655,0.408733834,0.900328002,NA,NA,NA,NA
"844","tg_rliver_repeat_haloperidol_t5_c1","haloperidol",1,3,"mg/kg",5,"repeat",4,"day",-0.002,0.998614666,0.979559117,0.997200644,-0.433,0.740719899,0.063327453,0.952222736,NA,NA,NA,NA
"845","tg_rliver_repeat_haloperidol_t5_c2","haloperidol",2,10,"mg/kg",5,"repeat",4,"day",-0.049,0.966606097,0.725555694,0.999059129,-0.667,0.62981499,0.108095046,0.96756426,NA,NA,NA,NA
"846","tg_rliver_repeat_haloperidol_t5_c3","haloperidol",3,30,"mg/kg",5,"repeat",4,"day",-0.04,0.972654947,0.703582504,0.881074738,-0.859,0.551334582,0.00394841,0.113631143,NA,NA,NA,NA
"847","tg_rliver_repeat_haloperidol_t6_c1","haloperidol",1,3,"mg/kg",6,"repeat",8,"day",-0.059,0.959929261,0.512892184,0.999672672,0.186,1.137605228,0.199260649,0.999672672,NA,NA,NA,NA
"848","tg_rliver_repeat_haloperidol_t6_c2","haloperidol",2,10,"mg/kg",6,"repeat",8,"day",0.223,1.167158102,0.11836688,0.999568783,-0.252,0.839731493,0.099867152,0.999568783,NA,NA,NA,NA
"849","tg_rliver_repeat_haloperidol_t6_c3","haloperidol",3,30,"mg/kg",6,"repeat",8,"day",-0.027,0.981459064,0.76334458,0.936791513,-0.217,0.860352631,0.122605192,0.525116713,NA,NA,NA,NA
"850","tg_rliver_repeat_haloperidol_t7_c1","haloperidol",1,3,"mg/kg",7,"repeat",15,"day",0.242,1.182631,0.120670572,0.998958547,-0.014,0.990342872,0.940814586,0.998958547,NA,NA,NA,NA
"851","tg_rliver_repeat_haloperidol_t7_c2","haloperidol",2,10,"mg/kg",7,"repeat",15,"day",0.157,1.114966219,0.068211869,0.999972663,-0.138,0.908778116,0.480747594,0.999972663,NA,NA,NA,NA
"852","tg_rliver_repeat_haloperidol_t7_c3","haloperidol",3,30,"mg/kg",7,"repeat",15,"day",-0.027,0.981459064,0.854204079,0.941056265,-0.217,0.860352631,0.265558833,0.596591714,NA,NA,NA,NA
"853","tg_rliver_repeat_haloperidol_t8_c1","haloperidol",1,3,"mg/kg",8,"repeat",29,"day",-0.054,0.963261894,0.551628281,0.945475927,-0.152,0.90000193,0.119617204,0.919794208,NA,NA,NA,NA
"854","tg_rliver_repeat_haloperidol_t8_c2","haloperidol",2,10,"mg/kg",8,"repeat",29,"day",0.066,1.046810282,0.481304946,0.999706637,-0.018,0.987600861,0.8754027,0.999706637,NA,NA,NA,NA
"855","tg_rliver_repeat_haloperidol_t8_c3","haloperidol",3,30,"mg/kg",8,"repeat",29,"day",0.076,1.054091423,0.380279639,0.794161615,0.031,1.021720083,0.797116651,0.949209816,NA,NA,NA,NA
"856","tg_rliver_repeat_hexachlorobenzene_t5_c1","hexachlorobenzene",1,30,"mg/kg",5,"repeat",4,"day",0.394,1.314031627,0.000664778,0.499700507,0.268,1.204137381,0.016133269,0.73497784,NA,NA,NA,NA
"857","tg_rliver_repeat_hexachlorobenzene_t5_c2","hexachlorobenzene",2,100,"mg/kg",5,"repeat",4,"day",0.249,1.188383105,0.087334287,0.621424639,0.462,1.377450046,0.019979733,0.489814986,NA,NA,NA,NA
"858","tg_rliver_repeat_hexachlorobenzene_t5_c3","hexachlorobenzene",3,300,"mg/kg",5,"repeat",4,"day",0.558,1.472226862,0.000622849,0.027592382,0.239,1.180174343,0.122469923,0.25809073,NA,NA,NA,NA
"859","tg_rliver_repeat_hexachlorobenzene_t6_c1","hexachlorobenzene",1,30,"mg/kg",6,"repeat",8,"day",-0.03,0.979420298,0.87174434,0.984616633,0.175,1.128964405,0.221503486,0.850000243,NA,NA,NA,NA
"860","tg_rliver_repeat_hexachlorobenzene_t6_c2","hexachlorobenzene",2,100,"mg/kg",6,"repeat",8,"day",-0.001,0.999307093,0.992668658,0.998538847,0.397,1.316766922,0.007626582,0.215243998,NA,NA,NA,NA
"861","tg_rliver_repeat_hexachlorobenzene_t6_c3","hexachlorobenzene",3,300,"mg/kg",6,"repeat",8,"day",-0.003,0.997922719,0.984271493,0.995777171,0.376,1.297738767,0.016140312,0.190916055,NA,NA,NA,NA
"862","tg_rliver_repeat_hexachlorobenzene_t7_c1","hexachlorobenzene",1,30,"mg/kg",7,"repeat",15,"day",0.059,1.041743429,0.445965846,0.79058364,-0.128,0.915099168,0.611907166,0.874037209,NA,NA,NA,NA
"863","tg_rliver_repeat_hexachlorobenzene_t7_c2","hexachlorobenzene",2,100,"mg/kg",7,"repeat",15,"day",0.286,1.219255094,0.020943946,0.125582639,-0.218,0.859756486,0.217528885,0.491176062,NA,NA,NA,NA
"864","tg_rliver_repeat_hexachlorobenzene_t7_c3","hexachlorobenzene",3,300,"mg/kg",7,"repeat",15,"day",0.197,1.146312186,0.229791871,0.468527938,-0.424,0.745355193,0.099539962,0.289016428,NA,NA,NA,NA
"865","tg_rliver_repeat_hexachlorobenzene_t8_c1","hexachlorobenzene",1,30,"mg/kg",8,"repeat",29,"day",0.077,1.054822317,0.497832496,0.779623096,0.358,1.281647924,0.12405912,0.421825225,NA,NA,NA,NA
"866","tg_rliver_repeat_hexachlorobenzene_t8_c2","hexachlorobenzene",2,100,"mg/kg",8,"repeat",29,"day",0.17,1.125058485,0.231636291,0.41657461,0.233,1.175276328,0.270774818,0.460419324,NA,NA,NA,NA
"867","tg_rliver_repeat_hexachlorobenzene_t8_c3","hexachlorobenzene",3,300,"mg/kg",8,"repeat",29,"day",0.182,1.134455485,0.119348455,0.303855539,-0.131,0.91319825,0.652048583,0.80668072,NA,NA,NA,NA
"868","tg_rliver_repeat_hydroxyzine_t5_c1","hydroxyzine",1,10,"mg/kg",5,"repeat",4,"day",-0.04,0.972654947,0.73842693,0.981059575,0.046,1.032398535,0.750765396,0.983602833,NA,NA,NA,NA
"869","tg_rliver_repeat_hydroxyzine_t5_c2","hydroxyzine",2,30,"mg/kg",5,"repeat",4,"day",-0.065,0.955945318,0.517698255,0.999633018,0.153,1.111879158,0.272814457,0.999633018,NA,NA,NA,NA
"870","tg_rliver_repeat_hydroxyzine_t5_c3","hydroxyzine",3,100,"mg/kg",5,"repeat",4,"day",-0.03,0.979420298,0.771714504,0.923691151,0.084,1.059952783,0.565168697,0.82895375,NA,NA,NA,NA
"871","tg_rliver_repeat_hydroxyzine_t6_c1","hydroxyzine",1,10,"mg/kg",6,"repeat",8,"day",-0.258,0.8362464,0.248519996,0.975479834,0.028,1.019597683,0.740458515,0.987987068,NA,NA,NA,NA
"872","tg_rliver_repeat_hydroxyzine_t6_c2","hydroxyzine",2,30,"mg/kg",6,"repeat",8,"day",0.062,1.043911927,0.781563909,0.948137864,0.189,1.139973273,0.085249256,0.582222948,NA,NA,NA,NA
"873","tg_rliver_repeat_hydroxyzine_t6_c3","hydroxyzine",3,100,"mg/kg",6,"repeat",8,"day",-0.021,0.985549337,0.922816475,0.984911758,0.225,1.168777249,0.021916131,0.298081507,NA,NA,NA,NA
"874","tg_rliver_repeat_hydroxyzine_t7_c1","hydroxyzine",1,10,"mg/kg",7,"repeat",15,"day",0.009,1.006257823,0.930138969,0.99711661,0.066,1.046810282,0.613225422,0.987044189,NA,NA,NA,NA
"875","tg_rliver_repeat_hydroxyzine_t7_c2","hydroxyzine",2,30,"mg/kg",7,"repeat",15,"day",-0.283,0.821880187,0.017429212,0.711203606,-0.054,0.963261894,0.577010122,0.881005812,NA,NA,NA,NA
"876","tg_rliver_repeat_hydroxyzine_t7_c3","hydroxyzine",3,100,"mg/kg",7,"repeat",15,"day",-0.022,0.984866443,0.818953798,0.970887322,-0.087,0.941478465,0.391141826,0.850149071,NA,NA,NA,NA
"877","tg_rliver_repeat_hydroxyzine_t8_c1","hydroxyzine",1,10,"mg/kg",8,"repeat",29,"day",0.105,1.07549439,0.411805496,0.966087692,0.117,1.084477409,0.37171205,0.966087692,NA,NA,NA,NA
"878","tg_rliver_repeat_hydroxyzine_t8_c2","hydroxyzine",2,30,"mg/kg",8,"repeat",29,"day",-0.049,0.966606097,0.720850989,0.915702222,0.303,1.23370717,0.047674193,0.521886754,NA,NA,NA,NA
"879","tg_rliver_repeat_hydroxyzine_t8_c3","hydroxyzine",3,100,"mg/kg",8,"repeat",29,"day",0.21,1.156688184,0.116801928,0.491464081,0.298,1.229438867,0.043801781,0.337387517,NA,NA,NA,NA
"880","tg_rliver_repeat_ibuprofen_t5_c1","ibuprofen",1,20,"mg/kg",5,"repeat",4,"day",-0.261,0.834509281,0.076939595,0.611111885,0.253,1.191682575,0.061374376,0.601725974,NA,NA,NA,NA
"881","tg_rliver_repeat_ibuprofen_t5_c2","ibuprofen",2,60,"mg/kg",5,"repeat",4,"day",-0.19,0.876605721,0.20705652,0.893740119,0.413,1.331451613,0.000275161,0.268468689,NA,NA,NA,NA
"882","tg_rliver_repeat_ibuprofen_t5_c3","ibuprofen",3,200,"mg/kg",5,"repeat",4,"day",-0.38,0.768437591,0.018506926,0.191302304,0.324,1.251796459,0.006278996,0.12675645,NA,NA,NA,NA
"883","tg_rliver_repeat_ibuprofen_t6_c1","ibuprofen",1,20,"mg/kg",6,"repeat",8,"day",-0.174,0.886381699,0.394902421,0.974454933,0.017,1.011853201,0.917002306,0.996268694,NA,NA,NA,NA
"884","tg_rliver_repeat_ibuprofen_t6_c2","ibuprofen",2,60,"mg/kg",6,"repeat",8,"day",-0.385,0.765778999,0.07789011,0.798306417,-0.014,0.990342872,0.899264723,0.985586272,NA,NA,NA,NA
"885","tg_rliver_repeat_ibuprofen_t6_c3","ibuprofen",3,200,"mg/kg",6,"repeat",8,"day",-0.359,0.779704843,0.105059427,0.422631151,-0.374,0.771640088,0.043567736,0.304755438,NA,NA,NA,NA
"886","tg_rliver_repeat_ibuprofen_t7_c1","ibuprofen",1,20,"mg/kg",7,"repeat",15,"day",0.385,1.305859787,0.010278651,0.666297258,0.115,1.082975046,0.612804332,0.905494758,NA,NA,NA,NA
"887","tg_rliver_repeat_ibuprofen_t7_c2","ibuprofen",2,60,"mg/kg",7,"repeat",15,"day",0.229,1.172022284,0.015170396,0.914136224,0.006,1.004167543,0.969581262,0.997182151,NA,NA,NA,NA
"888","tg_rliver_repeat_ibuprofen_t7_c3","ibuprofen",3,200,"mg/kg",7,"repeat",15,"day",0.113,1.081474763,0.268504424,0.587078108,-0.209,0.865136691,0.324449119,0.638660805,NA,NA,NA,NA
"889","tg_rliver_repeat_ibuprofen_t8_c1","ibuprofen",1,20,"mg/kg",8,"repeat",29,"day",0.082,1.058484395,0.279061003,0.668438935,0.117,1.084477409,0.301767042,0.675593554,NA,NA,NA,NA
"890","tg_rliver_repeat_ibuprofen_t8_c2","ibuprofen",2,60,"mg/kg",8,"repeat",29,"day",-0.134,0.911301281,0.100404883,0.437804779,0.23,1.172834949,0.159694167,0.47708355,NA,NA,NA,NA
"891","tg_rliver_repeat_ibuprofen_t8_c3","ibuprofen",3,200,"mg/kg",8,"repeat",29,"day",0.053,1.037419937,0.668970149,0.851635428,0.158,1.115739322,0.313059982,0.608318221,NA,NA,NA,NA
"892","tg_rliver_repeat_imipramine_t5_c1","imipramine",1,10,"mg/kg",5,"repeat",4,"day",0.013,1.009051634,0.868394439,0.999798768,0.276,1.210833084,0.159131407,0.999798768,NA,NA,NA,NA
"893","tg_rliver_repeat_imipramine_t5_c2","imipramine",2,30,"mg/kg",5,"repeat",4,"day",-0.034,0.976708529,0.773086855,0.99766673,0.199,1.147902414,0.251469694,0.99766673,NA,NA,NA,NA
"894","tg_rliver_repeat_imipramine_t5_c3","imipramine",3,100,"mg/kg",5,"repeat",4,"day",-0.19,0.876605721,0.05699015,0.719212069,0.382,1.303147149,0.009160995,0.46929893,NA,NA,NA,NA
"895","tg_rliver_repeat_imipramine_t6_c1","imipramine",1,10,"mg/kg",6,"repeat",8,"day",-0.102,0.931740429,0.475108666,0.977493044,-0.046,0.968618189,0.649713972,0.991393936,NA,NA,NA,NA
"896","tg_rliver_repeat_imipramine_t6_c2","imipramine",2,30,"mg/kg",6,"repeat",8,"day",-0.137,0.909408252,0.215333289,0.899997889,-0.187,0.878430468,0.167133243,0.894423005,NA,NA,NA,NA
"897","tg_rliver_repeat_imipramine_t6_c3","imipramine",3,100,"mg/kg",6,"repeat",8,"day",-0.361,0.778624691,0.019739273,0.212557208,-0.459,0.727490342,0.011752465,0.167610834,NA,NA,NA,NA
"898","tg_rliver_repeat_imipramine_t7_c1","imipramine",1,10,"mg/kg",7,"repeat",15,"day",-0.143,0.905633983,0.165170681,0.681955788,-0.353,0.782954296,0.034114442,0.607723205,NA,NA,NA,NA
"899","tg_rliver_repeat_imipramine_t7_c2","imipramine",2,30,"mg/kg",7,"repeat",15,"day",-0.409,0.753145233,0.015232406,0.839432187,-0.441,0.736623843,0.047877797,0.839432187,NA,NA,NA,NA
"900","tg_rliver_repeat_imipramine_t7_c3","imipramine",3,100,"mg/kg",7,"repeat",15,"day",-0.379,0.768970416,0.000551664,0.111213904,-0.282,0.822450069,0.248908072,0.728285428,NA,NA,NA,NA
"901","tg_rliver_repeat_imipramine_t8_c1","imipramine",1,10,"mg/kg",8,"repeat",29,"day",-0.117,0.922103118,0.541721271,0.999531825,-0.384,0.76630998,0.110233686,0.999531825,NA,NA,NA,NA
"902","tg_rliver_repeat_imipramine_t8_c2","imipramine",2,30,"mg/kg",8,"repeat",29,"day",-0.086,0.942131274,0.61482327,0.949638514,-0.089,0.940174203,0.650009526,0.956260764,NA,NA,NA,NA
"903","tg_rliver_repeat_imipramine_t8_c3","imipramine",3,100,"mg/kg",8,"repeat",29,"day",-0.192,0.87539133,0.296277487,0.999699694,-0.117,0.922103118,0.643972388,0.999699694,NA,NA,NA,NA
"904","tg_rliver_repeat_indomethacin_t5_c1","indomethacin",1,1,"mg/kg",5,"repeat",4,"day",0.546,1.460032011,0.123178162,0.751344844,-0.081,0.945402117,0.731673944,0.935917928,NA,NA,NA,NA
"905","tg_rliver_repeat_indomethacin_t5_c2","indomethacin",2,2,"mg/kg",5,"repeat",4,"day",-0.177,0.884540435,0.215655613,0.915533369,-0.159,0.89564567,0.434486809,0.946518467,NA,NA,NA,NA
"906","tg_rliver_repeat_indomethacin_t5_c3","indomethacin",3,5,"mg/kg",5,"repeat",4,"day",0.233,1.175276328,0.107239465,0.42024217,-0.201,0.869947353,0.277958226,0.620966169,NA,NA,NA,NA
"907","tg_rliver_repeat_indomethacin_t6_c1","indomethacin",1,1,"mg/kg",6,"repeat",8,"day",-0.111,0.925946023,0.712643021,0.955520023,0.119,1.085981856,0.720391322,0.95798817,NA,NA,NA,NA
"908","tg_rliver_repeat_indomethacin_t6_c2","indomethacin",2,2,"mg/kg",6,"repeat",8,"day",-0.176,0.885153765,0.59122082,0.994108471,-0.2,0.870550563,0.326715692,0.994108471,NA,NA,NA,NA
"909","tg_rliver_repeat_indomethacin_t6_c3","indomethacin",3,5,"mg/kg",6,"repeat",8,"day",-0.407,0.754190038,0.130614619,0.553032797,-0.61,0.655196702,0.073343924,0.510476788,NA,NA,NA,NA
"910","tg_rliver_repeat_indomethacin_t7_c1","indomethacin",1,1,"mg/kg",7,"repeat",15,"day",0.062,1.043911927,0.646167132,0.99704672,-0.161,0.894404902,0.327957967,0.973232258,NA,NA,NA,NA
"911","tg_rliver_repeat_indomethacin_t7_c2","indomethacin",2,2,"mg/kg",7,"repeat",15,"day",0.113,1.081474763,0.404641787,0.894063184,0.086,1.061423209,0.639354956,0.953875628,NA,NA,NA,NA
"912","tg_rliver_repeat_indomethacin_t7_c3","indomethacin",3,5,"mg/kg",7,"repeat",15,"day",-0.06,0.959264119,0.684165791,0.860782495,-0.128,0.915099168,0.55859023,0.789690899,"no","yes","no","no"
"913","tg_rliver_repeat_indomethacin_t8_c1","indomethacin",1,1,"mg/kg",8,"repeat",29,"day",0.015,1.010451446,0.866449935,0.999271504,0.003,1.002081605,0.979319216,0.999271504,NA,NA,NA,NA
"914","tg_rliver_repeat_indomethacin_t8_c2","indomethacin",2,2,"mg/kg",8,"repeat",29,"day",0.052,1.036701101,0.569496494,0.995766509,-0.216,0.860949188,0.176735886,0.995766509,NA,NA,NA,NA
"915","tg_rliver_repeat_iproniazid_t5_c1","iproniazid",1,6,"mg/kg",5,"repeat",4,"day",-0.332,0.7944344,0.081731607,0.938064793,-0.024,0.983502074,0.867194974,0.992252352,NA,NA,NA,NA
"916","tg_rliver_repeat_iproniazid_t5_c2","iproniazid",2,20,"mg/kg",5,"repeat",4,"day",-0.148,0.902500727,0.410724414,0.894049928,0.22,1.164733586,0.228875482,0.830167066,NA,NA,NA,NA
"917","tg_rliver_repeat_iproniazid_t5_c3","iproniazid",3,60,"mg/kg",5,"repeat",4,"day",-0.311,0.806082831,0.09977026,0.446628282,-0.346,0.786762445,0.050681298,0.351251353,NA,NA,NA,NA
"918","tg_rliver_repeat_iproniazid_t6_c1","iproniazid",1,6,"mg/kg",6,"repeat",8,"day",-0.261,0.834509281,0.186089434,0.88077037,-0.189,0.877213549,0.503646717,0.925974097,NA,NA,NA,NA
"919","tg_rliver_repeat_iproniazid_t6_c2","iproniazid",2,20,"mg/kg",6,"repeat",8,"day",-0.431,0.741747467,0.028329451,0.467763262,-0.387,0.764718139,0.061028445,0.536350678,NA,NA,NA,NA
"920","tg_rliver_repeat_iproniazid_t6_c3","iproniazid",3,60,"mg/kg",6,"repeat",8,"day",-0.373,0.772175133,0.044412747,0.329174052,-0.582,0.668037039,0.00940564,0.173357391,NA,NA,NA,NA
"921","tg_rliver_repeat_iproniazid_t7_c1","iproniazid",1,6,"mg/kg",7,"repeat",15,"day",-0.234,0.85027416,0.012330713,0.555012268,-0.439,0.737645729,0.078600586,0.814664382,NA,NA,NA,NA
"922","tg_rliver_repeat_iproniazid_t7_c2","iproniazid",2,20,"mg/kg",7,"repeat",15,"day",0.033,1.02313747,0.747140826,0.898166668,-0.177,0.884540435,0.49689351,0.769558094,NA,NA,NA,NA
"923","tg_rliver_repeat_iproniazid_t7_c3","iproniazid",3,60,"mg/kg",7,"repeat",15,"day",0.008,1.00556058,0.922072903,0.979966914,-0.313,0.804966138,0.195341711,0.556364441,NA,NA,NA,NA
"924","tg_rliver_repeat_iproniazid_t8_c1","iproniazid",1,6,"mg/kg",8,"repeat",29,"day",-0.134,0.911301281,0.279661456,0.939720764,0.198,1.147107024,0.28727361,0.93979781,NA,NA,NA,NA
"925","tg_rliver_repeat_iproniazid_t8_c2","iproniazid",2,20,"mg/kg",8,"repeat",29,"day",0.024,1.016774673,0.853995975,0.969158781,-0.033,0.977385766,0.662598706,0.918195079,NA,NA,NA,NA
"926","tg_rliver_repeat_iproniazid_t8_c3","iproniazid",3,60,"mg/kg",8,"repeat",29,"day",-0.035,0.976031761,0.732128964,0.908841213,-0.167,0.890692901,0.046551535,0.301071473,NA,NA,NA,NA
"927","tg_rliver_repeat_isoniazid_t5_c1","isoniazid",1,50,"mg/kg",5,"repeat",4,"day",0.288,1.220946513,0.049962393,0.992466149,0.141,1.102669163,0.252522198,0.992466149,NA,NA,NA,NA
"928","tg_rliver_repeat_isoniazid_t5_c2","isoniazid",2,100,"mg/kg",5,"repeat",4,"day",-0.066,0.955282936,0.536540691,0.996031623,0.138,1.100378609,0.237926951,0.996031623,NA,NA,NA,NA
"929","tg_rliver_repeat_isoniazid_t5_c3","isoniazid",3,200,"mg/kg",5,"repeat",4,"day",-0.004,0.997231251,0.97478501,0.991958487,-0.235,0.849684999,0.048515876,0.454926122,NA,NA,NA,NA
"930","tg_rliver_repeat_isoniazid_t6_c1","isoniazid",1,50,"mg/kg",6,"repeat",8,"day",0.485,1.399585866,0.067079944,0.864740918,0.347,1.271913007,0.040896349,0.864740918,NA,NA,NA,NA
"931","tg_rliver_repeat_isoniazid_t6_c2","isoniazid",2,100,"mg/kg",6,"repeat",8,"day",0.153,1.111879158,0.094949483,0.678246546,0.047,1.033114388,0.880747364,0.982022386,NA,NA,NA,NA
"932","tg_rliver_repeat_isoniazid_t6_c3","isoniazid",3,200,"mg/kg",6,"repeat",8,"day",0.049,1.034547582,0.568254997,0.779552636,-0.269,0.829894586,0.144582647,0.473882243,NA,NA,NA,NA
"933","tg_rliver_repeat_isoniazid_t7_c1","isoniazid",1,50,"mg/kg",7,"repeat",15,"day",-0.156,0.897510051,0.224372811,0.999991073,0.082,1.058484395,0.348531993,0.999991073,NA,NA,NA,NA
"934","tg_rliver_repeat_isoniazid_t7_c2","isoniazid",2,100,"mg/kg",7,"repeat",15,"day",-0.179,0.883315051,0.133402521,0.999783728,-0.009,0.993781093,0.906096451,0.999783728,NA,NA,NA,NA
"935","tg_rliver_repeat_isoniazid_t7_c3","isoniazid",3,200,"mg/kg",7,"repeat",15,"day",-0.198,0.87175824,0.324965175,0.730095324,-0.053,0.963929808,0.557514771,0.851580772,NA,NA,NA,NA
"936","tg_rliver_repeat_isoniazid_t8_c1","isoniazid",1,50,"mg/kg",8,"repeat",29,"day",-0.013,0.991029563,0.926183256,0.999984925,-0.076,0.948684315,0.575165487,0.999984925,NA,NA,NA,NA
"937","tg_rliver_repeat_isoniazid_t8_c2","isoniazid",2,100,"mg/kg",8,"repeat",29,"day",0.062,1.043911927,0.769738091,0.998421394,-0.054,0.963261894,0.795535465,0.998421394,NA,NA,NA,NA
"938","tg_rliver_repeat_isoniazid_t8_c3","isoniazid",3,200,"mg/kg",8,"repeat",29,"day",0.636,1.554014538,0.001494274,0.419616344,0.06,1.042465761,0.687772562,0.99433797,NA,NA,NA,NA
"939","tg_rliver_repeat_ketoconazole_t5_c1","ketoconazole",1,10,"mg/kg",5,"repeat",4,"day",-0.055,0.962594443,0.732767413,0.968634962,0.09,1.064370182,0.483120272,0.919435393,NA,NA,NA,NA
"940","tg_rliver_repeat_ketoconazole_t5_c2","ketoconazole",2,30,"mg/kg",5,"repeat",4,"day",-0.161,0.894404902,0.424418731,0.892118057,0.27,1.205807828,0.040171886,0.512127231,NA,NA,NA,NA
"941","tg_rliver_repeat_ketoconazole_t5_c3","ketoconazole",3,100,"mg/kg",5,"repeat",4,"day",-0.206,0.866937564,0.224170088,0.545890598,0.166,1.121943481,0.162307802,0.469849923,NA,NA,NA,NA
"942","tg_rliver_repeat_ketoconazole_t6_c1","ketoconazole",1,10,"mg/kg",6,"repeat",8,"day",-0.021,0.985549337,0.835628335,0.965686436,-0.283,0.821880187,0.136186864,0.729600463,NA,NA,NA,NA
"943","tg_rliver_repeat_ketoconazole_t6_c2","ketoconazole",2,30,"mg/kg",6,"repeat",8,"day",-0.017,0.988285652,0.880997872,0.946576871,-0.166,0.891310496,0.246659799,0.503173785,NA,NA,NA,NA
"944","tg_rliver_repeat_ketoconazole_t6_c3","ketoconazole",3,100,"mg/kg",6,"repeat",8,"day",-0.275,0.826450318,0.009159335,0.229372009,-0.228,0.853817714,0.031470139,0.303527218,NA,NA,NA,NA
"945","tg_rliver_repeat_ketoconazole_t7_c1","ketoconazole",1,10,"mg/kg",7,"repeat",15,"day",0.019,1.0132569,0.820796997,0.95983982,-0.134,0.911301281,0.265184919,0.795033027,NA,NA,NA,NA
"946","tg_rliver_repeat_ketoconazole_t7_c2","ketoconazole",2,30,"mg/kg",7,"repeat",15,"day",0.267,1.203303026,0.242889506,0.854298989,-0.06,0.959264119,0.475986934,0.914014455,NA,NA,NA,NA
"947","tg_rliver_repeat_ketoconazole_t7_c3","ketoconazole",3,100,"mg/kg",7,"repeat",15,"day",-0.217,0.860352631,0.028859611,0.318068831,-0.161,0.894404902,0.27511379,0.561264357,NA,NA,NA,NA
"948","tg_rliver_repeat_ketoconazole_t8_c1","ketoconazole",1,10,"mg/kg",8,"repeat",29,"day",-0.033,0.977385766,0.77165195,0.982564038,0.009,1.006257823,0.967737877,0.998692375,NA,NA,NA,NA
"949","tg_rliver_repeat_ketoconazole_t8_c2","ketoconazole",2,30,"mg/kg",8,"repeat",29,"day",-0.009,0.993781093,0.931725931,0.982404223,-0.013,0.991029563,0.946337765,0.986014409,NA,NA,NA,NA
"950","tg_rliver_repeat_ketoconazole_t8_c3","ketoconazole",3,100,"mg/kg",8,"repeat",29,"day",-0.276,0.825877665,0.04204943,0.525938764,0.048,1.033830736,0.833653435,0.977821137,NA,NA,NA,NA
"951","tg_rliver_repeat_labetalol_t5_c1","labetalol",1,45,"mg/kg",5,"repeat",4,"day",-0.076,0.948684315,0.630932188,0.99130405,0.061,1.043188594,0.707831126,0.992898945,NA,NA,NA,NA
"952","tg_rliver_repeat_labetalol_t5_c2","labetalol",2,150,"mg/kg",5,"repeat",4,"day",0.08,1.057018041,0.570746731,0.92614306,0.047,1.033114388,0.753004329,0.964105699,NA,NA,NA,NA
"953","tg_rliver_repeat_labetalol_t5_c3","labetalol",3,450,"mg/kg",5,"repeat",4,"day",-0.194,0.87417862,0.219924294,0.764570298,-0.119,0.920825697,0.628790886,0.914855613,NA,NA,NA,NA
"954","tg_rliver_repeat_labetalol_t6_c1","labetalol",1,45,"mg/kg",6,"repeat",8,"day",0.052,1.036701101,0.877661609,0.949648849,0.289,1.221793102,0.124716019,0.521876482,NA,NA,NA,NA
"955","tg_rliver_repeat_labetalol_t6_c2","labetalol",2,150,"mg/kg",6,"repeat",8,"day",0.081,1.057750964,0.427334809,0.837244549,0.281,1.215036792,0.092227041,0.691478253,NA,NA,NA,NA
"956","tg_rliver_repeat_labetalol_t6_c3","labetalol",3,450,"mg/kg",6,"repeat",8,"day",-0.163,0.893165852,0.136754134,0.639774344,0.173,1.127400412,0.188681987,0.680583692,NA,NA,NA,NA
"957","tg_rliver_repeat_labetalol_t7_c1","labetalol",1,45,"mg/kg",7,"repeat",15,"day",-0.02,0.986232704,0.835566796,0.999874789,0.027,1.018891197,0.701538637,0.999874789,NA,NA,NA,NA
"958","tg_rliver_repeat_labetalol_t7_c2","labetalol",2,150,"mg/kg",7,"repeat",15,"day",0.008,1.00556058,0.949721136,0.999501963,0.16,1.117287138,0.117448476,0.999501963,NA,NA,NA,NA
"959","tg_rliver_repeat_labetalol_t7_c3","labetalol",3,450,"mg/kg",7,"repeat",15,"day",-0.06,0.959264119,0.623542358,0.999472107,-0.382,0.767373048,0.041964443,0.979451497,NA,NA,NA,NA
"960","tg_rliver_repeat_labetalol_t8_c1","labetalol",1,45,"mg/kg",8,"repeat",29,"day",0.062,1.043911927,0.549301609,0.999951044,-0.046,0.968618189,0.769382018,0.999951044,NA,NA,NA,NA
"961","tg_rliver_repeat_labetalol_t8_c2","labetalol",2,150,"mg/kg",8,"repeat",29,"day",0.013,1.009051634,0.85858025,0.998927395,0.07,1.049716684,0.654966268,0.998927395,NA,NA,NA,NA
"962","tg_rliver_repeat_labetalol_t8_c3","labetalol",3,450,"mg/kg",8,"repeat",29,"day",-0.027,0.981459064,0.706185979,0.970131732,-0.406,0.754712984,0.059100333,0.704428356,NA,NA,NA,NA
"963","tg_rliver_repeat_lomustine_t5_c1","lomustine",1,1,"mg/kg",5,"repeat",4,"day",-0.203,0.868742185,0.153685087,0.886690329,-0.007,0.995159722,0.969751568,0.997713442,NA,NA,NA,NA
"964","tg_rliver_repeat_lomustine_t5_c2","lomustine",2,2,"mg/kg",5,"repeat",4,"day",-0.333,0.793883931,0.001896708,0.932721383,-0.016,0.988970916,0.891994058,0.986907396,NA,NA,NA,NA
"965","tg_rliver_repeat_lomustine_t5_c3","lomustine",3,6,"mg/kg",5,"repeat",4,"day",-0.32,0.801069878,0.00865381,0.613329766,0.184,1.136029265,0.34576316,0.851212699,NA,NA,NA,NA
"966","tg_rliver_repeat_lomustine_t6_c1","lomustine",1,1,"mg/kg",6,"repeat",8,"day",-0.386,0.765248385,0.111178009,0.944606327,-0.04,0.972654947,0.89720459,0.993837362,NA,NA,NA,NA
"967","tg_rliver_repeat_lomustine_t6_c2","lomustine",2,2,"mg/kg",6,"repeat",8,"day",-0.189,0.877213549,0.367781318,0.880302167,0.287,1.22010051,0.321183944,0.85941898,NA,NA,NA,NA
"968","tg_rliver_repeat_lomustine_t6_c3","lomustine",3,6,"mg/kg",6,"repeat",8,"day",-0.399,0.758383773,0.102514859,0.561300187,-0.105,0.929804943,0.744568029,0.92527346,NA,NA,NA,NA
"969","tg_rliver_repeat_lomustine_t7_c1","lomustine",1,1,"mg/kg",7,"repeat",15,"day",0.036,1.025267238,0.649312076,0.99987183,0.247,1.186736798,0.023738617,0.99987183,NA,NA,NA,NA
"970","tg_rliver_repeat_lomustine_t7_c2","lomustine",2,2,"mg/kg",7,"repeat",15,"day",-0.102,0.931740429,0.397251679,0.960079901,0.038,1.026689546,0.777459277,0.990555208,"no","yes","no","no"
"971","tg_rliver_repeat_lomustine_t7_c3","lomustine",3,6,"mg/kg",7,"repeat",15,"day",-0.096,0.935623498,0.306698203,0.52545589,-0.138,0.908778116,0.526552329,0.70895547,"yes","yes","no","no"
"972","tg_rliver_repeat_lomustine_t8_c1","lomustine",1,1,"mg/kg",8,"repeat",29,"day",-0.353,0.782954296,0.100949172,0.774507201,0.035,1.024556823,0.888927799,0.9699087,NA,NA,NA,NA
"973","tg_rliver_repeat_lomustine_t8_c2","lomustine",2,2,"mg/kg",8,"repeat",29,"day",-0.3,0.812252396,0.16535768,0.949531886,-0.259,0.835666959,0.108396984,0.920643517,NA,NA,NA,NA
"974","tg_rliver_repeat_lomustine_t8_c3","lomustine",3,6,"mg/kg",8,"repeat",29,"day",-0.154,0.898755127,0.418120737,0.589646752,-0.074,0.950000383,0.660462796,0.779540713,"yes","yes","no","yes"
"975","tg_rliver_repeat_lornoxicam_t5_c1","lornoxicam",1,0.1,"mg/kg",5,"repeat",4,"day",0.091,1.065108203,0.584016085,0.887680531,0.25,1.189207115,0.0844392,0.623856515,NA,NA,NA,NA
"976","tg_rliver_repeat_lornoxicam_t5_c2","lornoxicam",2,1,"mg/kg",5,"repeat",4,"day",0.118,1.085229372,0.491870603,0.816569744,0.038,1.026689546,0.661785776,0.891351481,"no","yes","no","no"
"977","tg_rliver_repeat_lornoxicam_t5_c3","lornoxicam",3,3,"mg/kg",5,"repeat",4,"day",0.118,1.085229372,0.473726379,0.711085566,0.221,1.165541198,0.031415133,0.158028327,NA,NA,NA,NA
"978","tg_rliver_repeat_lornoxicam_t6_c1","lornoxicam",1,0.1,"mg/kg",6,"repeat",8,"day",-0.001,0.999307093,0.996098766,0.99961406,-0.493,0.710546022,0.050951542,0.823855474,NA,NA,NA,NA
"979","tg_rliver_repeat_lornoxicam_t6_c2","lornoxicam",2,1,"mg/kg",6,"repeat",8,"day",-0.129,0.914465089,0.28214544,0.844356907,-0.309,0.807201075,0.238692794,0.83428843,NA,NA,NA,NA
"980","tg_rliver_repeat_lornoxicam_t6_c3","lornoxicam",3,3,"mg/kg",6,"repeat",8,"day",0.047,1.033114388,0.774375251,0.884237676,-0.486,0.71400199,0.142474847,0.367433744,NA,NA,NA,NA
"981","tg_rliver_repeat_lornoxicam_t7_c1","lornoxicam",1,0.1,"mg/kg",7,"repeat",15,"day",0.238,1.179356592,0.085244488,0.973804436,0.291,1.223488041,0.215084245,0.973804436,NA,NA,NA,NA
"982","tg_rliver_repeat_lornoxicam_t7_c2","lornoxicam",2,1,"mg/kg",7,"repeat",15,"day",0.089,1.063632673,0.454975691,0.912771804,0.136,1.098854218,0.534528877,0.933993889,NA,NA,NA,NA
"983","tg_rliver_repeat_lornoxicam_t7_c3","lornoxicam",3,3,"mg/kg",7,"repeat",15,"day",0.051,1.035982764,0.683246772,0.902695202,0.168,1.123499903,0.433229151,0.782601578,NA,NA,NA,NA
"984","tg_rliver_repeat_lornoxicam_t8_c1","lornoxicam",1,0.1,"mg/kg",8,"repeat",29,"day",-0.018,0.987600861,0.868026233,0.974040475,0.21,1.156688184,0.41169573,0.86018418,NA,NA,NA,NA
"985","tg_rliver_repeat_lornoxicam_t8_c2","lornoxicam",2,1,"mg/kg",8,"repeat",29,"day",-0.271,0.828744904,0.02895574,0.366790257,0.178,1.131314463,0.404864844,0.762692769,"no","yes","no","no"
"986","tg_rliver_repeat_mefenamicacid_t5_c1","mefenamic acid",1,30,"mg/kg",5,"repeat",4,"day",-0.096,0.935623498,0.622901832,0.958252228,-0.286,0.820172911,0.079096523,0.832447116,NA,NA,NA,NA
"987","tg_rliver_repeat_mefenamicacid_t5_c2","mefenamic acid",2,100,"mg/kg",5,"repeat",4,"day",-0.033,0.977385766,0.859333122,0.995131832,0.233,1.175276328,0.469958352,0.992351363,NA,NA,NA,NA
"988","tg_rliver_repeat_mefenamicacid_t5_c3","mefenamic acid",3,300,"mg/kg",5,"repeat",4,"day",-0.22,0.858565436,0.315018407,0.702456226,-0.037,0.974679631,0.90059922,0.97080749,NA,NA,NA,NA
"989","tg_rliver_repeat_mefenamicacid_t6_c1","mefenamic acid",1,30,"mg/kg",6,"repeat",8,"day",0.136,1.098854218,0.079383495,0.900324865,0.107,1.076986376,0.586637241,0.960895842,NA,NA,NA,NA
"990","tg_rliver_repeat_mefenamicacid_t6_c2","mefenamic acid",2,100,"mg/kg",6,"repeat",8,"day",0.065,1.04608494,0.539341141,0.99879199,0.273,1.208317843,0.132814832,0.99879199,NA,NA,NA,NA
"991","tg_rliver_repeat_mefenamicacid_t6_c3","mefenamic acid",3,300,"mg/kg",6,"repeat",8,"day",0.212,1.158292806,0.055179797,0.418278818,-0.19,0.876605721,0.16041512,0.577428086,NA,NA,NA,NA
"992","tg_rliver_repeat_mefenamicacid_t7_c1","mefenamic acid",1,30,"mg/kg",7,"repeat",15,"day",0.129,1.093535457,0.347035018,0.972449285,-0.127,0.915733686,0.378061497,0.973033561,NA,NA,NA,NA
"993","tg_rliver_repeat_mefenamicacid_t7_c2","mefenamic acid",2,100,"mg/kg",7,"repeat",15,"day",-0.024,0.983502074,0.826236045,0.991517723,-0.15,0.901250463,0.200396491,0.920864041,NA,NA,NA,NA
"994","tg_rliver_repeat_mefenamicacid_t7_c3","mefenamic acid",3,300,"mg/kg",7,"repeat",15,"day",0.062,1.043911927,0.545536207,0.79470786,-0.245,0.843815796,0.158179423,0.483455163,NA,NA,NA,NA
"995","tg_rliver_repeat_mefenamicacid_t8_c1","mefenamic acid",1,30,"mg/kg",8,"repeat",29,"day",-0.13,0.91383145,0.2032338,0.995199642,-0.152,0.90000193,0.219337929,0.995199642,NA,NA,NA,NA
"996","tg_rliver_repeat_mefenamicacid_t8_c2","mefenamic acid",2,100,"mg/kg",8,"repeat",29,"day",-0.1,0.933032992,0.271903453,0.773702181,-0.065,0.955945318,0.689107423,0.937790541,"no","yes","no","no"
"997","tg_rliver_repeat_mefenamicacid_t8_c3","mefenamic acid",3,300,"mg/kg",8,"repeat",29,"day",-0.03,0.979420298,0.728875241,0.876739262,0.044,1.030968319,0.777908053,0.901552438,"no","yes","no","no"
"998","tg_rliver_repeat_meloxicam_t5_c1","meloxicam",1,3,"mg/kg",5,"repeat",4,"day",0.249,1.188383105,0.040435515,0.999980585,0.287,1.22010051,0.104765604,0.999980585,NA,NA,NA,NA
"999","tg_rliver_repeat_meloxicam_t5_c2","meloxicam",2,10,"mg/kg",5,"repeat",4,"day",0.084,1.059952783,0.352927873,0.998433157,0.615,1.531557997,0.000671527,0.998433157,NA,NA,NA,NA
"1000","tg_rliver_repeat_meloxicam_t5_c3","meloxicam",3,30,"mg/kg",5,"repeat",4,"day",0.073,1.051901779,0.59712637,0.8047547,0.202,1.150291893,0.425030646,0.685301669,NA,NA,NA,NA
"1001","tg_rliver_repeat_meloxicam_t6_c1","meloxicam",1,3,"mg/kg",6,"repeat",8,"day",-0.28,0.823591017,0.002711361,0.878607225,0.51,1.424050196,0.00722149,0.900483457,NA,NA,NA,NA
"1002","tg_rliver_repeat_meloxicam_t6_c2","meloxicam",2,10,"mg/kg",6,"repeat",8,"day",0.168,1.123499903,0.190626582,0.886131777,0.591,1.506290467,0.008820409,0.714555671,NA,NA,NA,NA
"1003","tg_rliver_repeat_meloxicam_t6_c3","meloxicam",3,30,"mg/kg",6,"repeat",8,"day",-0.132,0.912565489,0.272193881,0.502364306,0.641,1.559409685,0.115960496,0.306485877,NA,NA,NA,NA
"1004","tg_rliver_repeat_meloxicam_t7_c1","meloxicam",1,3,"mg/kg",7,"repeat",15,"day",0.013,1.009051634,0.891342884,0.999424681,-0.129,0.914465089,0.481860251,0.999424681,NA,NA,NA,NA
"1005","tg_rliver_repeat_meloxicam_t7_c2","meloxicam",2,10,"mg/kg",7,"repeat",15,"day",0.091,1.065108203,0.436763287,0.999149586,-0.18,0.882702996,0.337876394,0.999149586,NA,NA,NA,NA
"1006","tg_rliver_repeat_meloxicam_t7_c3","meloxicam",3,30,"mg/kg",7,"repeat",15,"day",0.17,1.125058485,0.233602673,0.740408195,0.203,1.151089491,0.349478847,0.818912699,NA,NA,NA,NA
"1007","tg_rliver_repeat_meloxicam_t8_c1","meloxicam",1,3,"mg/kg",8,"repeat",29,"day",0.172,1.126619228,0.239166441,0.648447279,-0.244,0.844400887,0.026804134,0.43214782,NA,NA,NA,NA
"1008","tg_rliver_repeat_meloxicam_t8_c2","meloxicam",2,10,"mg/kg",8,"repeat",29,"day",0.156,1.114193651,0.26192231,0.714972182,-0.218,0.859756486,0.073902943,0.574644869,NA,NA,NA,NA
"1009","tg_rliver_repeat_metformin_t5_c1","metformin",1,100,"mg/kg",5,"repeat",4,"day",0.045,1.031683179,0.720831091,0.999945564,0.15,1.109569472,0.13424729,0.999945564,NA,NA,NA,NA
"1010","tg_rliver_repeat_metformin_t5_c2","metformin",2,300,"mg/kg",5,"repeat",4,"day",0.233,1.175276328,0.050171674,0.999916409,0.113,1.081474763,0.203578135,0.999916409,NA,NA,NA,NA
"1011","tg_rliver_repeat_metformin_t5_c3","metformin",3,1000,"mg/kg",5,"repeat",4,"day",0.3,1.231144413,0.029981752,0.381173116,-0.126,0.916368645,0.164425675,0.569824073,NA,NA,NA,NA
"1012","tg_rliver_repeat_metformin_t6_c1","metformin",1,100,"mg/kg",6,"repeat",8,"day",0.008,1.00556058,0.921312039,0.998911265,-0.059,0.959929261,0.469232196,0.998911265,NA,NA,NA,NA
"1013","tg_rliver_repeat_metformin_t6_c2","metformin",2,300,"mg/kg",6,"repeat",8,"day",0.065,1.04608494,0.454669992,0.999692631,0.002,1.001387256,0.979705222,0.999692631,NA,NA,NA,NA
"1014","tg_rliver_repeat_metformin_t6_c3","metformin",3,1000,"mg/kg",6,"repeat",8,"day",-0.069,0.953298545,0.48688189,0.999350622,-0.16,0.895025071,0.032262324,0.999350622,NA,NA,NA,NA
"1015","tg_rliver_repeat_metformin_t7_c1","metformin",1,100,"mg/kg",7,"repeat",15,"day",0.105,1.07549439,0.189853547,0.784277749,0.206,1.153485605,0.156532219,0.775488026,NA,NA,NA,NA
"1016","tg_rliver_repeat_metformin_t7_c2","metformin",2,300,"mg/kg",7,"repeat",15,"day",0.072,1.051172909,0.652445128,0.957803811,0.039,1.027401439,0.707371582,0.962771381,NA,NA,NA,NA
"1017","tg_rliver_repeat_metformin_t7_c3","metformin",3,1000,"mg/kg",7,"repeat",15,"day",0.067,1.047536127,0.340102677,0.999062253,0.027,1.018891197,0.882027116,0.999062253,NA,NA,NA,NA
"1018","tg_rliver_repeat_metformin_t8_c1","metformin",1,100,"mg/kg",8,"repeat",29,"day",0.06,1.042465761,0.521115503,0.991872715,-0.427,0.743806881,0.004299554,0.991872715,NA,NA,NA,NA
"1019","tg_rliver_repeat_metformin_t8_c2","metformin",2,300,"mg/kg",8,"repeat",29,"day",0.198,1.147107024,0.041864817,0.828541126,-0.286,0.820172911,0.016879684,0.828541126,NA,NA,NA,NA
"1020","tg_rliver_repeat_metformin_t8_c3","metformin",3,1000,"mg/kg",8,"repeat",29,"day",0.223,1.167158102,0.018356212,0.609706193,-0.144,0.905006463,0.165769519,0.735615438,NA,NA,NA,NA
"1021","tg_rliver_repeat_methapyrilene_t5_c1","methapyrilene",1,10,"mg/kg",5,"repeat",4,"day",-0.078,0.947370071,0.57523734,0.998906217,-0.001,0.999307093,0.992135223,0.998906217,NA,NA,NA,NA
"1022","tg_rliver_repeat_methapyrilene_t5_c2","methapyrilene",2,30,"mg/kg",5,"repeat",4,"day",-0.224,0.856188285,0.057332738,0.996918596,-0.281,0.823020345,0.049413422,0.996918596,NA,NA,NA,NA
"1023","tg_rliver_repeat_methapyrilene_t5_c3","methapyrilene",3,100,"mg/kg",5,"repeat",4,"day",-0.204,0.868140228,0.069340771,0.332085955,-0.423,0.745872013,0.055734529,0.304453019,"yes","no","no","no"
"1024","tg_rliver_repeat_methapyrilene_t6_c1","methapyrilene",1,10,"mg/kg",6,"repeat",8,"day",-0.062,0.957935218,0.484598981,0.931372556,-0.466,0.723969086,0.065166967,0.722033111,NA,NA,NA,NA
"1025","tg_rliver_repeat_methapyrilene_t6_c2","methapyrilene",2,30,"mg/kg",6,"repeat",8,"day",0.037,1.025978145,0.594330431,0.882137134,-0.058,0.960594864,0.617480263,0.891326012,NA,NA,NA,NA
"1026","tg_rliver_repeat_methapyrilene_t6_c3","methapyrilene",3,100,"mg/kg",6,"repeat",8,"day",0.112,1.080725402,0.387209536,0.468877872,0.401,1.320422841,0.005996999,0.019139301,"yes","no","no","no"
"1027","tg_rliver_repeat_methapyrilene_t7_c1","methapyrilene",1,10,"mg/kg",7,"repeat",15,"day",0.108,1.077733145,0.353989532,0.898444003,-0.122,0.918912883,0.349500315,0.896206333,NA,NA,NA,NA
"1028","tg_rliver_repeat_methapyrilene_t7_c2","methapyrilene",2,30,"mg/kg",7,"repeat",15,"day",0.003,1.002081605,0.980502386,0.995524755,0.069,1.048989328,0.476015115,0.861882059,"yes","no","no","no"
"1029","tg_rliver_repeat_methapyrilene_t7_c3","methapyrilene",3,100,"mg/kg",7,"repeat",15,"day",0.322,1.250062303,0.002500098,0.008886829,0.469,1.384149716,0.038956639,0.082059231,"yes","no","no","no"
"1030","tg_rliver_repeat_methapyrilene_t8_c1","methapyrilene",1,10,"mg/kg",8,"repeat",29,"day",-0.004,0.997231251,0.963369619,0.997721446,0.298,1.229438867,0.0193675,0.866284982,NA,NA,NA,NA
"1031","tg_rliver_repeat_methapyrilene_t8_c2","methapyrilene",2,30,"mg/kg",8,"repeat",29,"day",-0.109,0.927230546,0.240751813,0.527376231,0.55,1.464085696,0.000196745,0.016841719,"yes","no","no","no"
"1032","tg_rliver_repeat_methapyrilene_t8_c3","methapyrilene",3,100,"mg/kg",8,"repeat",29,"day",0.795,1.735077374,6.58212e-05,0.000453139,1.887,3.698653112,2.23966e-05,0.000202514,"yes","no","no","no"
"1033","tg_rliver_repeat_methimazole_t5_c1","methimazole",1,10,"mg/kg",5,"repeat",4,"day",0.131,1.095052471,0.202039767,0.748733375,0.261,1.198309021,0.230120725,0.760375191,NA,NA,NA,NA
"1034","tg_rliver_repeat_methimazole_t5_c2","methimazole",2,30,"mg/kg",5,"repeat",4,"day",0.008,1.00556058,0.934391941,0.973961689,-0.143,0.905633983,0.517191299,0.748965243,NA,NA,NA,NA
"1035","tg_rliver_repeat_methimazole_t5_c3","methimazole",3,100,"mg/kg",5,"repeat",4,"day",-0.066,0.955282936,0.321911841,0.549465836,-0.583,0.667574152,0.000969891,0.027301939,NA,NA,NA,NA
"1036","tg_rliver_repeat_methimazole_t6_c1","methimazole",1,10,"mg/kg",6,"repeat",8,"day",0.025,1.017479692,0.720778824,0.994264338,-0.348,0.785672517,0.016013692,0.745894192,NA,NA,NA,NA
"1037","tg_rliver_repeat_methimazole_t6_c2","methimazole",2,30,"mg/kg",6,"repeat",8,"day",-0.076,0.948684315,0.350096719,0.617109131,-0.504,0.70514898,0.009281565,0.146343694,NA,NA,NA,NA
"1038","tg_rliver_repeat_methimazole_t6_c3","methimazole",3,100,"mg/kg",6,"repeat",8,"day",-0.099,0.933679945,0.241365491,0.431430717,-0.372,0.77271055,0.019870402,0.101335847,NA,NA,NA,NA
"1039","tg_rliver_repeat_methimazole_t7_c1","methimazole",1,10,"mg/kg",7,"repeat",15,"day",-0.047,0.967947027,0.608836622,0.944488806,0.074,1.052631155,0.476282578,0.917660597,NA,NA,NA,NA
"1040","tg_rliver_repeat_methimazole_t7_c2","methimazole",2,30,"mg/kg",7,"repeat",15,"day",-0.132,0.912565489,0.161169058,0.381320788,-0.227,0.854409741,0.046442993,0.185493691,NA,NA,NA,NA
"1041","tg_rliver_repeat_methimazole_t7_c3","methimazole",3,100,"mg/kg",7,"repeat",15,"day",0.034,1.0238469,0.738523354,0.886660729,-0.172,0.887611337,0.315810569,0.606611394,NA,NA,NA,NA
"1042","tg_rliver_repeat_methimazole_t8_c1","methimazole",1,10,"mg/kg",8,"repeat",29,"day",0.156,1.114193651,0.026783304,0.393946392,0.105,1.07549439,0.382033748,0.841672158,NA,NA,NA,NA
"1043","tg_rliver_repeat_methimazole_t8_c2","methimazole",2,30,"mg/kg",8,"repeat",29,"day",-0.088,0.940826108,0.371208978,0.694844962,-0.191,0.875998315,0.114193097,0.418397741,NA,NA,NA,NA
"1044","tg_rliver_repeat_methimazole_t8_c3","methimazole",3,100,"mg/kg",8,"repeat",29,"day",0.1,1.071773463,0.368911493,0.587207305,-0.201,0.869947353,0.185335009,0.395935776,NA,NA,NA,NA
"1045","tg_rliver_repeat_methyldopa_t5_c1","methyldopa",1,60,"mg/kg",5,"repeat",4,"day",-0.274,0.827023368,0.044985555,0.991530812,0.365,1.28788163,0.028517626,0.991530812,"no","yes","no","no"
"1046","tg_rliver_repeat_methyldopa_t5_c2","methyldopa",2,200,"mg/kg",5,"repeat",4,"day",-0.356,0.78132788,0.017685383,0.376577046,0.157,1.114966219,0.277808347,0.765595789,"no","yes","no","no"
"1047","tg_rliver_repeat_methyldopa_t5_c3","methyldopa",3,600,"mg/kg",5,"repeat",4,"day",-0.378,0.76950361,0.014026901,0.251222149,-0.243,0.844986384,0.127861478,0.492562614,NA,NA,NA,NA
"1048","tg_rliver_repeat_methyldopa_t6_c1","methyldopa",1,60,"mg/kg",6,"repeat",8,"day",0.148,1.108032348,0.284292793,0.856690264,0.3,1.231144413,0.048802032,0.58020888,NA,NA,NA,NA
"1049","tg_rliver_repeat_methyldopa_t6_c2","methyldopa",2,200,"mg/kg",6,"repeat",8,"day",-0.09,0.939522749,0.211978275,0.593351804,0.059,1.041743429,0.619364511,0.862074227,NA,NA,NA,NA
"1050","tg_rliver_repeat_methyldopa_t6_c3","methyldopa",3,600,"mg/kg",6,"repeat",8,"day",-0.104,0.930449658,0.26887194,0.505868432,-0.103,0.93109482,0.49734543,0.702840895,NA,NA,NA,NA
"1051","tg_rliver_repeat_methyldopa_t7_c1","methyldopa",1,60,"mg/kg",7,"repeat",15,"day",0.139,1.101141598,0.14928033,0.830731448,-0.019,0.986916546,0.873491956,0.989290166,NA,NA,NA,NA
"1052","tg_rliver_repeat_methyldopa_t7_c2","methyldopa",2,200,"mg/kg",7,"repeat",15,"day",0.025,1.017479692,0.758307675,0.965937378,-0.096,0.935623498,0.277642132,0.813198155,NA,NA,NA,NA
"1053","tg_rliver_repeat_methyldopa_t7_c3","methyldopa",3,600,"mg/kg",7,"repeat",15,"day",-0.01,0.993092495,0.948807368,0.983681686,-0.101,0.932386486,0.669314156,0.870064693,NA,NA,NA,NA
"1054","tg_rliver_repeat_methyldopa_t8_c1","methyldopa",1,60,"mg/kg",8,"repeat",29,"day",0.066,1.046810282,0.589675845,0.966199978,0.026,1.0181852,0.857070941,0.991088594,NA,NA,NA,NA
"1055","tg_rliver_repeat_methyldopa_t8_c2","methyldopa",2,200,"mg/kg",8,"repeat",29,"day",-0.078,0.947370071,0.297143041,0.792993007,0.288,1.220946513,0.099083948,0.627586604,NA,NA,NA,NA
"1056","tg_rliver_repeat_methyldopa_t8_c3","methyldopa",3,600,"mg/kg",8,"repeat",29,"day",-0.159,0.89564567,0.162879721,0.449597076,0.184,1.136029265,0.492980965,0.734594884,NA,NA,NA,NA
"1057","tg_rliver_repeat_methylenedianiline_t5_c1","methylene dianiline",1,10,"mg/kg",5,"repeat",4,"day",-0.005,0.996540263,0.975315503,0.999489774,-0.027,0.981459064,0.815646006,0.997938391,NA,NA,NA,NA
"1058","tg_rliver_repeat_methylenedianiline_t5_c2","methylene dianiline",2,30,"mg/kg",5,"repeat",4,"day",0.125,1.090507733,0.286493259,0.947021838,0.232,1.174461971,0.234587387,0.923916135,"no","yes","no","no"
"1059","tg_rliver_repeat_methylenedianiline_t5_c3","methylene dianiline",3,100,"mg/kg",5,"repeat",4,"day",1.364,2.573978495,0.000880494,0.006659794,1.576,2.981420774,1.53171e-05,0.000503368,"no","yes","yes","no"
"1060","tg_rliver_repeat_methylenedianiline_t6_c1","methylene dianiline",1,10,"mg/kg",6,"repeat",8,"day",-0.351,0.784040454,0.052116873,0.999503348,-0.064,0.956608158,0.750997166,0.999503348,NA,NA,NA,NA
"1061","tg_rliver_repeat_methylenedianiline_t6_c2","methylene dianiline",2,30,"mg/kg",6,"repeat",8,"day",-0.508,0.7031966,0.010801136,0.938378762,-0.429,0.74277646,0.064031118,0.938378762,NA,NA,NA,NA
"1062","tg_rliver_repeat_methylenedianiline_t6_c3","methylene dianiline",3,100,"mg/kg",6,"repeat",8,"day",2.368,5.162249962,0.000154915,0.004259925,1.954,3.874472757,7.86064e-05,0.00305274,"no","yes","no","no"
"1063","tg_rliver_repeat_methylenedianiline_t7_c1","methylene dianiline",1,10,"mg/kg",7,"repeat",15,"day",-0.113,0.924663278,0.413252928,0.934339791,-0.004,0.997231251,0.985953607,0.999099223,NA,NA,NA,NA
"1064","tg_rliver_repeat_methylenedianiline_t7_c2","methylene dianiline",2,30,"mg/kg",7,"repeat",15,"day",-0.03,0.979420298,0.869348568,0.974409204,0.45,1.366040257,0.389661109,0.83895405,NA,NA,NA,NA
"1065","tg_rliver_repeat_methylenedianiline_t7_c3","methylene dianiline",3,100,"mg/kg",7,"repeat",15,"day",1.066,2.093620564,0.012530881,0.044576283,2.389,5.237941692,1.05637e-06,0.000267626,"yes","yes","no","no"
"1066","tg_rliver_repeat_methylenedianiline_t8_c1","methylene dianiline",1,10,"mg/kg",8,"repeat",29,"day",-0.052,0.964598185,0.682677337,0.980245783,0.132,1.095811766,0.584420286,0.969735938,NA,NA,NA,NA
"1067","tg_rliver_repeat_methylenedianiline_t8_c2","methylene dianiline",2,30,"mg/kg",8,"repeat",29,"day",-0.086,0.942131274,0.686025927,0.939940492,0.512,1.426025717,0.175065175,0.802654802,"yes","no","no","no"
"1068","tg_rliver_repeat_methylenedianiline_t8_c3","methylene dianiline",3,100,"mg/kg",8,"repeat",29,"day",1.576,2.981420774,4.0771e-05,0.000548892,2.072,4.204691636,1.50846e-05,0.000281377,"yes","no","no","no"
"1069","tg_rliver_repeat_methyltestosterone_t5_c1","methyltestosterone",1,30,"mg/kg",5,"repeat",4,"day",0.155,1.113421618,0.137236576,0.981788759,-0.419,0.747942879,0.021216293,0.981788759,NA,NA,NA,NA
"1070","tg_rliver_repeat_methyltestosterone_t5_c2","methyltestosterone",2,100,"mg/kg",5,"repeat",4,"day",-0.148,0.902500727,0.309607432,0.776853829,-0.444,0.735093668,0.013257938,0.664361744,NA,NA,NA,NA
"1071","tg_rliver_repeat_methyltestosterone_t5_c3","methyltestosterone",3,300,"mg/kg",5,"repeat",4,"day",-0.108,0.927873476,0.198199029,0.77529702,-0.261,0.834509281,0.272221724,0.813851794,NA,NA,NA,NA
"1072","tg_rliver_repeat_methyltestosterone_t6_c1","methyltestosterone",1,30,"mg/kg",6,"repeat",8,"day",0.018,1.012554807,0.871274578,0.943818703,-0.237,0.848507902,0.323364495,0.606183354,NA,NA,NA,NA
"1073","tg_rliver_repeat_methyltestosterone_t6_c2","methyltestosterone",2,100,"mg/kg",6,"repeat",8,"day",-0.129,0.914465089,0.1996852,0.459982063,-0.226,0.855002178,0.355167304,0.590765423,NA,NA,NA,NA
"1074","tg_rliver_repeat_methyltestosterone_t6_c3","methyltestosterone",3,300,"mg/kg",6,"repeat",8,"day",-0.156,0.897510051,0.318982523,0.645563176,-0.996,0.501388218,0.001946915,0.212965479,NA,NA,NA,NA
"1075","tg_rliver_repeat_methyltestosterone_t7_c1","methyltestosterone",1,30,"mg/kg",7,"repeat",15,"day",-0.112,0.925304428,0.210822151,0.992311521,-0.201,0.869947353,0.02923801,0.992311521,NA,NA,NA,NA
"1076","tg_rliver_repeat_methyltestosterone_t7_c2","methyltestosterone",2,100,"mg/kg",7,"repeat",15,"day",-0.194,0.87417862,0.167571221,0.968179468,-0.552,0.682073917,0.074130719,0.968179468,NA,NA,NA,NA
"1077","tg_rliver_repeat_methyltestosterone_t7_c3","methyltestosterone",3,300,"mg/kg",7,"repeat",15,"day",-0.395,0.760489377,0.00123599,0.066786175,-0.528,0.693515485,0.002602932,0.074852802,NA,NA,NA,NA
"1078","tg_rliver_repeat_methyltestosterone_t8_c1","methyltestosterone",1,30,"mg/kg",8,"repeat",29,"day",-0.023,0.984184022,0.826376487,0.964082838,-0.009,0.993781093,0.96751066,0.993634611,NA,NA,NA,NA
"1079","tg_rliver_repeat_methyltestosterone_t8_c2","methyltestosterone",2,100,"mg/kg",8,"repeat",29,"day",-0.159,0.89564567,0.254875687,0.741260164,-0.148,0.902500727,0.46370801,0.850843747,NA,NA,NA,NA
"1080","tg_rliver_repeat_methyltestosterone_t8_c3","methyltestosterone",3,300,"mg/kg",8,"repeat",29,"day",-0.223,0.856781955,0.15810787,0.376465322,-0.317,0.802737389,0.055599149,0.220750022,NA,NA,NA,NA
"1081","tg_rliver_repeat_mexiletine_t5_c1","mexiletine",1,40,"mg/kg",5,"repeat",4,"day",0.159,1.116512962,0.54430563,0.999640394,0.097,1.069547088,0.588836076,0.999640394,NA,NA,NA,NA
"1082","tg_rliver_repeat_mexiletine_t5_c2","mexiletine",2,120,"mg/kg",5,"repeat",4,"day",0.115,1.082975046,0.679606841,0.946465509,0.024,1.016774673,0.9358326,0.992806125,NA,NA,NA,NA
"1083","tg_rliver_repeat_mexiletine_t5_c3","mexiletine",3,400,"mg/kg",5,"repeat",4,"day",-0.139,0.908148418,0.546624268,0.929040856,-0.306,0.808881348,0.117882272,0.770926003,NA,NA,NA,NA
"1084","tg_rliver_repeat_mexiletine_t6_c1","mexiletine",1,40,"mg/kg",6,"repeat",8,"day",0.065,1.04608494,0.490402857,0.861536112,-0.348,0.785672517,0.037218846,0.693596138,NA,NA,NA,NA
"1085","tg_rliver_repeat_mexiletine_t6_c2","mexiletine",2,120,"mg/kg",6,"repeat",8,"day",-0.054,0.963261894,0.573929416,0.971310153,-0.382,0.767373048,0.008100102,0.966307249,NA,NA,NA,NA
"1086","tg_rliver_repeat_mexiletine_t6_c3","mexiletine",3,400,"mg/kg",6,"repeat",8,"day",-0.114,0.924022572,0.26442402,0.743222916,-0.6,0.659753955,7.00524e-05,0.05741824,NA,NA,NA,NA
"1087","tg_rliver_repeat_mexiletine_t7_c1","mexiletine",1,40,"mg/kg",7,"repeat",15,"day",0.006,1.004167543,0.972378862,0.993396041,0.03,1.021012126,0.792947119,0.948812809,"no","yes","no","no"
"1088","tg_rliver_repeat_mexiletine_t7_c2","mexiletine",2,120,"mg/kg",7,"repeat",15,"day",-0.45,0.732042848,0.014323488,0.644512879,-0.123,0.918276162,0.242831379,0.805516429,NA,NA,NA,NA
"1089","tg_rliver_repeat_mexiletine_t7_c3","mexiletine",3,400,"mg/kg",7,"repeat",15,"day",-0.225,0.855595026,0.210814226,0.477484627,-0.45,0.732042848,0.002103628,0.13491616,NA,NA,NA,NA
"1090","tg_rliver_repeat_mexiletine_t8_c1","mexiletine",1,40,"mg/kg",8,"repeat",29,"day",-0.052,0.964598185,0.546284014,0.995164659,-0.094,0.936921447,0.661579319,0.995164659,NA,NA,NA,NA
"1091","tg_rliver_repeat_mexiletine_t8_c2","mexiletine",2,120,"mg/kg",8,"repeat",29,"day",-0.01,0.993092495,0.933426125,0.989012909,-0.216,0.860949188,0.345156629,0.851524871,NA,NA,NA,NA
"1092","tg_rliver_repeat_mexiletine_t8_c3","mexiletine",3,400,"mg/kg",8,"repeat",29,"day",-0.141,0.906890329,0.142680581,0.583537194,-0.17,0.888842681,0.407361133,0.778944701,NA,NA,NA,NA
"1093","tg_rliver_repeat_monocrotaline_t5_c1","monocrotaline",1,3,"mg/kg",5,"repeat",4,"day",-0.113,0.924663278,0.294323932,0.905569151,0.068,1.048262476,0.550082646,0.946529299,NA,NA,NA,NA
"1094","tg_rliver_repeat_monocrotaline_t5_c2","monocrotaline",2,10,"mg/kg",5,"repeat",4,"day",-0.236,0.849096246,0.03938802,0.445119761,-0.03,0.979420298,0.758236993,0.9332284,NA,NA,NA,NA
"1095","tg_rliver_repeat_monocrotaline_t5_c3","monocrotaline",3,30,"mg/kg",5,"repeat",4,"day",-0.243,0.844986384,0.07121089,0.316944978,-0.268,0.830470024,0.05024756,0.278669017,"no","yes","no","no"
"1096","tg_rliver_repeat_monocrotaline_t6_c1","monocrotaline",1,3,"mg/kg",6,"repeat",8,"day",-0.096,0.935623498,0.28305727,0.927423202,-0.211,0.863938187,0.030375839,0.609960685,NA,NA,NA,NA
"1097","tg_rliver_repeat_monocrotaline_t6_c2","monocrotaline",2,10,"mg/kg",6,"repeat",8,"day",0.065,1.04608494,0.601898413,0.786980622,-0.177,0.884540435,0.017412861,0.14041135,NA,NA,NA,NA
"1098","tg_rliver_repeat_monocrotaline_t6_c3","monocrotaline",3,30,"mg/kg",6,"repeat",8,"day",1.034,2.047693801,2.1293e-05,0.0005852,0.713,1.639209215,0.000512716,0.00419993,"no","yes","no","yes"
"1099","tg_rliver_repeat_monocrotaline_t7_c1","monocrotaline",1,3,"mg/kg",7,"repeat",15,"day",-0.055,0.962594443,0.401496537,0.766153485,0.071,1.050444544,0.598940864,0.865177952,NA,NA,NA,NA
"1100","tg_rliver_repeat_monocrotaline_t7_c2","monocrotaline",2,10,"mg/kg",7,"repeat",15,"day",0.179,1.132098902,0.018558942,0.084870461,0.911,1.880348405,0.001232856,0.016602002,"no","no","no","yes"
"1101","tg_rliver_repeat_monocrotaline_t7_c3","monocrotaline",3,30,"mg/kg",7,"repeat",15,"day",0.423,1.340712592,0.000546312,0.006070429,2.144,4.419857939,1.33484e-05,0.000712633,"no","yes","no","yes"
"1102","tg_rliver_repeat_monocrotaline_t8_c1","monocrotaline",1,3,"mg/kg",8,"repeat",29,"day",-0.3,0.812252396,0.001688222,0.128889361,-0.031,0.97874165,0.706736137,0.935708703,NA,NA,NA,NA
"1103","tg_rliver_repeat_monocrotaline_t8_c2","monocrotaline",2,10,"mg/kg",8,"repeat",29,"day",-0.087,0.941478465,0.629543623,0.751353752,-0.033,0.977385766,0.917400928,0.949919338,"no","yes","no","yes"
"1104","tg_rliver_repeat_moxisylyte_t5_c1","moxisylyte",1,50,"mg/kg",5,"repeat",4,"day",-0.027,0.981459064,0.808213731,0.979484178,-0.218,0.859756486,0.33408671,0.915053718,NA,NA,NA,NA
"1105","tg_rliver_repeat_moxisylyte_t5_c2","moxisylyte",2,150,"mg/kg",5,"repeat",4,"day",-0.114,0.924022572,0.160814608,0.792623435,-0.463,0.725476104,0.082404208,0.751219835,NA,NA,NA,NA
"1106","tg_rliver_repeat_moxisylyte_t5_c3","moxisylyte",3,500,"mg/kg",5,"repeat",4,"day",-0.088,0.940826108,0.490463696,0.827676049,-0.171,0.888226796,0.440396141,0.806370543,NA,NA,NA,NA
"1107","tg_rliver_repeat_moxisylyte_t6_c1","moxisylyte",1,50,"mg/kg",6,"repeat",8,"day",-0.15,0.901250463,0.239666461,0.949916174,-0.053,0.963929808,0.577978242,0.976531513,NA,NA,NA,NA
"1108","tg_rliver_repeat_moxisylyte_t6_c2","moxisylyte",2,150,"mg/kg",6,"repeat",8,"day",-0.02,0.986232704,0.853280291,0.991333237,0.258,1.195819797,0.044255958,0.777478056,NA,NA,NA,NA
"1109","tg_rliver_repeat_moxisylyte_t6_c3","moxisylyte",3,500,"mg/kg",6,"repeat",8,"day",-0.063,0.957271458,0.521017127,0.810611139,0.099,1.071030823,0.280833925,0.655577135,NA,NA,NA,NA
"1110","tg_rliver_repeat_moxisylyte_t7_c1","moxisylyte",1,50,"mg/kg",7,"repeat",15,"day",-0.096,0.935623498,0.260523242,0.986052519,-0.194,0.87417862,0.055786553,0.986052519,NA,NA,NA,NA
"1111","tg_rliver_repeat_moxisylyte_t7_c2","moxisylyte",2,150,"mg/kg",7,"repeat",15,"day",0.014,1.009751298,0.896354777,0.996478385,0.009,1.006257823,0.9204878,0.996478385,NA,NA,NA,NA
"1112","tg_rliver_repeat_moxisylyte_t7_c3","moxisylyte",3,500,"mg/kg",7,"repeat",15,"day",-0.248,0.842062954,0.019525809,0.40279774,-0.027,0.981459064,0.810537725,0.95324381,NA,NA,NA,NA
"1113","tg_rliver_repeat_moxisylyte_t8_c1","moxisylyte",1,50,"mg/kg",8,"repeat",29,"day",-0.218,0.859756486,0.089866172,0.354017349,-0.202,0.86934456,0.11011224,0.37337424,NA,NA,NA,NA
"1114","tg_rliver_repeat_moxisylyte_t8_c2","moxisylyte",2,150,"mg/kg",8,"repeat",29,"day",-0.226,0.855002178,0.059283786,0.825606827,-0.246,0.84323111,0.033161602,0.825606827,NA,NA,NA,NA
"1115","tg_rliver_repeat_moxisylyte_t8_c3","moxisylyte",3,500,"mg/kg",8,"repeat",29,"day",-0.302,0.811127156,0.014161643,0.253442846,-0.233,0.85086373,0.13816562,0.448555394,NA,NA,NA,NA
"1116","tg_rliver_repeat_naphthylisothiocyanate_t5_c1","naphthyl isothiocyanate",1,2,"mg/kg",5,"repeat",4,"day",0.066,1.046810282,0.664048853,0.993925792,-0.092,0.938221197,0.747462779,0.996996248,NA,NA,NA,NA
"1117","tg_rliver_repeat_naphthylisothiocyanate_t5_c2","naphthyl isothiocyanate",2,5,"mg/kg",5,"repeat",4,"day",-0.107,0.928516852,0.306171657,0.801419365,-0.04,0.972654947,0.884188877,0.97828878,NA,NA,NA,NA
"1118","tg_rliver_repeat_naphthylisothiocyanate_t5_c3","naphthyl isothiocyanate",3,15,"mg/kg",5,"repeat",4,"day",0.146,1.106497353,0.399114895,0.647336392,0.742,1.6724928,0.162515715,0.427293646,"no","no","no","yes"
"1119","tg_rliver_repeat_naphthylisothiocyanate_t6_c1","naphthyl isothiocyanate",1,2,"mg/kg",6,"repeat",8,"day",0.011,1.00765376,0.92225366,0.999918577,0.365,1.28788163,0.273321852,0.997889672,NA,NA,NA,NA
"1120","tg_rliver_repeat_naphthylisothiocyanate_t6_c2","naphthyl isothiocyanate",2,5,"mg/kg",6,"repeat",8,"day",0.04,1.028113827,0.770242251,0.999881111,0.31,1.2397077,0.194939789,0.999881111,NA,NA,NA,NA
"1121","tg_rliver_repeat_naphthylisothiocyanate_t6_c3","naphthyl isothiocyanate",3,15,"mg/kg",6,"repeat",8,"day",0.07,1.049716684,0.621857505,0.861465281,1.125,2.181015465,0.005357382,0.147238195,"no","yes","no","yes"
"1122","tg_rliver_repeat_naphthylisothiocyanate_t7_c1","naphthyl isothiocyanate",1,2,"mg/kg",7,"repeat",15,"day",0.099,1.071030823,0.236637269,0.895230086,-0.255,0.837987135,0.344664723,0.916715973,NA,NA,NA,NA
"1123","tg_rliver_repeat_naphthylisothiocyanate_t7_c2","naphthyl isothiocyanate",2,5,"mg/kg",7,"repeat",15,"day",0.101,1.072516617,0.180426696,0.9939584,-0.324,0.798851916,0.170373963,0.9939584,NA,NA,NA,NA
"1124","tg_rliver_repeat_naphthylisothiocyanate_t7_c3","naphthyl isothiocyanate",3,15,"mg/kg",7,"repeat",15,"day",0.363,1.286097483,0.093875993,0.317812966,1.218,2.326240083,0.001695558,0.048428175,"no","yes","no","yes"
"1125","tg_rliver_repeat_naphthylisothiocyanate_t8_c1","naphthyl isothiocyanate",1,2,"mg/kg",8,"repeat",29,"day",-0.095,0.936272247,0.483903171,0.990542197,-0.101,0.932386486,0.593176408,0.991947914,NA,NA,NA,NA
"1126","tg_rliver_repeat_naphthylisothiocyanate_t8_c2","naphthyl isothiocyanate",2,5,"mg/kg",8,"repeat",29,"day",0.086,1.061423209,0.562642046,0.99984055,-0.142,0.906261938,0.658768805,0.99984055,NA,NA,NA,NA
"1127","tg_rliver_repeat_naphthylisothiocyanate_t8_c3","naphthyl isothiocyanate",3,15,"mg/kg",8,"repeat",29,"day",0.066,1.046810282,0.718906376,0.864968111,0.512,1.426025717,0.095301125,0.339130125,"no","yes","no","yes"
"1128","tg_rliver_repeat_naproxen_t5_c1","naproxen",1,6,"mg/kg",5,"repeat",4,"day",-0.166,0.891310496,0.133727629,0.997734723,-0.218,0.859756486,0.083970016,0.997734723,NA,NA,NA,NA
"1129","tg_rliver_repeat_naproxen_t5_c2","naproxen",2,20,"mg/kg",5,"repeat",4,"day",-0.256,0.837406488,0.05871464,0.395231785,-0.121,0.919550046,0.420520927,0.755874433,NA,NA,NA,NA
"1130","tg_rliver_repeat_naproxen_t5_c3","naproxen",3,60,"mg/kg",5,"repeat",4,"day",-0.211,0.863938187,0.086346134,0.265419596,-0.352,0.783497187,0.072345315,0.238030608,"no","yes","no","no"
"1131","tg_rliver_repeat_naproxen_t6_c1","naproxen",1,6,"mg/kg",6,"repeat",8,"day",-0.021,0.985549337,0.893193381,0.999701164,0.094,1.067325338,0.656581994,0.999701164,NA,NA,NA,NA
"1132","tg_rliver_repeat_naproxen_t6_c2","naproxen",2,20,"mg/kg",6,"repeat",8,"day",-0.101,0.932386486,0.203856353,0.641994977,0.046,1.032398535,0.612539703,0.880617193,NA,NA,NA,NA
"1133","tg_rliver_repeat_naproxen_t6_c3","naproxen",3,60,"mg/kg",6,"repeat",8,"day",0.003,1.002081605,0.973909793,0.988519193,-0.212,0.863339559,0.122708496,0.335498809,NA,NA,NA,NA
"1134","tg_rliver_repeat_naproxen_t7_c1","naproxen",1,6,"mg/kg",7,"repeat",15,"day",0.293,1.225185332,0.016339857,0.658256085,-0.29,0.817902059,0.004191905,0.658256085,NA,NA,NA,NA
"1135","tg_rliver_repeat_naproxen_t7_c2","naproxen",2,20,"mg/kg",7,"repeat",15,"day",0.116,1.083725967,0.285280751,0.715453438,-0.167,0.890692901,0.081204057,0.602526514,NA,NA,NA,NA
"1136","tg_rliver_repeat_naproxen_t7_c3","naproxen",3,60,"mg/kg",7,"repeat",15,"day",0.183,1.135242102,0.101720074,0.252155757,-0.392,0.762072415,0.000453337,0.009275778,NA,NA,NA,NA
"1137","tg_rliver_repeat_naproxen_t8_c1","naproxen",1,6,"mg/kg",8,"repeat",29,"day",-0.053,0.963929808,0.646659685,0.944601746,-0.231,0.852044095,0.105983438,0.927310755,NA,NA,NA,NA
"1138","tg_rliver_repeat_naproxen_t8_c2","naproxen",2,20,"mg/kg",8,"repeat",29,"day",-0.065,0.955945318,0.600098243,0.999736601,-0.233,0.85086373,0.122469509,0.999736601,NA,NA,NA,NA
"1139","tg_rliver_repeat_nicotinicacid_t5_c1","nicotinic acid",1,100,"mg/kg",5,"repeat",4,"day",0.106,1.076240125,0.396958959,0.942214158,0.012,1.008352455,0.932122911,0.99820687,NA,NA,NA,NA
"1140","tg_rliver_repeat_nicotinicacid_t5_c2","nicotinic acid",2,300,"mg/kg",5,"repeat",4,"day",-0.008,0.994470169,0.93942417,0.996240192,-0.004,0.997231251,0.981693441,0.99917222,NA,NA,NA,NA
"1141","tg_rliver_repeat_nicotinicacid_t5_c3","nicotinic acid",3,1000,"mg/kg",5,"repeat",4,"day",0.065,1.04608494,0.557484022,0.885537112,-0.253,0.839149637,0.118228398,0.651962958,NA,NA,NA,NA
"1142","tg_rliver_repeat_nicotinicacid_t6_c1","nicotinic acid",1,100,"mg/kg",6,"repeat",8,"day",-0.212,0.863339559,0.181935907,0.999247752,0.228,1.171210181,0.363143199,0.999247752,NA,NA,NA,NA
"1143","tg_rliver_repeat_nicotinicacid_t6_c2","nicotinic acid",2,300,"mg/kg",6,"repeat",8,"day",-0.186,0.879039561,0.169266703,0.999099957,-0.008,0.994470169,0.970326842,0.999099957,NA,NA,NA,NA
"1144","tg_rliver_repeat_nicotinicacid_t6_c3","nicotinic acid",3,1000,"mg/kg",6,"repeat",8,"day",-0.12,0.920187651,0.37757502,0.845147406,0.186,1.137605228,0.404410052,0.856160032,NA,NA,NA,NA
"1145","tg_rliver_repeat_nicotinicacid_t7_c1","nicotinic acid",1,100,"mg/kg",7,"repeat",15,"day",0.143,1.104198847,0.136504159,0.999973338,-0.117,0.922103118,0.371719491,0.999973338,NA,NA,NA,NA
"1146","tg_rliver_repeat_nicotinicacid_t7_c2","nicotinic acid",2,300,"mg/kg",7,"repeat",15,"day",-0.028,0.980779004,0.853135434,0.995915717,-0.283,0.821880187,0.203712837,0.992580692,NA,NA,NA,NA
"1147","tg_rliver_repeat_nicotinicacid_t7_c3","nicotinic acid",3,1000,"mg/kg",7,"repeat",15,"day",0.063,1.044635763,0.531869232,0.927992428,-0.202,0.86934456,0.264638948,0.842519646,NA,NA,NA,NA
"1148","tg_rliver_repeat_nicotinicacid_t8_c1","nicotinic acid",1,100,"mg/kg",8,"repeat",29,"day",-0.109,0.927230546,0.469587457,0.944401937,-0.037,0.974679631,0.828030312,0.989108836,NA,NA,NA,NA
"1149","tg_rliver_repeat_nicotinicacid_t8_c2","nicotinic acid",2,300,"mg/kg",8,"repeat",29,"day",0.001,1.000693387,0.993893853,0.999316232,-0.044,0.96996191,0.701050564,0.968801075,NA,NA,NA,NA
"1150","tg_rliver_repeat_nicotinicacid_t8_c3","nicotinic acid",3,1000,"mg/kg",8,"repeat",29,"day",0.18,1.132883885,0.16506036,0.858305734,-0.044,0.96996191,0.682946992,0.967725729,NA,NA,NA,NA
"1151","tg_rliver_repeat_nifedipine_t5_c1","nifedipine",1,100,"mg/kg",5,"repeat",4,"day",0.335,1.261377409,0.017059291,0.737955911,0.074,1.052631155,0.377690109,0.901441254,NA,NA,NA,NA
"1152","tg_rliver_repeat_nifedipine_t5_c2","nifedipine",2,300,"mg/kg",5,"repeat",4,"day",0.302,1.232852325,0.309123082,0.722268416,0.31,1.2397077,0.095956778,0.532057996,NA,NA,NA,NA
"1153","tg_rliver_repeat_nifedipine_t5_c3","nifedipine",3,1000,"mg/kg",5,"repeat",4,"day",0.066,1.046810282,0.653048526,0.863495073,-0.527,0.69399636,0.040319217,0.273652202,NA,NA,NA,NA
"1154","tg_rliver_repeat_nifedipine_t6_c1","nifedipine",1,100,"mg/kg",6,"repeat",8,"day",-0.086,0.942131274,0.403560026,0.867475426,-0.134,0.911301281,0.123167523,0.760734161,NA,NA,NA,NA
"1155","tg_rliver_repeat_nifedipine_t6_c2","nifedipine",2,300,"mg/kg",6,"repeat",8,"day",0.142,1.10343374,0.330284457,0.865428625,-0.114,0.924022572,0.138218389,0.769143385,NA,NA,NA,NA
"1156","tg_rliver_repeat_nifedipine_t6_c3","nifedipine",3,1000,"mg/kg",6,"repeat",8,"day",0.344,1.269270886,0.291564187,0.764311637,-0.18,0.882702996,0.144201089,0.65525342,NA,NA,NA,NA
"1157","tg_rliver_repeat_nifedipine_t7_c1","nifedipine",1,100,"mg/kg",7,"repeat",15,"day",-0.061,0.958599438,0.703137072,0.934251471,0.247,1.186736798,0.137754866,0.749569355,NA,NA,NA,NA
"1158","tg_rliver_repeat_nifedipine_t7_c2","nifedipine",2,300,"mg/kg",7,"repeat",15,"day",0.097,1.069547088,0.655083431,0.933399174,0.118,1.085229372,0.390569053,0.855063636,NA,NA,NA,NA
"1159","tg_rliver_repeat_nifedipine_t7_c3","nifedipine",3,1000,"mg/kg",7,"repeat",15,"day",0.622,1.53900722,0.168018556,0.691678215,0.568,1.48246701,0.038412435,0.531141785,NA,NA,NA,NA
"1160","tg_rliver_repeat_nifedipine_t8_c1","nifedipine",1,100,"mg/kg",8,"repeat",29,"day",-0.02,0.986232704,0.874216496,0.993351092,0.131,1.095052471,0.220056396,0.854414974,NA,NA,NA,NA
"1161","tg_rliver_repeat_nifedipine_t8_c2","nifedipine",2,300,"mg/kg",8,"repeat",29,"day",0.224,1.167967395,0.17491458,0.745111515,0.224,1.167967395,0.091432062,0.664168927,NA,NA,NA,NA
"1162","tg_rliver_repeat_nifedipine_t8_c3","nifedipine",3,1000,"mg/kg",8,"repeat",29,"day",0.074,1.052631155,0.550539044,0.917608976,-0.018,0.987600861,0.900075849,0.984801294,NA,NA,NA,NA
"1163","tg_rliver_repeat_nimesulide_t5_c1","nimesulide",1,10,"mg/kg",5,"repeat",4,"day",-0.144,0.905006463,0.484400796,0.946786463,-0.096,0.935623498,0.636517605,0.971240487,NA,NA,NA,NA
"1164","tg_rliver_repeat_nimesulide_t5_c2","nimesulide",2,30,"mg/kg",5,"repeat",4,"day",-0.189,0.877213549,0.373842661,0.943605003,0.036,1.025267238,0.856346644,0.991274076,NA,NA,NA,NA
"1165","tg_rliver_repeat_nimesulide_t5_c3","nimesulide",3,100,"mg/kg",5,"repeat",4,"day",-0.325,0.798298386,0.116465894,0.50888547,-0.484,0.714992493,0.076666569,0.449420267,NA,NA,NA,NA
"1166","tg_rliver_repeat_nimesulide_t6_c1","nimesulide",1,10,"mg/kg",6,"repeat",8,"day",-0.133,0.911933166,0.366528224,0.966504593,0.241,1.181811547,0.128961324,0.966504593,NA,NA,NA,NA
"1167","tg_rliver_repeat_nimesulide_t6_c2","nimesulide",2,30,"mg/kg",6,"repeat",8,"day",-0.003,0.997922719,0.977685237,0.999739439,-0.046,0.968618189,0.725920961,0.982552587,NA,NA,NA,NA
"1168","tg_rliver_repeat_nimesulide_t6_c3","nimesulide",3,100,"mg/kg",6,"repeat",8,"day",-0.014,0.990342872,0.893901788,0.976506356,-0.06,0.959264119,0.641326692,0.903516004,"no","yes","no","no"
"1169","tg_rliver_repeat_nimesulide_t7_c1","nimesulide",1,10,"mg/kg",7,"repeat",15,"day",-0.055,0.962594443,0.551334264,0.770231766,0.557,1.471206746,0.061652771,0.372594582,"no","yes","no","no"
"1170","tg_rliver_repeat_nimesulide_t7_c2","nimesulide",2,30,"mg/kg",7,"repeat",15,"day",-0.178,0.883927531,0.200033172,0.923717261,-0.072,0.951318276,0.803880852,0.996420084,"no","yes","no","no"
"1171","tg_rliver_repeat_nimesulide_t7_c3","nimesulide",3,100,"mg/kg",7,"repeat",15,"day",-0.062,0.957935218,0.482933995,0.733490802,-0.121,0.919550046,0.629579652,0.821977318,NA,NA,NA,NA
"1172","tg_rliver_repeat_nimesulide_t8_c1","nimesulide",1,10,"mg/kg",8,"repeat",29,"day",-0.118,0.921464186,0.237704957,0.729876791,-0.207,0.866336856,0.183417319,0.6926996,"no","no","no","yes"
"1173","tg_rliver_repeat_nimesulide_t8_c2","nimesulide",2,30,"mg/kg",8,"repeat",29,"day",0.065,1.04608494,0.368898192,0.92768306,-0.185,0.879649076,0.197778442,0.891688033,"no","yes","no","no"
"1174","tg_rliver_repeat_nimesulide_t8_c3","nimesulide",3,100,"mg/kg",8,"repeat",29,"day",-0.108,0.927873476,0.1393444,0.553239511,-0.444,0.735093668,0.006898124,0.229129971,NA,NA,NA,NA
"1175","tg_rliver_repeat_nitrofurantoin_t5_c1","nitrofurantoin",1,10,"mg/kg",5,"repeat",4,"day",-0.122,0.918912883,0.418035613,0.999472855,0.131,1.095052471,0.595335891,0.999472855,NA,NA,NA,NA
"1176","tg_rliver_repeat_nitrofurantoin_t5_c2","nitrofurantoin",2,30,"mg/kg",5,"repeat",4,"day",-0.108,0.927873476,0.372870966,0.790961196,0.096,1.068805991,0.496615945,0.858992572,NA,NA,NA,NA
"1177","tg_rliver_repeat_nitrofurantoin_t5_c3","nitrofurantoin",3,100,"mg/kg",5,"repeat",4,"day",-0.055,0.962594443,0.643291703,0.928587613,-0.144,0.905006463,0.347500809,0.823649875,NA,NA,NA,NA
"1178","tg_rliver_repeat_nitrofurantoin_t6_c1","nitrofurantoin",1,10,"mg/kg",6,"repeat",8,"day",0.05,1.035264924,0.640984034,0.999329008,0.648,1.566994374,0.001959417,0.999329008,NA,NA,NA,NA
"1179","tg_rliver_repeat_nitrofurantoin_t6_c2","nitrofurantoin",2,30,"mg/kg",6,"repeat",8,"day",-0.057,0.961260928,0.636761089,0.975657468,0.483,1.397646972,0.054263715,0.904338113,NA,NA,NA,NA
"1180","tg_rliver_repeat_nitrofurantoin_t6_c3","nitrofurantoin",3,100,"mg/kg",6,"repeat",8,"day",0.11,1.079228237,0.381618333,0.952407024,0.303,1.23370717,0.032890894,0.807397082,NA,NA,NA,NA
"1181","tg_rliver_repeat_nitrofurantoin_t7_c1","nitrofurantoin",1,10,"mg/kg",7,"repeat",15,"day",-0.109,0.927230546,0.351096932,0.91520094,-0.519,0.697855382,0.028421588,0.846483789,NA,NA,NA,NA
"1182","tg_rliver_repeat_nitrofurantoin_t7_c2","nitrofurantoin",2,30,"mg/kg",7,"repeat",15,"day",-0.052,0.964598185,0.673482112,0.999224647,-0.116,0.922742493,0.487429805,0.999224647,"no","yes","no","no"
"1183","tg_rliver_repeat_nitrofurantoin_t7_c3","nitrofurantoin",3,100,"mg/kg",7,"repeat",15,"day",-0.324,0.798851916,0.028436952,0.77146502,-0.592,0.66342257,0.034955947,0.778035428,NA,NA,NA,NA
"1184","tg_rliver_repeat_nitrofurantoin_t8_c1","nitrofurantoin",1,10,"mg/kg",8,"repeat",29,"day",0.035,1.024556823,0.692837891,0.980338886,-0.041,0.971980988,0.803554953,0.984894837,NA,NA,NA,NA
"1185","tg_rliver_repeat_nitrofurantoin_t8_c2","nitrofurantoin",2,30,"mg/kg",8,"repeat",29,"day",0.051,1.035982764,0.647477602,0.997854425,-0.035,0.976031761,0.75777419,0.998376094,NA,NA,NA,NA
"1186","tg_rliver_repeat_nitrofurantoin_t8_c3","nitrofurantoin",3,100,"mg/kg",8,"repeat",29,"day",-0.021,0.985549337,0.825335791,0.964810297,-0.409,0.753145233,0.008086985,0.417937597,NA,NA,NA,NA
"1187","tg_rliver_repeat_nitrofurazone_t5_c1","nitrofurazone",1,10,"mg/kg",5,"repeat",4,"day",0.489,1.403471726,0.156603793,0.968819592,0.067,1.047536127,0.599940744,0.983986171,NA,NA,NA,NA
"1188","tg_rliver_repeat_nitrofurazone_t5_c2","nitrofurazone",2,30,"mg/kg",5,"repeat",4,"day",-0.199,0.871154192,0.124209839,0.970185348,0.073,1.051901779,0.260154035,0.994420481,NA,NA,NA,NA
"1189","tg_rliver_repeat_nitrofurazone_t5_c3","nitrofurazone",3,100,"mg/kg",5,"repeat",4,"day",0.051,1.035982764,0.672110126,0.909795748,-0.434,0.740206649,0.010267455,0.355004262,NA,NA,NA,NA
"1190","tg_rliver_repeat_nitrofurazone_t6_c1","nitrofurazone",1,10,"mg/kg",6,"repeat",8,"day",0.115,1.082975046,0.224092814,0.957943235,0.104,1.074749173,0.483803118,0.974999551,NA,NA,NA,NA
"1191","tg_rliver_repeat_nitrofurazone_t6_c2","nitrofurazone",2,30,"mg/kg",6,"repeat",8,"day",-0.083,0.944092419,0.371244612,0.821359546,-0.283,0.821880187,0.061181998,0.606337097,NA,NA,NA,NA
"1192","tg_rliver_repeat_nitrofurazone_t6_c3","nitrofurazone",3,100,"mg/kg",6,"repeat",8,"day",0.294,1.22603486,0.006893573,0.279597701,-0.543,0.686342216,0.016867316,0.325525185,NA,NA,NA,NA
"1193","tg_rliver_repeat_nitrofurazone_t7_c1","nitrofurazone",1,10,"mg/kg",7,"repeat",15,"day",0.032,1.022428531,0.756944392,0.988650775,-0.261,0.834509281,0.026542588,0.98800693,NA,NA,NA,NA
"1194","tg_rliver_repeat_nitrofurazone_t7_c2","nitrofurazone",2,30,"mg/kg",7,"repeat",15,"day",0.129,1.093535457,0.141719715,0.820630932,-0.132,0.912565489,0.213867209,0.843906665,NA,NA,NA,NA
"1195","tg_rliver_repeat_nitrofurazone_t7_c3","nitrofurazone",3,100,"mg/kg",7,"repeat",15,"day",0.099,1.071030823,0.353242571,0.618952155,-0.345,0.787307977,0.012660508,0.114851246,"no","yes","no","no"
"1196","tg_rliver_repeat_nitrofurazone_t8_c1","nitrofurazone",1,10,"mg/kg",8,"repeat",29,"day",0.056,1.039579435,0.336893118,0.984316558,-0.054,0.963261894,0.579443921,0.986267182,NA,NA,NA,NA
"1197","tg_rliver_repeat_nitrofurazone_t8_c2","nitrofurazone",2,30,"mg/kg",8,"repeat",29,"day",0.049,1.034547582,0.437215174,0.999302512,0.092,1.065846736,0.315859765,0.999302512,"no","yes","no","no"
"1198","tg_rliver_repeat_nitrofurazone_t8_c3","nitrofurazone",3,100,"mg/kg",8,"repeat",29,"day",0.196,1.145517898,0.290289073,0.731841496,-0.449,0.732550437,0.002573967,0.128972839,"no","yes","no","no"
"1199","tg_rliver_repeat_nitrosodiethylamine_t5_c1","nitrosodiethylamine",1,3,"mg/kg",5,"repeat",4,"day",0.377,1.298638603,0.005588858,0.532171244,0.053,1.037419937,0.828161888,0.937007044,NA,NA,NA,NA
"1200","tg_rliver_repeat_nitrosodiethylamine_t5_c2","nitrosodiethylamine",2,10,"mg/kg",5,"repeat",4,"day",0.133,1.096571589,0.175409946,0.505597316,-0.093,0.937571096,0.712804409,0.871017858,NA,NA,NA,NA
"1201","tg_rliver_repeat_nitrosodiethylamine_t5_c3","nitrosodiethylamine",3,30,"mg/kg",5,"repeat",4,"day",0.697,1.62113024,0.000565779,0.018291317,0.373,1.295042999,0.192298043,0.492280163,"no","yes","no","no"
"1202","tg_rliver_repeat_nitrosodiethylamine_t6_c1","nitrosodiethylamine",1,3,"mg/kg",6,"repeat",8,"day",-0.128,0.915099168,0.190084273,0.852633492,0.241,1.181811547,0.099106486,0.792536603,NA,NA,NA,NA
"1203","tg_rliver_repeat_nitrosodiethylamine_t6_c2","nitrosodiethylamine",2,10,"mg/kg",6,"repeat",8,"day",-0.01,0.993092495,0.922143782,0.991140964,0.266,1.202469249,0.104513757,0.578441372,"no","yes","no","no"
"1204","tg_rliver_repeat_nitrosodiethylamine_t6_c3","nitrosodiethylamine",3,30,"mg/kg",6,"repeat",8,"day",0.521,1.434949535,0.001123221,0.006063916,0.854,1.807505454,0.000288006,0.002236946,"no","yes","no","no"
"1205","tg_rliver_repeat_nitrosodiethylamine_t7_c1","nitrosodiethylamine",1,3,"mg/kg",7,"repeat",15,"day",-0.294,0.815637493,0.133404669,0.998464608,-0.096,0.935623498,0.545336537,0.998464608,NA,NA,NA,NA
"1206","tg_rliver_repeat_nitrosodiethylamine_t7_c2","nitrosodiethylamine",2,10,"mg/kg",7,"repeat",15,"day",0.143,1.104198847,0.406946924,0.778544608,-0.162,0.893785162,0.400870881,0.774904827,"no","yes","no","no"
"1207","tg_rliver_repeat_nitrosodiethylamine_t7_c3","nitrosodiethylamine",3,30,"mg/kg",7,"repeat",15,"day",2.027,4.075564786,0.000126237,0.001939364,3.367,10.31734601,8.40074e-06,0.000370791,"no","yes","no","no"
"1208","tg_rliver_repeat_nitrosodiethylamine_t8_c1","nitrosodiethylamine",1,3,"mg/kg",8,"repeat",29,"day",-0.025,0.982820599,0.835434202,0.961182749,0.003,1.002081605,0.976626212,0.994468696,"no","yes","no","no"
"1209","tg_rliver_repeat_nitrosodiethylamine_t8_c2","nitrosodiethylamine",2,10,"mg/kg",8,"repeat",29,"day",0.485,1.399585866,0.011683303,0.103691173,0.391,1.311302014,0.031681334,0.182794083,"no","yes","no","no"
"1210","tg_rliver_repeat_omeprazole_t5_c1","omeprazole",1,100,"mg/kg",5,"repeat",4,"day",-0.083,0.944092419,0.441700346,0.995880476,0.279,1.21335356,0.160082425,0.995880476,"no","yes","no","no"
"1211","tg_rliver_repeat_omeprazole_t5_c2","omeprazole",2,300,"mg/kg",5,"repeat",4,"day",-0.186,0.879039561,0.120804685,0.697015517,0.06,1.042465761,0.859321263,0.973647672,NA,NA,NA,NA
"1212","tg_rliver_repeat_omeprazole_t5_c3","omeprazole",3,1000,"mg/kg",5,"repeat",4,"day",0.073,1.051901779,0.524273531,0.695236149,-0.548,0.683967652,0.025437228,0.111040833,NA,NA,NA,NA
"1213","tg_rliver_repeat_omeprazole_t6_c1","omeprazole",1,100,"mg/kg",6,"repeat",8,"day",-0.196,0.872967591,0.103403752,0.724625216,-0.028,0.980779004,0.905665475,0.982142013,"no","yes","no","no"
"1214","tg_rliver_repeat_omeprazole_t6_c2","omeprazole",2,300,"mg/kg",6,"repeat",8,"day",-0.052,0.964598185,0.709482059,0.96764753,-0.705,0.613442489,0.010208282,0.492289307,NA,NA,NA,NA
"1215","tg_rliver_repeat_omeprazole_t6_c3","omeprazole",3,1000,"mg/kg",6,"repeat",8,"day",-0.293,0.816203046,0.029575034,0.264080059,-0.511,0.701735863,0.056420845,0.345264849,NA,NA,NA,NA
"1216","tg_rliver_repeat_omeprazole_t7_c1","omeprazole",1,100,"mg/kg",7,"repeat",15,"day",0.344,1.269270886,0.006937125,0.724127356,-0.108,0.927873476,0.742525903,0.954859549,NA,NA,NA,NA
"1217","tg_rliver_repeat_omeprazole_t7_c2","omeprazole",2,300,"mg/kg",7,"repeat",15,"day",-0.012,0.991716731,0.895768239,0.971387562,-0.465,0.724471077,0.129921739,0.597453926,"no","yes","no","no"
"1218","tg_rliver_repeat_omeprazole_t7_c3","omeprazole",3,1000,"mg/kg",7,"repeat",15,"day",0.287,1.22010051,0.157593111,0.348356606,-0.672,0.627635996,0.000213976,0.013552461,NA,NA,NA,NA
"1219","tg_rliver_repeat_omeprazole_t8_c1","omeprazole",1,100,"mg/kg",8,"repeat",29,"day",0.086,1.061423209,0.438355451,0.999868758,0.279,1.21335356,0.236252389,0.999868758,NA,NA,NA,NA
"1220","tg_rliver_repeat_omeprazole_t8_c2","omeprazole",2,300,"mg/kg",8,"repeat",29,"day",0.134,1.097331938,0.397984375,0.912415648,0.411,1.329607108,0.238962222,0.85866344,NA,NA,NA,NA
"1221","tg_rliver_repeat_omeprazole_t8_c3","omeprazole",3,1000,"mg/kg",8,"repeat",29,"day",0.223,1.167158102,0.180565046,0.608235104,-0.17,0.888842681,0.542842368,0.875538542,NA,NA,NA,NA
"1222","tg_rliver_repeat_papaverine_t5_c1","papaverine",1,40,"mg/kg",5,"repeat",4,"day",0.123,1.088997015,0.580693765,0.997864543,0.005,1.003471749,0.967970914,0.997864543,NA,NA,NA,NA
"1223","tg_rliver_repeat_papaverine_t5_c2","papaverine",2,120,"mg/kg",5,"repeat",4,"day",0.139,1.101141598,0.436400634,0.980268821,-0.032,0.978063473,0.734661232,0.993063789,NA,NA,NA,NA
"1224","tg_rliver_repeat_papaverine_t5_c3","papaverine",3,400,"mg/kg",5,"repeat",4,"day",-0.184,0.880259014,0.374012865,0.900863486,-0.15,0.901250463,0.106006646,0.779222778,NA,NA,NA,NA
"1225","tg_rliver_repeat_papaverine_t6_c1","papaverine",1,40,"mg/kg",6,"repeat",8,"day",-0.378,0.76950361,0.152154345,0.951933087,-0.024,0.983502074,0.865424788,0.992476866,NA,NA,NA,NA
"1226","tg_rliver_repeat_papaverine_t6_c2","papaverine",2,120,"mg/kg",6,"repeat",8,"day",-0.17,0.888842681,0.485326984,0.870266433,-0.055,0.962594443,0.645435873,0.915742129,NA,NA,NA,NA
"1227","tg_rliver_repeat_papaverine_t6_c3","papaverine",3,400,"mg/kg",6,"repeat",8,"day",0.015,1.010451446,0.94812875,0.992558734,0.08,1.057018041,0.726622065,0.956643037,NA,NA,NA,NA
"1228","tg_rliver_repeat_papaverine_t7_c1","papaverine",1,40,"mg/kg",7,"repeat",15,"day",0.156,1.114193651,0.264409042,0.999785587,-0.207,0.866336856,0.082146399,0.999785587,NA,NA,NA,NA
"1229","tg_rliver_repeat_papaverine_t7_c2","papaverine",2,120,"mg/kg",7,"repeat",15,"day",0.357,1.280759861,0.016649452,0.575657145,0.122,1.088242442,0.306395785,0.882804273,NA,NA,NA,NA
"1230","tg_rliver_repeat_papaverine_t7_c3","papaverine",3,400,"mg/kg",7,"repeat",15,"day",0.297,1.22858698,0.074060516,0.582538532,-0.003,0.997922719,0.989092008,0.996169215,NA,NA,NA,NA
"1231","tg_rliver_repeat_papaverine_t8_c1","papaverine",1,40,"mg/kg",8,"repeat",29,"day",-0.01,0.993092495,0.940439647,0.994958665,0.097,1.069547088,0.664439984,0.962674238,NA,NA,NA,NA
"1232","tg_rliver_repeat_papaverine_t8_c2","papaverine",2,120,"mg/kg",8,"repeat",29,"day",-0.182,0.881480158,0.168541956,0.863147566,-0.237,0.848507902,0.246851195,0.891703725,NA,NA,NA,NA
"1233","tg_rliver_repeat_papaverine_t8_c3","papaverine",3,400,"mg/kg",8,"repeat",29,"day",-0.238,0.847919965,0.168452618,0.67640119,-0.209,0.865136691,0.311499192,0.765187135,NA,NA,NA,NA
"1234","tg_rliver_repeat_pemoline_t5_c1","pemoline",1,8,"mg/kg",5,"repeat",4,"day",0.018,1.012554807,0.904031158,0.999892906,0.254,1.192508872,0.210429335,0.999892906,NA,NA,NA,NA
"1235","tg_rliver_repeat_pemoline_t5_c2","pemoline",2,25,"mg/kg",5,"repeat",4,"day",-0.056,0.961927455,0.687325465,0.919003286,-0.332,0.7944344,0.130562895,0.713543375,NA,NA,NA,NA
"1236","tg_rliver_repeat_pemoline_t5_c3","pemoline",3,75,"mg/kg",5,"repeat",4,"day",0.011,1.00765376,0.950284098,0.996837773,-0.403,0.756283999,0.062040113,0.986236086,"no","yes","no","no"
"1237","tg_rliver_repeat_pemoline_t6_c1","pemoline",1,8,"mg/kg",6,"repeat",8,"day",-0.103,0.93109482,0.300694477,0.838646286,0.278,1.212512819,0.045755426,0.706232447,NA,NA,NA,NA
"1238","tg_rliver_repeat_pemoline_t6_c2","pemoline",2,25,"mg/kg",6,"repeat",8,"day",-0.033,0.977385766,0.786041863,0.988205519,-0.08,0.946057647,0.357641689,0.934304407,NA,NA,NA,NA
"1239","tg_rliver_repeat_pemoline_t6_c3","pemoline",3,75,"mg/kg",6,"repeat",8,"day",-0.187,0.878430468,0.055184308,0.436093343,0.204,1.151887642,0.153673771,0.59198988,NA,NA,NA,NA
"1240","tg_rliver_repeat_pemoline_t7_c1","pemoline",1,8,"mg/kg",7,"repeat",15,"day",-0.074,0.950000383,0.640107542,0.976210289,-0.074,0.950000383,0.703502782,0.979919488,NA,NA,NA,NA
"1241","tg_rliver_repeat_pemoline_t7_c2","pemoline",2,25,"mg/kg",7,"repeat",15,"day",0.022,1.015366101,0.881155593,0.999902618,-0.088,0.940826108,0.655705262,0.999902618,"no","yes","no","no"
"1242","tg_rliver_repeat_pemoline_t7_c3","pemoline",3,75,"mg/kg",7,"repeat",15,"day",0.021,1.014662547,0.887162428,0.999918213,0.086,1.061423209,0.655337791,0.999918213,NA,NA,NA,NA
"1243","tg_rliver_repeat_pemoline_t8_c1","pemoline",1,8,"mg/kg",8,"repeat",29,"day",-0.165,0.891928519,0.136169505,0.915812249,0.053,1.037419937,0.654520985,0.961629629,NA,NA,NA,NA
"1244","tg_rliver_repeat_pemoline_t8_c2","pemoline",2,25,"mg/kg",8,"repeat",29,"day",-0.157,0.89688816,0.174321224,0.997676491,-0.059,0.959929261,0.634533936,0.997676491,NA,NA,NA,NA
"1245","tg_rliver_repeat_pemoline_t8_c3","pemoline",3,75,"mg/kg",8,"repeat",29,"day",-0.069,0.953298545,0.57964841,0.967306174,-0.019,0.986916546,0.82176107,0.985099702,"no","yes","no","no"
"1246","tg_rliver_repeat_penicillamine_t5_c1","penicillamine",1,100,"mg/kg",5,"repeat",4,"day",0.042,1.029540083,0.796606928,0.976372975,-0.018,0.987600861,0.930910646,0.990485217,NA,NA,NA,NA
"1247","tg_rliver_repeat_penicillamine_t5_c2","penicillamine",2,300,"mg/kg",5,"repeat",4,"day",-0.089,0.940174203,0.584856822,0.987045335,-0.329,0.796088099,0.058168945,0.982296484,NA,NA,NA,NA
"1248","tg_rliver_repeat_penicillamine_t5_c3","penicillamine",3,1000,"mg/kg",5,"repeat",4,"day",-0.156,0.897510051,0.370208786,0.896281041,-0.343,0.788400174,0.170532931,0.819693789,NA,NA,NA,NA
"1249","tg_rliver_repeat_penicillamine_t6_c1","penicillamine",1,100,"mg/kg",6,"repeat",8,"day",0.215,1.160703914,0.216911451,0.963870545,0.61,1.526259209,0.018390941,0.963870545,NA,NA,NA,NA
"1250","tg_rliver_repeat_penicillamine_t6_c2","penicillamine",2,300,"mg/kg",6,"repeat",8,"day",0.333,1.25962998,0.011756582,0.889908247,0.366,1.28877463,0.117631858,0.902932176,NA,NA,NA,NA
"1251","tg_rliver_repeat_penicillamine_t6_c3","penicillamine",3,1000,"mg/kg",6,"repeat",8,"day",0.324,1.251796459,0.021878789,0.433444145,0.109,1.078480432,0.613259903,0.903867515,NA,NA,NA,NA
"1252","tg_rliver_repeat_penicillamine_t7_c1","penicillamine",1,100,"mg/kg",7,"repeat",15,"day",-0.079,0.946713631,0.510763526,0.998982991,-0.111,0.925946023,0.422670392,0.998982991,NA,NA,NA,NA
"1253","tg_rliver_repeat_penicillamine_t7_c2","penicillamine",2,300,"mg/kg",7,"repeat",15,"day",-0.003,0.997922719,0.98781221,0.998982735,-0.253,0.839149637,0.159047186,0.941783996,NA,NA,NA,NA
"1254","tg_rliver_repeat_penicillamine_t7_c3","penicillamine",3,1000,"mg/kg",7,"repeat",15,"day",-0.025,0.982820599,0.821562178,0.950172631,-0.521,0.696888619,0.015951099,0.244349754,NA,NA,NA,NA
"1255","tg_rliver_repeat_penicillamine_t8_c1","penicillamine",1,100,"mg/kg",8,"repeat",29,"day",0.06,1.042465761,0.732553134,0.972454814,0.116,1.083725967,0.428763093,0.932827158,NA,NA,NA,NA
"1256","tg_rliver_repeat_penicillamine_t8_c2","penicillamine",2,300,"mg/kg",8,"repeat",29,"day",-0.013,0.991029563,0.943995618,0.991536661,0.167,1.122721422,0.270101889,0.753419082,NA,NA,NA,NA
"1257","tg_rliver_repeat_penicillamine_t8_c3","penicillamine",3,1000,"mg/kg",8,"repeat",29,"day",0.094,1.067325338,0.581773732,0.84627155,-0.177,0.884540435,0.295148377,0.669150257,NA,NA,NA,NA
"1258","tg_rliver_repeat_perhexiline_t5_c1","perhexiline",1,15,"mg/kg",5,"repeat",4,"day",-0.11,0.926588062,0.396887031,0.948311352,-0.229,0.853226098,0.140349724,0.92672691,NA,NA,NA,NA
"1259","tg_rliver_repeat_perhexiline_t5_c2","perhexiline",2,50,"mg/kg",5,"repeat",4,"day",-0.096,0.935623498,0.484000721,0.915723216,-0.283,0.821880187,0.147700141,0.811519943,NA,NA,NA,NA
"1260","tg_rliver_repeat_perhexiline_t5_c3","perhexiline",3,150,"mg/kg",5,"repeat",4,"day",-0.32,0.801069878,0.026276901,0.414995035,-0.516,0.699308041,0.014415459,0.349524922,NA,NA,NA,NA
"1261","tg_rliver_repeat_perhexiline_t6_c1","perhexiline",1,15,"mg/kg",6,"repeat",8,"day",-0.127,0.915733686,0.197705958,0.991722609,-0.247,0.84264683,0.335637994,0.993932859,NA,NA,NA,NA
"1262","tg_rliver_repeat_perhexiline_t6_c2","perhexiline",2,50,"mg/kg",6,"repeat",8,"day",-0.296,0.814507563,0.021345049,0.540178164,-0.402,0.756808396,0.126950933,0.756461084,NA,NA,NA,NA
"1263","tg_rliver_repeat_perhexiline_t6_c3","perhexiline",3,150,"mg/kg",6,"repeat",8,"day",-0.329,0.796088099,0.001497761,0.122045618,-0.56,0.678302164,0.041975671,0.374928849,NA,NA,NA,NA
"1264","tg_rliver_repeat_perhexiline_t7_c1","perhexiline",1,15,"mg/kg",7,"repeat",15,"day",0.165,1.121166078,0.212837275,0.995383672,-0.044,0.96996191,0.689635979,0.995383672,NA,NA,NA,NA
"1265","tg_rliver_repeat_perhexiline_t7_c2","perhexiline",2,50,"mg/kg",7,"repeat",15,"day",-0.044,0.96996191,0.677449405,0.984310842,0.12,1.086734863,0.307210444,0.925594146,NA,NA,NA,NA
"1266","tg_rliver_repeat_perhexiline_t7_c3","perhexiline",3,150,"mg/kg",7,"repeat",15,"day",-0.224,0.856188285,0.071654006,0.881559448,0.023,1.016070143,0.877779806,0.993618058,NA,NA,NA,NA
"1267","tg_rliver_repeat_perhexiline_t8_c1","perhexiline",1,15,"mg/kg",8,"repeat",29,"day",-0.325,0.798298386,0.0098295,0.99920015,0.095,1.068065408,0.40258272,0.99920015,NA,NA,NA,NA
"1268","tg_rliver_repeat_perhexiline_t8_c2","perhexiline",2,50,"mg/kg",8,"repeat",29,"day",-0.063,0.957271458,0.581478802,0.989009123,0.221,1.165541198,0.146655501,0.984275217,NA,NA,NA,NA
"1269","tg_rliver_repeat_perhexiline_t8_c3","perhexiline",3,150,"mg/kg",8,"repeat",29,"day",-0.058,0.960594864,0.519645117,0.943282957,0.115,1.082975046,0.34867703,0.91382001,NA,NA,NA,NA
"1270","tg_rliver_repeat_phalloidin_t5_c3","phalloidin",3,1,"mg/kg",5,"repeat",4,"day",0.746,1.677136369,0.0028891,0.036663622,-0.021,0.985549337,0.850054037,0.919065614,"yes","no","no","no"
"1271","tg_rliver_repeat_phalloidin_t6_c3","phalloidin",3,1,"mg/kg",6,"repeat",8,"day",0.646,1.564823563,0.001661145,0.025756192,-0.065,0.955945318,0.577898047,0.785066919,"yes","no","no","no"
"1272","tg_rliver_repeat_phenacetin_t5_c1","phenacetin",1,100,"mg/kg",5,"repeat",4,"day",-0.249,0.841479482,0.010991146,0.914950861,-0.377,0.770037174,0.031608626,0.914950861,NA,NA,NA,NA
"1273","tg_rliver_repeat_phenacetin_t5_c2","phenacetin",2,300,"mg/kg",5,"repeat",4,"day",-0.478,0.717972255,0.000900634,0.642135349,-0.67,0.628506687,0.002451311,0.734103801,NA,NA,NA,NA
"1274","tg_rliver_repeat_phenacetin_t5_c3","phenacetin",3,1000,"mg/kg",5,"repeat",4,"day",-0.102,0.931740429,0.318067138,0.646999635,-0.881,0.542990928,4.67004e-05,0.018059736,NA,NA,NA,NA
"1275","tg_rliver_repeat_phenacetin_t6_c1","phenacetin",1,100,"mg/kg",6,"repeat",8,"day",0.019,1.0132569,0.785481495,0.978643217,0.254,1.192508872,0.008320719,0.880856197,NA,NA,NA,NA
"1276","tg_rliver_repeat_phenacetin_t6_c2","phenacetin",2,300,"mg/kg",6,"repeat",8,"day",0.165,1.121166078,0.068074456,0.999595899,-0.156,0.897510051,0.092682155,0.999595899,NA,NA,NA,NA
"1277","tg_rliver_repeat_phenacetin_t6_c3","phenacetin",3,1000,"mg/kg",6,"repeat",8,"day",-0.012,0.991716731,0.920004163,0.98259626,-0.207,0.866336856,0.035685657,0.401003179,NA,NA,NA,NA
"1278","tg_rliver_repeat_phenacetin_t7_c1","phenacetin",1,100,"mg/kg",7,"repeat",15,"day",-0.168,0.890075733,0.265802579,0.995257582,-0.045,0.969289817,0.595000854,0.995257582,NA,NA,NA,NA
"1279","tg_rliver_repeat_phenacetin_t7_c2","phenacetin",2,300,"mg/kg",7,"repeat",15,"day",-0.043,0.97063447,0.781148228,0.99947507,-0.168,0.890075733,0.14324787,0.99947507,NA,NA,NA,NA
"1280","tg_rliver_repeat_phenacetin_t7_c3","phenacetin",3,1000,"mg/kg",7,"repeat",15,"day",-0.223,0.856781955,0.181193893,0.637410533,-0.052,0.964598185,0.622112853,0.892277694,NA,NA,NA,NA
"1281","tg_rliver_repeat_phenacetin_t8_c1","phenacetin",1,100,"mg/kg",8,"repeat",29,"day",0.074,1.052631155,0.587505059,0.999526128,0.093,1.066585781,0.333234949,0.999526128,NA,NA,NA,NA
"1282","tg_rliver_repeat_phenacetin_t8_c2","phenacetin",2,300,"mg/kg",8,"repeat",29,"day",0.131,1.095052471,0.366559629,0.965231749,0.065,1.04608494,0.585407212,0.978482981,NA,NA,NA,NA
"1283","tg_rliver_repeat_phenacetin_t8_c3","phenacetin",3,1000,"mg/kg",8,"repeat",29,"day",0.069,1.048989328,0.617898366,0.853021692,0.028,1.019597683,0.787316474,0.92642575,NA,NA,NA,NA
"1284","tg_rliver_repeat_phenobarbital_t5_c1","phenobarbital",1,10,"mg/kg",5,"repeat",4,"day",0.456,1.371733289,0.024382151,0.999454977,0.378,1.299539062,0.080608037,0.999454977,NA,NA,NA,NA
"1285","tg_rliver_repeat_phenobarbital_t5_c2","phenobarbital",2,30,"mg/kg",5,"repeat",4,"day",-0.116,0.922742493,0.41353449,0.945217524,-0.203,0.868742185,0.490180459,0.955878122,NA,NA,NA,NA
"1286","tg_rliver_repeat_phenobarbital_t5_c3","phenobarbital",3,100,"mg/kg",5,"repeat",4,"day",-0.18,0.882702996,0.182402824,0.579612533,-0.193,0.874784765,0.437107548,0.779267412,NA,NA,NA,NA
"1287","tg_rliver_repeat_phenobarbital_t6_c1","phenobarbital",1,10,"mg/kg",6,"repeat",8,"day",0.081,1.057750964,0.28704961,0.991690961,0.101,1.072516617,0.497684275,0.992396461,NA,NA,NA,NA
"1288","tg_rliver_repeat_phenobarbital_t6_c2","phenobarbital",2,30,"mg/kg",6,"repeat",8,"day",0.029,1.020304659,0.881853276,0.993430637,0.166,1.121943481,0.240229894,0.859599706,NA,NA,NA,NA
"1289","tg_rliver_repeat_phenobarbital_t6_c3","phenobarbital",3,100,"mg/kg",6,"repeat",8,"day",-0.013,0.991029563,0.92474877,0.984373519,0.254,1.192508872,0.21618457,0.661519494,NA,NA,NA,NA
"1290","tg_rliver_repeat_phenobarbital_t7_c1","phenobarbital",1,10,"mg/kg",7,"repeat",15,"day",0.047,1.033114388,0.704670881,0.883867499,-0.333,0.793883931,0.299450204,0.627182155,NA,NA,NA,NA
"1291","tg_rliver_repeat_phenobarbital_t7_c2","phenobarbital",2,30,"mg/kg",7,"repeat",15,"day",-0.013,0.991029563,0.917107288,0.993509634,-0.232,0.851453708,0.204298288,0.955498741,NA,NA,NA,NA
"1292","tg_rliver_repeat_phenobarbital_t7_c3","phenobarbital",3,100,"mg/kg",7,"repeat",15,"day",-0.116,0.922742493,0.36709643,0.646992366,-0.17,0.888842681,0.342144449,0.626717597,NA,NA,NA,NA
"1293","tg_rliver_repeat_phenobarbital_t8_c1","phenobarbital",1,10,"mg/kg",8,"repeat",29,"day",0.056,1.039579435,0.642081165,0.948434936,0.123,1.088997015,0.403550641,0.890177774,NA,NA,NA,NA
"1294","tg_rliver_repeat_phenobarbital_t8_c2","phenobarbital",2,30,"mg/kg",8,"repeat",29,"day",0.061,1.043188594,0.395722824,0.86262693,0.422,1.339783602,0.001707943,0.28672861,NA,NA,NA,NA
"1295","tg_rliver_repeat_phenobarbital_t8_c3","phenobarbital",3,100,"mg/kg",8,"repeat",29,"day",0.042,1.029540083,0.621646994,0.88863318,0.303,1.23370717,0.015322905,0.270724696,NA,NA,NA,NA
"1296","tg_rliver_repeat_phenylanthranilicacid_t5_c1","phenylanthranilic acid",1,100,"mg/kg",5,"repeat",4,"day",0.301,1.231998073,0.063827007,0.553701836,0.261,1.198309021,0.210580198,0.665975494,NA,NA,NA,NA
"1297","tg_rliver_repeat_phenylanthranilicacid_t5_c2","phenylanthranilic acid",2,300,"mg/kg",5,"repeat",4,"day",0.05,1.035264924,0.606184576,0.914620162,-0.033,0.977385766,0.768905723,0.960718467,NA,NA,NA,NA
"1298","tg_rliver_repeat_phenylanthranilicacid_t5_c3","phenylanthranilic acid",3,1000,"mg/kg",5,"repeat",4,"day",-0.006,0.995849753,0.950435463,0.984786021,-0.443,0.735603373,0.013374465,0.211052995,NA,NA,NA,NA
"1299","tg_rliver_repeat_phenylanthranilicacid_t6_c1","phenylanthranilic acid",1,100,"mg/kg",6,"repeat",8,"day",0.069,1.048989328,0.531764388,0.999835775,0.176,1.129747215,0.18402891,0.999835775,NA,NA,NA,NA
"1300","tg_rliver_repeat_phenylanthranilicacid_t6_c2","phenylanthranilic acid",2,300,"mg/kg",6,"repeat",8,"day",-0.195,0.873572896,0.116356109,0.933107451,0.193,1.143138335,0.32139807,0.957613681,NA,NA,NA,NA
"1301","tg_rliver_repeat_phenylanthranilicacid_t6_c3","phenylanthranilic acid",3,1000,"mg/kg",6,"repeat",8,"day",-0.1,0.933032992,0.356146231,0.820601788,-0.437,0.738669032,0.028733489,0.453083056,NA,NA,NA,NA
"1302","tg_rliver_repeat_phenylanthranilicacid_t7_c1","phenylanthranilic acid",1,100,"mg/kg",7,"repeat",15,"day",0.124,1.089752112,0.403147526,0.914829676,-0.156,0.897510051,0.28167742,0.895280304,NA,NA,NA,NA
"1303","tg_rliver_repeat_phenylanthranilicacid_t7_c2","phenylanthranilic acid",2,300,"mg/kg",7,"repeat",15,"day",0.063,1.044635763,0.711004296,0.993551452,0.136,1.098854218,0.351975313,0.969828755,NA,NA,NA,NA
"1304","tg_rliver_repeat_phenylanthranilicacid_t7_c3","phenylanthranilic acid",3,1000,"mg/kg",7,"repeat",15,"day",0.216,1.161508732,0.231296464,0.741574997,-0.426,0.744322628,0.305998467,0.785227004,NA,NA,NA,NA
"1305","tg_rliver_repeat_phenylanthranilicacid_t8_c1","phenylanthranilic acid",1,100,"mg/kg",8,"repeat",29,"day",-0.056,0.961927455,0.621552094,0.971149011,-0.322,0.799960128,0.02868052,0.864816999,NA,NA,NA,NA
"1306","tg_rliver_repeat_phenylanthranilicacid_t8_c2","phenylanthranilic acid",2,300,"mg/kg",8,"repeat",29,"day",-0.139,0.908148418,0.157253687,0.724787014,-0.079,0.946713631,0.593794705,0.918452431,NA,NA,NA,NA
"1307","tg_rliver_repeat_phenylanthranilicacid_t8_c3","phenylanthranilic acid",3,1000,"mg/kg",8,"repeat",29,"day",-0.178,0.883927531,0.155581999,0.657944082,-0.163,0.893165852,0.390557654,0.828565095,NA,NA,NA,NA
"1308","tg_rliver_repeat_phenylbutazone_t5_c1","phenylbutazone",1,20,"mg/kg",5,"repeat",4,"day",0.047,1.033114388,0.716413017,0.999663736,0.019,1.0132569,0.92356706,0.999663736,NA,NA,NA,NA
"1309","tg_rliver_repeat_phenylbutazone_t5_c2","phenylbutazone",2,60,"mg/kg",5,"repeat",4,"day",-0.159,0.89564567,0.497637986,0.943545202,-0.549,0.683493726,0.040844946,0.86485447,NA,NA,NA,NA
"1310","tg_rliver_repeat_phenylbutazone_t5_c3","phenylbutazone",3,200,"mg/kg",5,"repeat",4,"day",-0.267,0.831045862,0.15296982,0.682643014,-0.701,0.615145672,0.009898272,0.39803018,NA,NA,NA,NA
"1311","tg_rliver_repeat_phenylbutazone_t6_c1","phenylbutazone",1,20,"mg/kg",6,"repeat",8,"day",0.154,1.112650121,0.198069401,0.999420631,0.354,1.278099363,0.182845477,0.999420631,NA,NA,NA,NA
"1312","tg_rliver_repeat_phenylbutazone_t6_c2","phenylbutazone",2,60,"mg/kg",6,"repeat",8,"day",0.089,1.063632673,0.610480662,0.998266039,0.336,1.262252032,0.205403642,0.990311515,NA,NA,NA,NA
"1313","tg_rliver_repeat_phenylbutazone_t6_c3","phenylbutazone",3,200,"mg/kg",6,"repeat",8,"day",-0.117,0.922103118,0.396304966,0.889741804,0.125,1.090507733,0.24390664,0.826929644,NA,NA,NA,NA
"1314","tg_rliver_repeat_phenylbutazone_t7_c1","phenylbutazone",1,20,"mg/kg",7,"repeat",15,"day",0.239,1.180174343,0.050833815,0.990660945,0.077,1.054822317,0.357148123,0.995447395,NA,NA,NA,NA
"1315","tg_rliver_repeat_phenylbutazone_t7_c2","phenylbutazone",2,60,"mg/kg",7,"repeat",15,"day",0.215,1.160703914,0.076772435,0.970841473,0.067,1.047536127,0.467680424,0.97921788,NA,NA,NA,NA
"1316","tg_rliver_repeat_phenylbutazone_t7_c3","phenylbutazone",3,200,"mg/kg",7,"repeat",15,"day",0.024,1.016774673,0.842918269,0.981095164,-0.217,0.860352631,0.018607305,0.491377427,NA,NA,NA,NA
"1317","tg_rliver_repeat_phenylbutazone_t8_c1","phenylbutazone",1,20,"mg/kg",8,"repeat",29,"day",-0.119,0.920825697,0.240711573,0.998220594,-0.31,0.806641759,0.098555997,0.998220594,NA,NA,NA,NA
"1318","tg_rliver_repeat_phenylbutazone_t8_c2","phenylbutazone",2,60,"mg/kg",8,"repeat",29,"day",-0.246,0.84323111,0.019211983,0.692806618,-0.111,0.925946023,0.552156069,0.920638726,NA,NA,NA,NA
"1319","tg_rliver_repeat_phenylbutazone_t8_c3","phenylbutazone",3,200,"mg/kg",8,"repeat",29,"day",-0.153,0.899378312,0.135091305,0.583145464,-0.406,0.754712984,0.061934542,0.466736566,NA,NA,NA,NA
"1320","tg_rliver_repeat_phenytoin_t5_c1","phenytoin",1,60,"mg/kg",5,"repeat",4,"day",0.012,1.008352455,0.887662466,0.997950665,0.011,1.00765376,0.931884862,0.997950665,NA,NA,NA,NA
"1321","tg_rliver_repeat_phenytoin_t5_c2","phenytoin",2,200,"mg/kg",5,"repeat",4,"day",-0.059,0.959929261,0.38760751,0.812377555,0.146,1.106497353,0.294448739,0.76343143,NA,NA,NA,NA
"1322","tg_rliver_repeat_phenytoin_t5_c3","phenytoin",3,600,"mg/kg",5,"repeat",4,"day",-0.158,0.8962667,0.067085343,0.474968573,-0.031,0.97874165,0.81836556,0.960168811,NA,NA,NA,NA
"1323","tg_rliver_repeat_phenytoin_t6_c1","phenytoin",1,60,"mg/kg",6,"repeat",8,"day",0.217,1.162314108,0.197685742,0.997815782,0.021,1.014662547,0.863858928,0.997815782,NA,NA,NA,NA
"1324","tg_rliver_repeat_phenytoin_t6_c2","phenytoin",2,200,"mg/kg",6,"repeat",8,"day",0.217,1.162314108,0.211686688,0.925231268,-0.131,0.91319825,0.398219655,0.953767221,NA,NA,NA,NA
"1325","tg_rliver_repeat_phenytoin_t6_c3","phenytoin",3,600,"mg/kg",6,"repeat",8,"day",0.193,1.143138335,0.108717771,0.689556386,-0.164,0.892546971,0.087121043,0.666797333,NA,NA,NA,NA
"1326","tg_rliver_repeat_phenytoin_t7_c1","phenytoin",1,60,"mg/kg",7,"repeat",15,"day",0.085,1.060687741,0.483117766,0.991144854,-0.092,0.938221197,0.625635203,0.992395016,NA,NA,NA,NA
"1327","tg_rliver_repeat_phenytoin_t7_c2","phenytoin",2,200,"mg/kg",7,"repeat",15,"day",-0.027,0.981459064,0.835248543,0.981486456,-0.046,0.968618189,0.769010696,0.972711967,NA,NA,NA,NA
"1328","tg_rliver_repeat_phenytoin_t7_c3","phenytoin",3,600,"mg/kg",7,"repeat",15,"day",0.064,1.0453601,0.617242076,0.902605974,-0.075,0.949342121,0.615255591,0.902513686,NA,NA,NA,NA
"1329","tg_rliver_repeat_phenytoin_t8_c1","phenytoin",1,60,"mg/kg",8,"repeat",29,"day",-0.135,0.910669834,0.198168219,0.802690163,-0.091,0.938871747,0.634798453,0.946120616,NA,NA,NA,NA
"1330","tg_rliver_repeat_phenytoin_t8_c2","phenytoin",2,200,"mg/kg",8,"repeat",29,"day",0.145,1.105730653,0.092451413,0.720167396,-0.01,0.993092495,0.9425265,0.992447442,NA,NA,NA,NA
"1331","tg_rliver_repeat_phenytoin_t8_c3","phenytoin",3,600,"mg/kg",8,"repeat",29,"day",-0.056,0.961927455,0.62870123,0.860351423,-0.027,0.981459064,0.882982855,0.961589239,NA,NA,NA,NA
"1332","tg_rliver_repeat_promethazine_t5_c1","promethazine",1,20,"mg/kg",5,"repeat",4,"day",-0.153,0.899378312,0.541030464,0.927340013,-0.051,0.965267025,0.815002313,0.975856794,"no","yes","no","no"
"1333","tg_rliver_repeat_promethazine_t5_c2","promethazine",2,60,"mg/kg",5,"repeat",4,"day",-0.06,0.959264119,0.796802273,0.962069019,0.214,1.159899655,0.372370105,0.832598559,NA,NA,NA,NA
"1334","tg_rliver_repeat_promethazine_t5_c3","promethazine",3,200,"mg/kg",5,"repeat",4,"day",-0.36,0.77916458,0.158381416,0.494099157,-0.798,0.575145947,0.004100337,0.105315215,"no","yes","no","no"
"1335","tg_rliver_repeat_promethazine_t6_c1","promethazine",1,20,"mg/kg",6,"repeat",8,"day",-0.102,0.931740429,0.629324677,0.975492167,-0.38,0.768437591,0.016851874,0.870031638,NA,NA,NA,NA
"1336","tg_rliver_repeat_promethazine_t6_c2","promethazine",2,60,"mg/kg",6,"repeat",8,"day",-0.176,0.885153765,0.46003373,0.909304382,-0.318,0.802181166,0.045282901,0.646420008,NA,NA,NA,NA
"1337","tg_rliver_repeat_promethazine_t6_c3","promethazine",3,200,"mg/kg",6,"repeat",8,"day",0.099,1.071030823,0.650793167,0.921449106,-0.162,0.893785162,0.295422944,0.773380466,NA,NA,NA,NA
"1338","tg_rliver_repeat_promethazine_t7_c1","promethazine",1,20,"mg/kg",7,"repeat",15,"day",-0.164,0.892546971,0.307875105,0.940203996,-0.408,0.753667455,0.012354073,0.851207233,NA,NA,NA,NA
"1339","tg_rliver_repeat_promethazine_t7_c2","promethazine",2,60,"mg/kg",7,"repeat",15,"day",-0.152,0.90000193,0.202167673,0.801070401,-0.144,0.905006463,0.413167327,0.887234846,NA,NA,NA,NA
"1340","tg_rliver_repeat_promethazine_t7_c3","promethazine",3,200,"mg/kg",7,"repeat",15,"day",-0.175,0.885767519,0.368892754,0.746415221,-0.715,0.609205132,0.004945189,0.149471286,NA,NA,NA,NA
"1341","tg_rliver_repeat_promethazine_t8_c1","promethazine",1,20,"mg/kg",8,"repeat",29,"day",-0.095,0.936272247,0.606607773,0.87565067,0.04,1.028113827,0.870446776,0.966689587,NA,NA,NA,NA
"1342","tg_rliver_repeat_promethazine_t8_c2","promethazine",2,60,"mg/kg",8,"repeat",29,"day",-0.387,0.764718139,0.04736878,0.267980749,-0.105,0.929804943,0.544026006,0.81880086,NA,NA,NA,NA
"1343","tg_rliver_repeat_promethazine_t8_c3","promethazine",3,200,"mg/kg",8,"repeat",29,"day",0.008,1.00556058,0.956066505,0.981784264,0.072,1.051172909,0.708367196,0.858593294,NA,NA,NA,NA
"1344","tg_rliver_repeat_propranolol_t5_c1","propranolol",1,15,"mg/kg",5,"repeat",4,"day",0.009,1.006257823,0.964336644,0.997808648,-0.161,0.894404902,0.136129391,0.955316708,NA,NA,NA,NA
"1345","tg_rliver_repeat_propranolol_t5_c2","propranolol",2,50,"mg/kg",5,"repeat",4,"day",-0.058,0.960594864,0.526735792,0.886749785,-0.113,0.924663278,0.361734653,0.817863508,NA,NA,NA,NA
"1346","tg_rliver_repeat_propranolol_t5_c3","propranolol",3,150,"mg/kg",5,"repeat",4,"day",-0.208,0.865736566,0.134171083,0.81016067,-0.393,0.76154437,0.018069807,0.669147367,NA,NA,NA,NA
"1347","tg_rliver_repeat_propranolol_t6_c1","propranolol",1,15,"mg/kg",6,"repeat",8,"day",-0.168,0.890075733,0.141973757,0.830135524,0.112,1.080725402,0.461329349,0.921180841,NA,NA,NA,NA
"1348","tg_rliver_repeat_propranolol_t6_c2","propranolol",2,50,"mg/kg",6,"repeat",8,"day",-0.041,0.971980988,0.70994419,0.908306156,0.4,1.319507911,0.047934247,0.331998034,NA,NA,NA,NA
"1349","tg_rliver_repeat_propranolol_t6_c3","propranolol",3,150,"mg/kg",6,"repeat",8,"day",0.127,1.092020546,0.146322202,0.44780443,0.232,1.174461971,0.022058244,0.199713819,NA,NA,NA,NA
"1350","tg_rliver_repeat_propranolol_t7_c1","propranolol",1,15,"mg/kg",7,"repeat",15,"day",-0.083,0.944092419,0.674898512,0.972057047,-0.28,0.823591017,0.153731673,0.943633592,NA,NA,NA,NA
"1351","tg_rliver_repeat_propranolol_t7_c2","propranolol",2,50,"mg/kg",7,"repeat",15,"day",-0.283,0.821880187,0.013209994,0.467993289,-0.236,0.849096246,0.087489279,0.643991345,NA,NA,NA,NA
"1352","tg_rliver_repeat_propranolol_t7_c3","propranolol",3,150,"mg/kg",7,"repeat",15,"day",-0.408,0.753667455,0.019495227,0.76090396,-0.175,0.885767519,0.21207229,0.89680407,NA,NA,NA,NA
"1353","tg_rliver_repeat_propranolol_t8_c1","propranolol",1,15,"mg/kg",8,"repeat",29,"day",-0.24,0.846745312,0.136665736,0.904699573,-0.472,0.720964436,0.000342432,0.315911913,NA,NA,NA,NA
"1354","tg_rliver_repeat_propranolol_t8_c2","propranolol",2,50,"mg/kg",8,"repeat",29,"day",-0.207,0.866336856,0.148176225,0.830948643,-0.414,0.750539549,0.041974151,0.714101482,NA,NA,NA,NA
"1355","tg_rliver_repeat_propranolol_t8_c3","propranolol",3,150,"mg/kg",8,"repeat",29,"day",-0.176,0.885153765,0.305547833,0.886492984,-0.396,0.759962428,0.054160838,0.727423828,NA,NA,NA,NA
"1356","tg_rliver_repeat_propylthiouracil_t5_c1","propylthiouracil",1,10,"mg/kg",5,"repeat",4,"day",-0.09,0.939522749,0.333474196,0.87122167,-0.003,0.997922719,0.986513828,0.998631824,NA,NA,NA,NA
"1357","tg_rliver_repeat_propylthiouracil_t5_c2","propylthiouracil",2,30,"mg/kg",5,"repeat",4,"day",0.053,1.037419937,0.793344735,0.942131026,0.009,1.006257823,0.969018205,0.99258227,NA,NA,NA,NA
"1358","tg_rliver_repeat_propylthiouracil_t5_c3","propylthiouracil",3,100,"mg/kg",5,"repeat",4,"day",-0.064,0.956608158,0.366660651,0.732644179,-0.084,0.943438251,0.43310532,0.776238066,NA,NA,NA,NA
"1359","tg_rliver_repeat_propylthiouracil_t6_c1","propylthiouracil",1,10,"mg/kg",6,"repeat",8,"day",-0.021,0.985549337,0.914037125,0.976603528,-0.001,0.999307093,0.995507092,0.999241214,NA,NA,NA,NA
"1360","tg_rliver_repeat_propylthiouracil_t6_c2","propylthiouracil",2,30,"mg/kg",6,"repeat",8,"day",-0.214,0.862143545,0.259224701,0.719574171,-0.246,0.84323111,0.253433469,0.714872226,NA,NA,NA,NA
"1361","tg_rliver_repeat_propylthiouracil_t6_c3","propylthiouracil",3,100,"mg/kg",6,"repeat",8,"day",-0.188,0.877821798,0.316703483,0.577686389,-0.195,0.873572896,0.361038848,0.613128007,NA,NA,NA,NA
"1362","tg_rliver_repeat_propylthiouracil_t7_c1","propylthiouracil",1,10,"mg/kg",7,"repeat",15,"day",0.189,1.139973273,0.060716253,0.267643234,0.051,1.035982764,0.809023725,0.92343051,NA,NA,NA,NA
"1363","tg_rliver_repeat_propylthiouracil_t7_c2","propylthiouracil",2,30,"mg/kg",7,"repeat",15,"day",0.161,1.118061851,0.095916112,0.363495829,0.173,1.127400412,0.328588748,0.643960002,NA,NA,NA,NA
"1364","tg_rliver_repeat_propylthiouracil_t7_c3","propylthiouracil",3,100,"mg/kg",7,"repeat",15,"day",0.027,1.018891197,0.813095315,0.920592997,-0.104,0.930449658,0.567663454,0.790910997,NA,NA,NA,NA
"1365","tg_rliver_repeat_propylthiouracil_t8_c1","propylthiouracil",1,10,"mg/kg",8,"repeat",29,"day",-0.055,0.962594443,0.559718278,0.775954083,-0.277,0.825305409,0.058457021,0.213118821,NA,NA,NA,NA
"1366","tg_rliver_repeat_propylthiouracil_t8_c2","propylthiouracil",2,30,"mg/kg",8,"repeat",29,"day",0.203,1.151089491,0.039798093,0.189200487,-0.416,0.749499801,0.026507257,0.149052511,NA,NA,NA,NA
"1367","tg_rliver_repeat_propylthiouracil_t8_c3","propylthiouracil",3,100,"mg/kg",8,"repeat",29,"day",0.287,1.22010051,0.01548914,0.105607678,-0.156,0.897510051,0.236122475,0.505832503,NA,NA,NA,NA
"1368","tg_rliver_repeat_puromycinaminonucleoside_t5_c1","puromycin aminonucleoside",1,4,"mg/kg",5,"repeat",4,"day",-0.081,0.945402117,0.484652719,0.998749706,0.015,1.010451446,0.921678931,0.998789452,NA,NA,NA,NA
"1369","tg_rliver_repeat_puromycinaminonucleoside_t5_c2","puromycin aminonucleoside",2,12,"mg/kg",5,"repeat",4,"day",-0.316,0.803293997,0.042443716,0.801738364,-0.066,0.955282936,0.729773042,0.977177544,NA,NA,NA,NA
"1370","tg_rliver_repeat_puromycinaminonucleoside_t5_c3","puromycin aminonucleoside",3,40,"mg/kg",5,"repeat",4,"day",-0.209,0.865136691,0.129646935,0.457805472,-0.504,0.70514898,0.004371599,0.101523102,NA,NA,NA,NA
"1371","tg_rliver_repeat_puromycinaminonucleoside_t6_c1","puromycin aminonucleoside",1,4,"mg/kg",6,"repeat",8,"day",-0.206,0.866937564,0.288512232,0.966711704,-0.038,0.974004269,0.847356115,0.992853858,NA,NA,NA,NA
"1372","tg_rliver_repeat_puromycinaminonucleoside_t6_c2","puromycin aminonucleoside",2,12,"mg/kg",6,"repeat",8,"day",-0.224,0.856188285,0.119467915,0.942935922,-0.139,0.908148418,0.545712778,0.942935922,NA,NA,NA,NA
"1373","tg_rliver_repeat_puromycinaminonucleoside_t6_c3","puromycin aminonucleoside",3,40,"mg/kg",6,"repeat",8,"day",-0.072,0.951318276,0.556781483,0.775974514,-1.119,0.460412849,1.10478e-05,0.001494558,"yes","no","no","no"
"1374","tg_rliver_repeat_puromycinaminonucleoside_t7_c1","puromycin aminonucleoside",1,4,"mg/kg",7,"repeat",15,"day",-0.104,0.930449658,0.499969216,0.999979078,-0.147,0.90312651,0.582624277,0.999979078,NA,NA,NA,NA
"1375","tg_rliver_repeat_puromycinaminonucleoside_t7_c2","puromycin aminonucleoside",2,12,"mg/kg",7,"repeat",15,"day",-0.041,0.971980988,0.76357881,0.963479774,-0.87,0.547146851,0.013745563,0.222193357,NA,NA,NA,NA
"1376","tg_rliver_repeat_puromycinaminonucleoside_t8_c1","puromycin aminonucleoside",1,4,"mg/kg",8,"repeat",29,"day",-0.076,0.948684315,0.641415321,0.766244948,0.646,1.564823563,0.001883678,0.014233826,NA,NA,NA,NA
"1377","tg_rliver_repeat_puromycinaminonucleoside_t8_c2","puromycin aminonucleoside",2,12,"mg/kg",8,"repeat",29,"day",-0.141,0.906890329,0.507011685,0.795687681,-0.368,0.774855931,0.070233464,0.307649509,NA,NA,NA,NA
"1378","tg_rliver_repeat_quinidine_t5_c1","quinidine",1,20,"mg/kg",5,"repeat",4,"day",0.321,1.249196126,0.163120005,0.817065713,-0.057,0.961260928,0.7267996,0.960063726,NA,NA,NA,NA
"1379","tg_rliver_repeat_quinidine_t5_c2","quinidine",2,60,"mg/kg",5,"repeat",4,"day",-0.167,0.890692901,0.432143942,0.954717799,-0.031,0.97874165,0.790217435,0.983936476,NA,NA,NA,NA
"1380","tg_rliver_repeat_quinidine_t5_c3","quinidine",3,200,"mg/kg",5,"repeat",4,"day",-0.143,0.905633983,0.448608755,0.854708899,-0.251,0.840313752,0.040685619,0.479425836,NA,NA,NA,NA
"1381","tg_rliver_repeat_quinidine_t6_c1","quinidine",1,20,"mg/kg",6,"repeat",8,"day",-0.351,0.784040454,0.003097662,0.877177459,-0.431,0.741747467,0.071201919,0.913045579,NA,NA,NA,NA
"1382","tg_rliver_repeat_quinidine_t6_c2","quinidine",2,60,"mg/kg",6,"repeat",8,"day",-0.277,0.825305409,0.065250244,0.704719235,-0.224,0.856188285,0.408805138,0.896838916,NA,NA,NA,NA
"1383","tg_rliver_repeat_quinidine_t6_c3","quinidine",3,200,"mg/kg",6,"repeat",8,"day",-0.517,0.698823486,7.83756e-05,0.08412082,-0.549,0.683493726,0.037507263,0.462384019,NA,NA,NA,NA
"1384","tg_rliver_repeat_quinidine_t7_c1","quinidine",1,20,"mg/kg",7,"repeat",15,"day",-0.039,0.973329374,0.748949486,0.996628006,-0.159,0.89564567,0.341158343,0.994500197,NA,NA,NA,NA
"1385","tg_rliver_repeat_quinidine_t7_c2","quinidine",2,60,"mg/kg",7,"repeat",15,"day",0.005,1.003471749,0.958038775,0.999815034,-0.185,0.879649076,0.122583149,0.999815034,NA,NA,NA,NA
"1386","tg_rliver_repeat_quinidine_t7_c3","quinidine",3,200,"mg/kg",7,"repeat",15,"day",-0.184,0.880259014,0.066565706,0.666041396,-0.047,0.967947027,0.824554136,0.979969849,NA,NA,NA,NA
"1387","tg_rliver_repeat_quinidine_t8_c1","quinidine",1,20,"mg/kg",8,"repeat",29,"day",-0.129,0.914465089,0.373997539,0.993120253,-0.203,0.868742185,0.244925839,0.993120253,NA,NA,NA,NA
"1388","tg_rliver_repeat_quinidine_t8_c2","quinidine",2,60,"mg/kg",8,"repeat",29,"day",-0.052,0.964598185,0.662583917,0.992024957,-0.173,0.886996305,0.419701544,0.978651828,NA,NA,NA,NA
"1389","tg_rliver_repeat_quinidine_t8_c3","quinidine",3,200,"mg/kg",8,"repeat",29,"day",-0.169,0.889458994,0.205834019,0.802948535,-0.203,0.868742185,0.293960242,0.847090986,NA,NA,NA,NA
"1390","tg_rliver_repeat_ranitidine_t5_c1","ranitidine",1,100,"mg/kg",5,"repeat",4,"day",0.017,1.011853201,0.842488937,0.999968276,-0.074,0.950000383,0.810027846,0.999968276,NA,NA,NA,NA
"1391","tg_rliver_repeat_ranitidine_t5_c2","ranitidine",2,300,"mg/kg",5,"repeat",4,"day",0.016,1.011152081,0.871288913,0.994706594,-0.104,0.930449658,0.712520876,0.991730727,"no","yes","no","no"
"1392","tg_rliver_repeat_ranitidine_t5_c3","ranitidine",3,1000,"mg/kg",5,"repeat",4,"day",0.005,1.003471749,0.967385255,0.994632961,0.156,1.114193651,0.591207111,0.936716179,NA,NA,NA,NA
"1393","tg_rliver_repeat_ranitidine_t6_c1","ranitidine",1,100,"mg/kg",6,"repeat",8,"day",-0.062,0.957935218,0.623173607,0.999875619,-0.36,0.77916458,0.012838131,0.999875619,NA,NA,NA,NA
"1394","tg_rliver_repeat_ranitidine_t6_c2","ranitidine",2,300,"mg/kg",6,"repeat",8,"day",0.093,1.066585781,0.501713251,0.972949904,-0.371,0.773246337,0.008958923,0.961467731,NA,NA,NA,NA
"1395","tg_rliver_repeat_ranitidine_t6_c3","ranitidine",3,1000,"mg/kg",6,"repeat",8,"day",-0.029,0.980099415,0.815000772,0.999713776,-0.024,0.983502074,0.867394935,0.999713776,NA,NA,NA,NA
"1396","tg_rliver_repeat_ranitidine_t7_c1","ranitidine",1,100,"mg/kg",7,"repeat",15,"day",-0.002,0.998614666,0.98493123,0.999631984,-0.248,0.842062954,0.036547789,0.999631984,NA,NA,NA,NA
"1397","tg_rliver_repeat_ranitidine_t7_c2","ranitidine",2,300,"mg/kg",7,"repeat",15,"day",-0.126,0.916368645,0.249983396,0.909664951,-0.115,0.923382311,0.28541459,0.91707012,NA,NA,NA,NA
"1398","tg_rliver_repeat_ranitidine_t7_c3","ranitidine",3,1000,"mg/kg",7,"repeat",15,"day",-0.204,0.868140228,0.080829411,0.831175434,-0.424,0.745355193,0.011812041,0.816746813,NA,NA,NA,NA
"1399","tg_rliver_repeat_ranitidine_t8_c1","ranitidine",1,100,"mg/kg",8,"repeat",29,"day",0.192,1.142346247,0.164320665,0.994320468,0.326,1.25353302,0.311043049,0.994320468,NA,NA,NA,NA
"1400","tg_rliver_repeat_ranitidine_t8_c2","ranitidine",2,300,"mg/kg",8,"repeat",29,"day",0.116,1.083725967,0.435256883,0.999918615,-0.052,0.964598185,0.856170832,0.999918615,NA,NA,NA,NA
"1401","tg_rliver_repeat_ranitidine_t8_c3","ranitidine",3,1000,"mg/kg",8,"repeat",29,"day",0.218,1.163120042,0.036333803,0.631089115,-0.188,0.877821798,0.463483664,0.890075762,NA,NA,NA,NA
"1402","tg_rliver_repeat_rifampicin_t5_c1","rifampicin",1,20,"mg/kg",5,"repeat",4,"day",0.106,1.076240125,0.676577243,0.993574612,-0.067,0.954621014,0.824868615,0.997035594,NA,NA,NA,NA
"1403","tg_rliver_repeat_rifampicin_t5_c2","rifampicin",2,60,"mg/kg",5,"repeat",4,"day",-0.241,0.846158597,0.174480595,0.9990287,-0.163,0.893165852,0.226466156,0.9990287,NA,NA,NA,NA
"1404","tg_rliver_repeat_rifampicin_t5_c3","rifampicin",3,200,"mg/kg",5,"repeat",4,"day",-0.338,0.791137301,0.055447056,0.538556108,-0.26,0.835087919,0.096609855,0.612164399,NA,NA,NA,NA
"1405","tg_rliver_repeat_rifampicin_t6_c1","rifampicin",1,20,"mg/kg",6,"repeat",8,"day",-0.046,0.968618189,0.866317748,0.999362884,0.013,1.009051634,0.977047023,0.999362884,NA,NA,NA,NA
"1406","tg_rliver_repeat_rifampicin_t6_c2","rifampicin",2,60,"mg/kg",6,"repeat",8,"day",-0.063,0.957271458,0.869986036,0.969015622,-0.207,0.866336856,0.653972248,0.908338317,NA,NA,NA,NA
"1407","tg_rliver_repeat_rifampicin_t6_c3","rifampicin",3,200,"mg/kg",6,"repeat",8,"day",0.336,1.262252032,0.376808557,0.8537306,-0.384,0.76630998,0.369613234,0.851975318,NA,NA,NA,NA
"1408","tg_rliver_repeat_rifampicin_t7_c1","rifampicin",1,20,"mg/kg",7,"repeat",15,"day",0.074,1.052631155,0.699640043,0.964254559,0.343,1.268391399,0.199925529,0.89435995,NA,NA,NA,NA
"1409","tg_rliver_repeat_rifampicin_t7_c2","rifampicin",2,60,"mg/kg",7,"repeat",15,"day",-0.016,0.988970916,0.916722739,0.992855745,0.01,1.00695555,0.93292465,0.994168558,NA,NA,NA,NA
"1410","tg_rliver_repeat_rifampicin_t7_c3","rifampicin",3,200,"mg/kg",7,"repeat",15,"day",-0.169,0.889458994,0.180769422,0.576657767,0.082,1.058484395,0.534954583,0.813140303,NA,NA,NA,NA
"1411","tg_rliver_repeat_rifampicin_t8_c1","rifampicin",1,20,"mg/kg",8,"repeat",29,"day",0.154,1.112650121,0.172041577,0.987883449,-0.19,0.876605721,0.171152166,0.987883449,NA,NA,NA,NA
"1412","tg_rliver_repeat_rifampicin_t8_c2","rifampicin",2,60,"mg/kg",8,"repeat",29,"day",0.142,1.10343374,0.464639959,0.999635395,-0.248,0.842062954,0.071565862,0.999635395,NA,NA,NA,NA
"1413","tg_rliver_repeat_rifampicin_t8_c3","rifampicin",3,200,"mg/kg",8,"repeat",29,"day",0.375,1.296839555,0.271764152,0.79170039,-0.131,0.91319825,0.45944816,0.878614209,NA,NA,NA,NA
"1414","tg_rliver_repeat_rosiglitazonemaleate_t5_c1","rosiglitazone maleate",1,2,"mg/kg",5,"repeat",4,"day",0.041,1.028826708,0.79270166,0.962316622,0.244,1.184271612,0.122859635,0.710209158,NA,NA,NA,NA
"1415","tg_rliver_repeat_rosiglitazonemaleate_t5_c2","rosiglitazone maleate",2,20,"mg/kg",5,"repeat",4,"day",-0.483,0.71548826,0.019882432,0.580943112,-0.106,0.929160674,0.280231577,0.807405491,NA,NA,NA,NA
"1416","tg_rliver_repeat_rosiglitazonemaleate_t5_c3","rosiglitazone maleate",3,100,"mg/kg",5,"repeat",4,"day",-0.165,0.891928519,0.337598285,0.69628397,0.126,1.091263877,0.342839046,0.700046786,NA,NA,NA,NA
"1417","tg_rliver_repeat_rosiglitazonemaleate_t6_c1","rosiglitazone maleate",1,2,"mg/kg",6,"repeat",8,"day",-0.029,0.980099415,0.799135097,0.956184063,0.238,1.179356592,0.252578608,0.790595967,NA,NA,NA,NA
"1418","tg_rliver_repeat_rosiglitazonemaleate_t6_c2","rosiglitazone maleate",2,20,"mg/kg",6,"repeat",8,"day",0.07,1.049716684,0.55823309,0.88102865,0.183,1.135242102,0.017614496,0.503717303,NA,NA,NA,NA
"1419","tg_rliver_repeat_rosiglitazonemaleate_t6_c3","rosiglitazone maleate",3,100,"mg/kg",6,"repeat",8,"day",0.342,1.267512522,0.051919399,0.417948621,-0.151,0.90062598,0.421351857,0.759228861,NA,NA,NA,NA
"1420","tg_rliver_repeat_rosiglitazonemaleate_t7_c1","rosiglitazone maleate",1,2,"mg/kg",7,"repeat",15,"day",-0.346,0.786762445,0.062378723,0.999877668,-0.045,0.969289817,0.740588094,0.999877668,NA,NA,NA,NA
"1421","tg_rliver_repeat_rosiglitazonemaleate_t7_c2","rosiglitazone maleate",2,20,"mg/kg",7,"repeat",15,"day",0.086,1.061423209,0.662333655,0.984158497,-0.051,0.965267025,0.718947202,0.985437822,NA,NA,NA,NA
"1422","tg_rliver_repeat_rosiglitazonemaleate_t7_c3","rosiglitazone maleate",3,100,"mg/kg",7,"repeat",15,"day",-0.199,0.871154192,0.179382605,0.689658591,-0.164,0.892546971,0.19033796,0.694785149,NA,NA,NA,NA
"1423","tg_rliver_repeat_rosiglitazonemaleate_t8_c1","rosiglitazone maleate",1,2,"mg/kg",8,"repeat",29,"day",0,1,0.999626488,0.999796352,-0.001,0.999307093,0.990544002,0.999700616,NA,NA,NA,NA
"1424","tg_rliver_repeat_rosiglitazonemaleate_t8_c2","rosiglitazone maleate",2,20,"mg/kg",8,"repeat",29,"day",-0.02,0.986232704,0.926596528,0.99117675,0.016,1.011152081,0.877682012,0.98408642,NA,NA,NA,NA
"1425","tg_rliver_repeat_rosiglitazonemaleate_t8_c3","rosiglitazone maleate",3,100,"mg/kg",8,"repeat",29,"day",-0.121,0.919550046,0.567318894,0.892443139,-0.137,0.909408252,0.210502402,0.713369375,NA,NA,NA,NA
"1426","tg_rliver_repeat_rotenone_t5_c1","rotenone",1,5,"mg/kg",5,"repeat",4,"day",-0.376,0.770571108,0.240264579,0.999766997,-0.206,0.866937564,0.236811946,0.999766997,NA,NA,NA,NA
"1427","tg_rliver_repeat_rotenone_t5_c2","rotenone",2,15,"mg/kg",5,"repeat",4,"day",-0.434,0.740206649,0.20969933,0.999429857,-0.267,0.831045862,0.194827932,0.999429857,NA,NA,NA,NA
"1428","tg_rliver_repeat_rotenone_t5_c3","rotenone",3,50,"mg/kg",5,"repeat",4,"day",-0.48,0.716977624,0.128425318,0.826755574,-0.733,0.601651513,0.004228574,0.695438503,NA,NA,NA,NA
"1429","tg_rliver_repeat_rotenone_t6_c1","rotenone",1,5,"mg/kg",6,"repeat",8,"day",-0.024,0.983502074,0.847576623,0.99027312,-0.131,0.91319825,0.553040637,0.970049394,NA,NA,NA,NA
"1430","tg_rliver_repeat_rotenone_t6_c2","rotenone",2,15,"mg/kg",6,"repeat",8,"day",0.133,1.096571589,0.250911624,0.856777385,0.154,1.112650121,0.404996437,0.896318354,NA,NA,NA,NA
"1431","tg_rliver_repeat_rotenone_t6_c3","rotenone",3,50,"mg/kg",6,"repeat",8,"day",0.528,1.441928871,0.094375597,0.715247736,0.231,1.173648178,0.183088086,0.776510359,NA,NA,NA,NA
"1432","tg_rliver_repeat_rotenone_t7_c1","rotenone",1,5,"mg/kg",7,"repeat",15,"day",-0.074,0.950000383,0.526478534,0.999222959,0.297,1.22858698,0.028018446,0.999222959,NA,NA,NA,NA
"1433","tg_rliver_repeat_rotenone_t7_c2","rotenone",2,15,"mg/kg",7,"repeat",15,"day",-0.132,0.912565489,0.307632165,0.856719923,-0.176,0.885153765,0.160433375,0.80324675,NA,NA,NA,NA
"1434","tg_rliver_repeat_rotenone_t7_c3","rotenone",3,50,"mg/kg",7,"repeat",15,"day",0.02,1.01395948,0.931295582,0.989813094,-0.124,0.917639882,0.557578377,0.914068088,NA,NA,NA,NA
"1435","tg_rliver_repeat_rotenone_t8_c1","rotenone",1,5,"mg/kg",8,"repeat",29,"day",-0.092,0.938221197,0.562307444,0.951001443,0.327,1.254402205,0.032213967,0.876665118,NA,NA,NA,NA
"1436","tg_rliver_repeat_rotenone_t8_c2","rotenone",2,15,"mg/kg",8,"repeat",29,"day",-0.085,0.942784536,0.610828023,0.963097314,0.06,1.042465761,0.708905307,0.972247266,NA,NA,NA,NA
"1437","tg_rliver_repeat_rotenone_t8_c3","rotenone",3,50,"mg/kg",8,"repeat",29,"day",-0.033,0.977385766,0.823677046,0.961865384,-0.053,0.963929808,0.654976209,0.914108713,NA,NA,NA,NA
"1438","tg_rliver_repeat_simvastatin_t5_c1","simvastatin",1,40,"mg/kg",5,"repeat",4,"day",-0.061,0.958599438,0.570388041,0.894819518,-0.025,0.982820599,0.899783557,0.976971851,"no","yes","no","no"
"1439","tg_rliver_repeat_simvastatin_t5_c2","simvastatin",2,120,"mg/kg",5,"repeat",4,"day",-0.13,0.91383145,0.399421881,0.774680153,-0.241,0.846158597,0.291672824,0.712310696,"no","yes","no","no"
"1440","tg_rliver_repeat_simvastatin_t5_c3","simvastatin",3,400,"mg/kg",5,"repeat",4,"day",-0.499,0.70759708,0.000862558,0.03404783,-0.974,0.5090926,0.002900331,0.064385411,NA,NA,NA,NA
"1441","tg_rliver_repeat_simvastatin_t6_c1","simvastatin",1,40,"mg/kg",6,"repeat",8,"day",-0.098,0.934327347,0.364903925,0.987706074,-0.005,0.996540263,0.983727463,0.999815796,NA,NA,NA,NA
"1442","tg_rliver_repeat_simvastatin_t6_c2","simvastatin",2,120,"mg/kg",6,"repeat",8,"day",-0.128,0.915099168,0.370184739,0.926653594,0.101,1.072516617,0.80007807,0.976014086,NA,NA,NA,NA
"1443","tg_rliver_repeat_simvastatin_t6_c3","simvastatin",3,400,"mg/kg",6,"repeat",8,"day",-0.076,0.948684315,0.544488688,0.872358903,0.057,1.040300267,0.883420321,0.974305886,NA,NA,NA,NA
"1444","tg_rliver_repeat_simvastatin_t7_c1","simvastatin",1,40,"mg/kg",7,"repeat",15,"day",0.222,1.16634937,0.041759083,0.999956628,-0.074,0.950000383,0.635006738,0.999956628,NA,NA,NA,NA
"1445","tg_rliver_repeat_simvastatin_t7_c2","simvastatin",2,120,"mg/kg",7,"repeat",15,"day",0.002,1.001387256,0.985446145,0.99703944,0.126,1.091263877,0.507714951,0.882361235,NA,NA,NA,NA
"1446","tg_rliver_repeat_simvastatin_t7_c3","simvastatin",3,400,"mg/kg",7,"repeat",15,"day",0.124,1.089752112,0.361969647,0.7312868,-0.098,0.934327347,0.59041094,0.857224762,NA,NA,NA,NA
"1447","tg_rliver_repeat_simvastatin_t8_c1","simvastatin",1,40,"mg/kg",8,"repeat",29,"day",0.115,1.082975046,0.258512885,0.925857831,0.054,1.038139271,0.705811718,0.9691588,NA,NA,NA,NA
"1448","tg_rliver_repeat_simvastatin_t8_c2","simvastatin",2,120,"mg/kg",8,"repeat",29,"day",-0.061,0.958599438,0.518526049,0.965384992,-0.148,0.902500727,0.506286227,0.962530167,"no","yes","no","no"
"1449","tg_rliver_repeat_simvastatin_t8_c3","simvastatin",3,400,"mg/kg",8,"repeat",29,"day",0.114,1.082224645,0.487012973,0.877202529,0.316,1.244874235,0.047423708,0.489318236,NA,NA,NA,NA
"1450","tg_rliver_repeat_sulfasalazine_t5_c1","sulfasalazine",1,100,"mg/kg",5,"repeat",4,"day",0.091,1.065108203,0.374510088,0.851256432,-0.037,0.974679631,0.842059485,0.969608473,NA,NA,NA,NA
"1451","tg_rliver_repeat_sulfasalazine_t5_c2","sulfasalazine",2,300,"mg/kg",5,"repeat",4,"day",0.031,1.021720083,0.69689521,0.955671274,0.054,1.038139271,0.767133598,0.967636602,NA,NA,NA,NA
"1452","tg_rliver_repeat_sulfasalazine_t5_c3","sulfasalazine",3,1000,"mg/kg",5,"repeat",4,"day",0.03,1.021012126,0.813207035,0.961211291,-0.154,0.898755127,0.373938485,0.815791271,NA,NA,NA,NA
"1453","tg_rliver_repeat_sulfasalazine_t6_c1","sulfasalazine",1,100,"mg/kg",6,"repeat",8,"day",0.159,1.116512962,0.072680788,0.987131618,-0.023,0.984184022,0.843042669,0.99812699,NA,NA,NA,NA
"1454","tg_rliver_repeat_sulfasalazine_t6_c2","sulfasalazine",2,300,"mg/kg",6,"repeat",8,"day",0.08,1.057018041,0.327242531,0.974092979,0.089,1.063632673,0.575672924,0.98643351,NA,NA,NA,NA
"1455","tg_rliver_repeat_sulfasalazine_t6_c3","sulfasalazine",3,1000,"mg/kg",6,"repeat",8,"day",0.018,1.012554807,0.838960791,0.953170545,0,1,0.998538865,0.999397377,NA,NA,NA,NA
"1456","tg_rliver_repeat_sulfasalazine_t7_c1","sulfasalazine",1,100,"mg/kg",7,"repeat",15,"day",0.155,1.113421618,0.222239289,0.995995062,0.24,1.180992661,0.210548377,0.995995062,NA,NA,NA,NA
"1457","tg_rliver_repeat_sulfasalazine_t7_c2","sulfasalazine",2,300,"mg/kg",7,"repeat",15,"day",0.074,1.052631155,0.536457518,0.942849725,-0.176,0.885153765,0.391186025,0.913879676,NA,NA,NA,NA
"1458","tg_rliver_repeat_sulfasalazine_t7_c3","sulfasalazine",3,1000,"mg/kg",7,"repeat",15,"day",-0.051,0.965267025,0.642492326,0.875290408,0.048,1.033830736,0.757301295,0.921747525,NA,NA,NA,NA
"1459","tg_rliver_repeat_sulfasalazine_t8_c1","sulfasalazine",1,100,"mg/kg",8,"repeat",29,"day",0.086,1.061423209,0.341971169,0.947321324,-0.421,0.746906729,0.088291843,0.935125419,NA,NA,NA,NA
"1460","tg_rliver_repeat_sulfasalazine_t8_c2","sulfasalazine",2,300,"mg/kg",8,"repeat",29,"day",-0.092,0.938221197,0.549023343,0.948165871,-0.613,0.653835674,0.011522913,0.683192165,NA,NA,NA,NA
"1461","tg_rliver_repeat_sulfasalazine_t8_c3","sulfasalazine",3,1000,"mg/kg",8,"repeat",29,"day",-0.002,0.998614666,0.991055043,0.997425855,-0.325,0.798298386,0.1810126,0.505335197,NA,NA,NA,NA
"1462","tg_rliver_repeat_sulindac_t5_c1","sulindac",1,5,"mg/kg",5,"repeat",4,"day",0.444,1.360370852,0.021954405,0.719794548,-0.044,0.96996191,0.667156169,0.962116879,NA,NA,NA,NA
"1463","tg_rliver_repeat_sulindac_t5_c2","sulindac",2,15,"mg/kg",5,"repeat",4,"day",0.206,1.153485605,0.238029834,0.89289672,-0.024,0.983502074,0.79604535,0.98362395,NA,NA,NA,NA
"1464","tg_rliver_repeat_sulindac_t5_c3","sulindac",3,50,"mg/kg",5,"repeat",4,"day",0.152,1.111108729,0.278647169,0.840293811,-0.061,0.958599438,0.606601945,0.939100287,NA,NA,NA,NA
"1465","tg_rliver_repeat_sulindac_t6_c1","sulindac",1,5,"mg/kg",6,"repeat",8,"day",-0.604,0.657927263,0.055439263,0.999996507,0.066,1.046810282,0.567996042,0.999996507,NA,NA,NA,NA
"1466","tg_rliver_repeat_sulindac_t6_c2","sulindac",2,15,"mg/kg",6,"repeat",8,"day",-0.391,0.762600827,0.230554354,0.906122963,-0.16,0.895025071,0.381868569,0.933640499,NA,NA,NA,NA
"1467","tg_rliver_repeat_sulindac_t6_c3","sulindac",3,50,"mg/kg",6,"repeat",8,"day",-0.548,0.683967652,0.137205259,0.505389855,-0.372,0.77271055,0.179445374,0.559487011,NA,NA,NA,NA
"1468","tg_rliver_repeat_sulindac_t7_c1","sulindac",1,5,"mg/kg",7,"repeat",15,"day",-0.29,0.817902059,0.07986274,0.999870737,-0.15,0.901250463,0.183721923,0.999870737,NA,NA,NA,NA
"1469","tg_rliver_repeat_sulindac_t7_c2","sulindac",2,15,"mg/kg",7,"repeat",15,"day",-0.07,0.952637998,0.7491647,0.95151626,-0.171,0.888226796,0.277409285,0.80549259,NA,NA,NA,NA
"1470","tg_rliver_repeat_sulindac_t7_c3","sulindac",3,50,"mg/kg",7,"repeat",15,"day",-0.156,0.897510051,0.362596911,0.732023378,-0.393,0.76154437,0.041322733,0.392312598,NA,NA,NA,NA
"1471","tg_rliver_repeat_sulindac_t8_c1","sulindac",1,5,"mg/kg",8,"repeat",29,"day",-0.232,0.851453708,0.166191056,0.997342496,0.394,1.314031627,0.094613507,0.997342496,NA,NA,NA,NA
"1472","tg_rliver_repeat_sulindac_t8_c2","sulindac",2,15,"mg/kg",8,"repeat",29,"day",-0.017,0.988285652,0.918935032,0.997022565,0.327,1.254402205,0.192429165,0.971247538,NA,NA,NA,NA
"1473","tg_rliver_repeat_sulindac_t8_c3","sulindac",3,50,"mg/kg",8,"repeat",29,"day",0.279,1.21335356,0.085133163,0.320045068,0.209,1.155886707,0.701896904,0.863720858,NA,NA,NA,NA
"1474","tg_rliver_repeat_sulpiride_t5_c1","sulpiride",1,100,"mg/kg",5,"repeat",4,"day",0.347,1.271913007,0.027540369,0.918341184,0.202,1.150291893,0.262654745,0.92847885,NA,NA,NA,NA
"1475","tg_rliver_repeat_sulpiride_t5_c2","sulpiride",2,300,"mg/kg",5,"repeat",4,"day",0.303,1.23370717,0.02933894,0.799501137,0.403,1.322254605,0.068804871,0.882384278,NA,NA,NA,NA
"1476","tg_rliver_repeat_sulpiride_t5_c3","sulpiride",3,1000,"mg/kg",5,"repeat",4,"day",0.121,1.087488391,0.435496378,0.917756584,-0.242,0.845572287,0.260218398,0.864882704,NA,NA,NA,NA
"1477","tg_rliver_repeat_sulpiride_t6_c1","sulpiride",1,100,"mg/kg",6,"repeat",8,"day",0.275,1.209994089,0.168071163,0.993511141,0.277,1.21167266,0.172018135,0.993511141,NA,NA,NA,NA
"1478","tg_rliver_repeat_sulpiride_t6_c2","sulpiride",2,300,"mg/kg",6,"repeat",8,"day",0.027,1.018891197,0.846259158,0.999967532,0.072,1.051172909,0.716976479,0.999967532,NA,NA,NA,NA
"1479","tg_rliver_repeat_sulpiride_t6_c3","sulpiride",3,1000,"mg/kg",6,"repeat",8,"day",0.172,1.126619228,0.378847384,0.951159331,-0.118,0.921464186,0.535060919,0.962253336,NA,NA,NA,NA
"1480","tg_rliver_repeat_sulpiride_t7_c1","sulpiride",1,100,"mg/kg",7,"repeat",15,"day",0.434,1.350974085,0.017677313,0.999885615,0.31,1.2397077,0.046572317,0.999885615,NA,NA,NA,NA
"1481","tg_rliver_repeat_sulpiride_t7_c2","sulpiride",2,300,"mg/kg",7,"repeat",15,"day",0.102,1.073260286,0.390967545,0.999896485,-0.082,0.944747041,0.54568225,0.999896485,NA,NA,NA,NA
"1482","tg_rliver_repeat_sulpiride_t7_c3","sulpiride",3,1000,"mg/kg",7,"repeat",15,"day",-0.226,0.855002178,0.259315827,0.997291817,-0.111,0.925946023,0.433380604,0.997291817,NA,NA,NA,NA
"1483","tg_rliver_repeat_sulpiride_t8_c1","sulpiride",1,100,"mg/kg",8,"repeat",29,"day",0.033,1.02313747,0.770540536,0.999147303,-0.266,0.831622098,0.263070635,0.999147303,NA,NA,NA,NA
"1484","tg_rliver_repeat_sulpiride_t8_c2","sulpiride",2,300,"mg/kg",8,"repeat",29,"day",0.124,1.089752112,0.386925033,0.989258101,0.294,1.22603486,0.217171395,0.976922238,NA,NA,NA,NA
"1485","tg_rliver_repeat_sulpiride_t8_c3","sulpiride",3,1000,"mg/kg",8,"repeat",29,"day",0.137,1.099616149,0.168036969,0.728055699,-0.283,0.821880187,0.161114011,0.721675921,NA,NA,NA,NA
"1486","tg_rliver_repeat_tacrine_t5_c1","tacrine",1,3,"mg/kg",5,"repeat",4,"day",0.074,1.052631155,0.296027824,0.86499237,-0.039,0.973329374,0.768348547,0.97350405,NA,NA,NA,NA
"1487","tg_rliver_repeat_tacrine_t5_c2","tacrine",2,10,"mg/kg",5,"repeat",4,"day",0.262,1.199139914,0.02015356,0.389534322,-0.198,0.87175824,0.060436185,0.489974311,NA,NA,NA,NA
"1488","tg_rliver_repeat_tacrine_t5_c3","tacrine",3,30,"mg/kg",5,"repeat",4,"day",0.076,1.054091423,0.250499503,0.498993577,-0.448,0.733058379,0.01185954,0.128357457,NA,NA,NA,NA
"1489","tg_rliver_repeat_tacrine_t6_c1","tacrine",1,3,"mg/kg",6,"repeat",8,"day",-0.175,0.885767519,0.044712315,0.518866855,-0.083,0.944092419,0.471528208,0.83804516,NA,NA,NA,NA
"1490","tg_rliver_repeat_tacrine_t6_c2","tacrine",2,10,"mg/kg",6,"repeat",8,"day",-0.107,0.928516852,0.199981493,0.670158453,0.032,1.022428531,0.63910277,0.901722001,NA,NA,NA,NA
"1491","tg_rliver_repeat_tacrine_t6_c3","tacrine",3,30,"mg/kg",6,"repeat",8,"day",-0.178,0.883927531,0.036357699,0.312914259,-0.186,0.879039561,0.026507235,0.281267333,NA,NA,NA,NA
"1492","tg_rliver_repeat_tacrine_t7_c1","tacrine",1,3,"mg/kg",7,"repeat",15,"day",0.081,1.057750964,0.44189004,0.620632579,-0.175,0.885767519,0.288560889,0.474151818,NA,NA,NA,NA
"1493","tg_rliver_repeat_tacrine_t7_c2","tacrine",2,10,"mg/kg",7,"repeat",15,"day",-0.032,0.978063473,0.758421108,0.891839833,-0.094,0.936921447,0.498159425,0.729746996,NA,NA,NA,NA
"1494","tg_rliver_repeat_tacrine_t7_c3","tacrine",3,30,"mg/kg",7,"repeat",15,"day",-0.048,0.96727633,0.696326097,0.807708242,-0.068,0.953959551,0.660772048,0.783591295,NA,NA,NA,NA
"1495","tg_rliver_repeat_tacrine_t8_c1","tacrine",1,3,"mg/kg",8,"repeat",29,"day",0.038,1.026689546,0.695971815,0.999662904,-0.078,0.947370071,0.531726309,0.999662904,NA,NA,NA,NA
"1496","tg_rliver_repeat_tacrine_t8_c2","tacrine",2,10,"mg/kg",8,"repeat",29,"day",-0.109,0.927230546,0.082179674,0.541242526,-0.119,0.920825697,0.29693767,0.74187195,NA,NA,NA,NA
"1497","tg_rliver_repeat_tacrine_t8_c3","tacrine",3,30,"mg/kg",8,"repeat",29,"day",0.042,1.029540083,0.604882787,0.895171852,-0.024,0.983502074,0.870296514,0.976597058,NA,NA,NA,NA
"1498","tg_rliver_repeat_tamoxifen_t5_c1","tamoxifen",1,6,"mg/kg",5,"repeat",4,"day",-0.058,0.960594864,0.516594209,0.899520836,0.032,1.022428531,0.775868664,0.9689866,NA,NA,NA,NA
"1499","tg_rliver_repeat_tamoxifen_t5_c2","tamoxifen",2,20,"mg/kg",5,"repeat",4,"day",-0.116,0.922742493,0.204540613,0.664971745,-0.371,0.773246337,0.006035932,0.192874209,NA,NA,NA,NA
"1500","tg_rliver_repeat_tamoxifen_t5_c3","tamoxifen",3,60,"mg/kg",5,"repeat",4,"day",-0.134,0.911301281,0.369438916,0.78251834,-0.093,0.937571096,0.796807312,0.950457074,NA,NA,NA,NA
"1501","tg_rliver_repeat_tamoxifen_t6_c1","tamoxifen",1,6,"mg/kg",6,"repeat",8,"day",0.142,1.10343374,0.183028465,0.614090689,-0.277,0.825305409,0.046766295,0.380694738,NA,NA,NA,NA
"1502","tg_rliver_repeat_tamoxifen_t6_c2","tamoxifen",2,20,"mg/kg",6,"repeat",8,"day",0.151,1.110338834,0.176549687,0.563367721,0.214,1.159899655,0.072594021,0.410521547,NA,NA,NA,NA
"1503","tg_rliver_repeat_tamoxifen_t6_c3","tamoxifen",3,60,"mg/kg",6,"repeat",8,"day",0.13,1.094293701,0.259269127,0.571170911,-0.032,0.978063473,0.793885157,0.914069489,NA,NA,NA,NA
"1504","tg_rliver_repeat_tamoxifen_t7_c1","tamoxifen",1,6,"mg/kg",7,"repeat",15,"day",-0.16,0.895025071,0.321971038,0.710690923,-0.356,0.78132788,0.125044648,0.508737267,NA,NA,NA,NA
"1505","tg_rliver_repeat_tamoxifen_t7_c2","tamoxifen",2,20,"mg/kg",7,"repeat",15,"day",-0.184,0.880259014,0.224175013,0.615191833,-0.356,0.78132788,0.04952137,0.340419716,NA,NA,NA,NA
"1506","tg_rliver_repeat_tamoxifen_t7_c3","tamoxifen",3,60,"mg/kg",7,"repeat",15,"day",0.008,1.00556058,0.939492412,0.977879737,-0.012,0.991716731,0.944408112,0.979647258,NA,NA,NA,NA
"1507","tg_rliver_repeat_tamoxifen_t8_c1","tamoxifen",1,6,"mg/kg",8,"repeat",29,"day",0.106,1.076240125,0.485406567,0.853926101,-0.448,0.733058379,0.001548238,0.117245348,NA,NA,NA,NA
"1508","tg_rliver_repeat_tamoxifen_t8_c2","tamoxifen",2,20,"mg/kg",8,"repeat",29,"day",0.003,1.002081605,0.985394867,0.998133907,-0.28,0.823591017,0.008289716,0.172776363,NA,NA,NA,NA
"1509","tg_rliver_repeat_tamoxifen_t8_c3","tamoxifen",3,60,"mg/kg",8,"repeat",29,"day",-0.084,0.943438251,0.591620625,0.931090014,-0.52,0.697371833,0.000203765,0.031103818,NA,NA,NA,NA
"1510","tg_rliver_repeat_tannicacid_t5_c1","tannic acid",1,100,"mg/kg",5,"repeat",4,"day",-0.429,0.74277646,0.026662793,0.975695741,-0.522,0.69640574,0.010982284,0.975695741,NA,NA,NA,NA
"1511","tg_rliver_repeat_tannicacid_t5_c2","tannic acid",2,300,"mg/kg",5,"repeat",4,"day",-0.318,0.802181166,0.14961928,0.999701276,-0.339,0.790589117,0.022165577,0.999701276,"no","yes","no","no"
"1512","tg_rliver_repeat_tannicacid_t5_c3","tannic acid",3,1000,"mg/kg",5,"repeat",4,"day",0.043,1.030253954,0.836877325,0.99943679,-0.206,0.866937564,0.285427354,0.984256508,NA,NA,NA,NA
"1513","tg_rliver_repeat_tannicacid_t6_c1","tannic acid",1,100,"mg/kg",6,"repeat",8,"day",0.156,1.114193651,0.230124446,0.9761682,-0.145,0.904379378,0.521394572,0.9761682,NA,NA,NA,NA
"1514","tg_rliver_repeat_tannicacid_t6_c2","tannic acid",2,300,"mg/kg",6,"repeat",8,"day",0.452,1.367935304,0.098958707,0.999743459,-0.016,0.988970916,0.953075939,0.999743459,NA,NA,NA,NA
"1515","tg_rliver_repeat_tannicacid_t6_c3","tannic acid",3,1000,"mg/kg",6,"repeat",8,"day",0.339,1.264879542,0.028452937,0.984219797,-0.202,0.86934456,0.401823159,0.984219797,NA,NA,NA,NA
"1516","tg_rliver_repeat_tannicacid_t7_c1","tannic acid",1,100,"mg/kg",7,"repeat",15,"day",0.266,1.202469249,0.47347865,0.860162255,-0.186,0.879039561,0.415607506,0.837724774,NA,NA,NA,NA
"1517","tg_rliver_repeat_tannicacid_t7_c2","tannic acid",2,300,"mg/kg",7,"repeat",15,"day",0.248,1.187559666,0.282135722,0.966341136,0.445,1.361314116,0.062460845,0.948424967,NA,NA,NA,NA
"1518","tg_rliver_repeat_tannicacid_t7_c3","tannic acid",3,1000,"mg/kg",7,"repeat",15,"day",0.054,1.038139271,0.716716022,0.924439605,-0.257,0.836826243,0.191739606,0.657462781,"no","yes","no","no"
"1519","tg_rliver_repeat_tannicacid_t8_c1","tannic acid",1,100,"mg/kg",8,"repeat",29,"day",-0.281,0.823020345,0.052159925,0.998225236,0.06,1.042465761,0.717073926,0.998225236,NA,NA,NA,NA
"1520","tg_rliver_repeat_tannicacid_t8_c2","tannic acid",2,300,"mg/kg",8,"repeat",29,"day",-0.246,0.84323111,0.054439111,0.999847382,0.074,1.052631155,0.571534505,0.999847382,NA,NA,NA,NA
"1521","tg_rliver_repeat_tannicacid_t8_c3","tannic acid",3,1000,"mg/kg",8,"repeat",29,"day",-0.508,0.7031966,0.048625716,0.999047331,0.089,1.063632673,0.614681999,0.999047331,NA,NA,NA,NA
"1522","tg_rliver_repeat_terbinafine_t5_c1","terbinafine",1,75,"mg/kg",5,"repeat",4,"day",-0.093,0.937571096,0.477854793,0.99973952,-0.398,0.758909626,0.219543549,0.99973952,NA,NA,NA,NA
"1523","tg_rliver_repeat_terbinafine_t5_c2","terbinafine",2,250,"mg/kg",5,"repeat",4,"day",-0.226,0.855002178,0.058140379,0.61109144,-0.722,0.60625641,0.01312286,0.406515582,NA,NA,NA,NA
"1524","tg_rliver_repeat_terbinafine_t5_c3","terbinafine",3,750,"mg/kg",5,"repeat",4,"day",-0.629,0.646624466,0.002625109,0.049766345,-1.378,0.384751805,0.000475348,0.018927927,NA,NA,NA,NA
"1525","tg_rliver_repeat_terbinafine_t6_c1","terbinafine",1,75,"mg/kg",6,"repeat",8,"day",-0.227,0.854409741,0.169248803,0.790979324,-0.315,0.803850991,0.170560376,0.791636884,NA,NA,NA,NA
"1526","tg_rliver_repeat_terbinafine_t6_c2","terbinafine",2,250,"mg/kg",6,"repeat",8,"day",0.087,1.062159186,0.528703648,0.88481365,-0.416,0.749499801,0.056090704,0.506853356,NA,NA,NA,NA
"1527","tg_rliver_repeat_terbinafine_t6_c3","terbinafine",3,750,"mg/kg",6,"repeat",8,"day",-0.202,0.86934456,0.472787562,0.700702986,-1.793,0.288571354,4.08029e-05,0.002327175,"no","yes","no","no"
"1528","tg_rliver_repeat_terbinafine_t7_c1","terbinafine",1,75,"mg/kg",7,"repeat",15,"day",-0.119,0.920825697,0.420682089,0.998494975,-0.54,0.687770909,0.140524348,0.998494975,"no","yes","no","no"
"1529","tg_rliver_repeat_terbinafine_t7_c2","terbinafine",2,250,"mg/kg",7,"repeat",15,"day",-0.175,0.885767519,0.208823351,0.73552694,-0.365,0.776468875,0.219781319,0.744511695,NA,NA,NA,NA
"1530","tg_rliver_repeat_terbinafine_t7_c3","terbinafine",3,750,"mg/kg",7,"repeat",15,"day",-0.436,0.739181216,0.015984161,0.117359966,-0.569,0.674083866,0.102012189,0.336913448,NA,NA,NA,NA
"1531","tg_rliver_repeat_terbinafine_t8_c1","terbinafine",1,75,"mg/kg",8,"repeat",29,"day",-0.278,0.824733549,0.157056466,0.731349024,-0.014,0.990342872,0.945106273,0.990494315,NA,NA,NA,NA
"1532","tg_rliver_repeat_terbinafine_t8_c2","terbinafine",2,250,"mg/kg",8,"repeat",29,"day",-0.242,0.845572287,0.07094717,0.560718093,-0.2,0.870550563,0.339503141,0.815077141,NA,NA,NA,NA
"1533","tg_rliver_repeat_terbinafine_t8_c3","terbinafine",3,750,"mg/kg",8,"repeat",29,"day",0.068,1.048262476,0.663104439,0.837776132,-0.261,0.834509281,0.290581833,0.561253626,NA,NA,NA,NA
"1534","tg_rliver_repeat_tetracycline_t5_c1","tetracycline",1,100,"mg/kg",5,"repeat",4,"day",0.193,1.143138335,0.190534817,0.999956767,0.018,1.012554807,0.947562733,0.999956767,"no","yes","no","no"
"1535","tg_rliver_repeat_tetracycline_t5_c2","tetracycline",2,300,"mg/kg",5,"repeat",4,"day",-0.17,0.888842681,0.190246509,0.980147594,0.036,1.025267238,0.907854878,0.992030044,NA,NA,NA,NA
"1536","tg_rliver_repeat_tetracycline_t5_c3","tetracycline",3,1000,"mg/kg",5,"repeat",4,"day",-0.117,0.922103118,0.334704919,0.999748925,-0.324,0.798851916,0.253579192,0.999748925,NA,NA,NA,NA
"1537","tg_rliver_repeat_tetracycline_t6_c1","tetracycline",1,100,"mg/kg",6,"repeat",8,"day",0.003,1.002081605,0.98601309,0.998751775,0.039,1.027401439,0.727699968,0.980739083,NA,NA,NA,NA
"1538","tg_rliver_repeat_tetracycline_t6_c2","tetracycline",2,300,"mg/kg",6,"repeat",8,"day",0.188,1.139183377,0.131012591,0.997900295,0.296,1.227735684,0.166069753,0.997900295,NA,NA,NA,NA
"1539","tg_rliver_repeat_tetracycline_t6_c3","tetracycline",3,1000,"mg/kg",6,"repeat",8,"day",0.167,1.122721422,0.314136472,0.873061405,-0.205,0.867538687,0.432350508,0.906102688,NA,NA,NA,NA
"1540","tg_rliver_repeat_tetracycline_t7_c1","tetracycline",1,100,"mg/kg",7,"repeat",15,"day",-0.17,0.888842681,0.178499684,0.945240338,-0.266,0.831622098,0.052995462,0.945240338,NA,NA,NA,NA
"1541","tg_rliver_repeat_tetracycline_t7_c2","tetracycline",2,300,"mg/kg",7,"repeat",15,"day",-0.078,0.947370071,0.499104854,0.997863615,-0.032,0.978063473,0.726196492,0.997863615,NA,NA,NA,NA
"1542","tg_rliver_repeat_tetracycline_t7_c3","tetracycline",3,1000,"mg/kg",7,"repeat",15,"day",-0.137,0.909408252,0.293387251,0.986080466,0.126,1.091263877,0.228324237,0.986080466,NA,NA,NA,NA
"1543","tg_rliver_repeat_tetracycline_t8_c1","tetracycline",1,100,"mg/kg",8,"repeat",29,"day",0.153,1.111879158,0.150218143,0.71219449,-0.151,0.90062598,0.233541971,0.752192892,NA,NA,NA,NA
"1544","tg_rliver_repeat_tetracycline_t8_c2","tetracycline",2,300,"mg/kg",8,"repeat",29,"day",0.332,1.258757174,0.021625733,0.769383522,-0.059,0.959929261,0.580293351,0.944015675,NA,NA,NA,NA
"1545","tg_rliver_repeat_tetracycline_t8_c3","tetracycline",3,1000,"mg/kg",8,"repeat",29,"day",0.189,1.139973273,0.152385715,0.700319374,0.057,1.040300267,0.710261861,0.938262114,NA,NA,NA,NA
"1546","tg_rliver_repeat_theophylline_t5_c1","theophylline",1,20,"mg/kg",5,"repeat",4,"day",-0.309,0.807201075,0.275250321,0.844455877,-0.598,0.660669203,0.002877009,0.606789345,NA,NA,NA,NA
"1547","tg_rliver_repeat_theophylline_t5_c2","theophylline",2,60,"mg/kg",5,"repeat",4,"day",-0.224,0.856188285,0.408451638,0.771723899,-0.613,0.653835674,0.005962479,0.387737481,NA,NA,NA,NA
"1548","tg_rliver_repeat_theophylline_t5_c3","theophylline",3,200,"mg/kg",5,"repeat",4,"day",-0.273,0.827596816,0.295114726,0.723742528,-1.137,0.454704126,3.60461e-05,0.020927738,NA,NA,NA,NA
"1549","tg_rliver_repeat_theophylline_t6_c1","theophylline",1,20,"mg/kg",6,"repeat",8,"day",0.016,1.011152081,0.916416708,0.998350822,-0.222,0.857376037,0.109494992,0.994827027,NA,NA,NA,NA
"1550","tg_rliver_repeat_theophylline_t6_c2","theophylline",2,60,"mg/kg",6,"repeat",8,"day",0.165,1.121166078,0.203058191,0.896636391,-0.271,0.828744904,0.106199763,0.841710438,NA,NA,NA,NA
"1551","tg_rliver_repeat_theophylline_t6_c3","theophylline",3,200,"mg/kg",6,"repeat",8,"day",0.469,1.384149716,0.088270698,0.581534765,-0.339,0.790589117,0.060058443,0.528127091,"yes","no","no","no"
"1552","tg_rliver_repeat_theophylline_t7_c1","theophylline",1,20,"mg/kg",7,"repeat",15,"day",0.216,1.161508732,0.04816863,0.576396991,-0.329,0.796088099,0.045297999,0.572943161,NA,NA,NA,NA
"1553","tg_rliver_repeat_theophylline_t7_c2","theophylline",2,60,"mg/kg",7,"repeat",15,"day",0.326,1.25353302,0.006641124,0.492220322,-0.357,0.780786493,0.023061223,0.647664978,NA,NA,NA,NA
"1554","tg_rliver_repeat_theophylline_t7_c3","theophylline",3,200,"mg/kg",7,"repeat",15,"day",0.212,1.158292806,0.139062358,0.664504425,-0.42,0.747424624,0.018667533,0.356124473,"yes","no","no","no"
"1555","tg_rliver_repeat_theophylline_t8_c1","theophylline",1,20,"mg/kg",8,"repeat",29,"day",0.169,1.124278924,0.281087304,0.810165717,-0.003,0.997922719,0.97572521,0.996829319,NA,NA,NA,NA
"1556","tg_rliver_repeat_theophylline_t8_c2","theophylline",2,60,"mg/kg",8,"repeat",29,"day",0.133,1.096571589,0.280858386,0.707450539,0.132,1.095811766,0.23907238,0.686205055,NA,NA,NA,NA
"1557","tg_rliver_repeat_theophylline_t8_c3","theophylline",3,200,"mg/kg",8,"repeat",29,"day",0.538,1.45195828,0.007487195,0.257895695,0.479,1.393777239,0.00389323,0.214420009,"yes","no","no","no"
"1558","tg_rliver_repeat_thioacetamide_t5_c1","thioacetamide",1,5,"mg/kg",5,"repeat",4,"day",0.114,1.082224645,0.29185438,0.848707456,0.219,1.163926534,0.229985315,0.828277292,NA,NA,NA,NA
"1559","tg_rliver_repeat_thioacetamide_t5_c2","thioacetamide",2,15,"mg/kg",5,"repeat",4,"day",-0.035,0.976031761,0.768188195,0.928194096,-0.007,0.995159722,0.966994042,0.991951985,"yes","no","no","no"
"1560","tg_rliver_repeat_thioacetamide_t5_c3","thioacetamide",3,45,"mg/kg",5,"repeat",4,"day",0.601,1.516767545,0.000713727,0.007139315,1.442,2.716972569,0.000250901,0.003703454,"yes","no","no","no"
"1561","tg_rliver_repeat_thioacetamide_t6_c1","thioacetamide",1,5,"mg/kg",6,"repeat",8,"day",0.113,1.081474763,0.308769555,0.809736626,0.002,1.001387256,0.989821529,0.997194881,NA,NA,NA,NA
"1562","tg_rliver_repeat_thioacetamide_t6_c2","thioacetamide",2,15,"mg/kg",6,"repeat",8,"day",0.086,1.061423209,0.482275675,0.698324702,0.526,1.439931319,0.040723232,0.170916131,"yes","no","no","no"
"1563","tg_rliver_repeat_thioacetamide_t6_c3","thioacetamide",3,45,"mg/kg",6,"repeat",8,"day",0.033,1.02313747,0.726511008,0.814482612,0.452,1.367935304,0.016983469,0.052367262,"yes","no","no","no"
"1564","tg_rliver_repeat_thioacetamide_t7_c1","thioacetamide",1,5,"mg/kg",7,"repeat",15,"day",0.044,1.030968319,0.672828378,0.914563518,0.137,1.099616149,0.101821174,0.593209292,NA,NA,NA,NA
"1565","tg_rliver_repeat_thioacetamide_t7_c2","thioacetamide",2,15,"mg/kg",7,"repeat",15,"day",0.159,1.116512962,0.14354356,0.345506298,0.169,1.124278924,0.154286239,0.362045211,NA,NA,NA,NA
"1566","tg_rliver_repeat_thioacetamide_t7_c3","thioacetamide",3,45,"mg/kg",7,"repeat",15,"day",0.445,1.361314116,0.000662702,0.003897887,0.594,1.509425969,0.000308388,0.00219687,NA,NA,NA,NA
"1567","tg_rliver_repeat_thioacetamide_t8_c1","thioacetamide",1,5,"mg/kg",8,"repeat",29,"day",0.019,1.0132569,0.812286297,0.946196059,0.027,1.018891197,0.898855002,0.974547584,NA,NA,NA,NA
"1568","tg_rliver_repeat_thioacetamide_t8_c2","thioacetamide",2,15,"mg/kg",8,"repeat",29,"day",-0.001,0.999307093,0.994623972,0.997470574,0.372,1.294145654,0.122600027,0.281265847,NA,NA,NA,NA
"1569","tg_rliver_repeat_thioacetamide_t8_c3","thioacetamide",3,45,"mg/kg",8,"repeat",29,"day",0.418,1.336074078,0.114128276,0.196571495,0.856,1.810012926,0.098872394,0.17648053,"no","no","no","yes"
"1570","tg_rliver_repeat_thioridazine_t5_c1","thioridazine",1,10,"mg/kg",5,"repeat",4,"day",-0.142,0.906261938,0.216103107,0.998580161,0.207,1.154285418,0.139618584,0.998580161,NA,NA,NA,NA
"1571","tg_rliver_repeat_thioridazine_t5_c2","thioridazine",2,30,"mg/kg",5,"repeat",4,"day",-0.12,0.920187651,0.280074593,0.999578898,0.347,1.271913007,0.207627994,0.999578898,NA,NA,NA,NA
"1572","tg_rliver_repeat_thioridazine_t5_c3","thioridazine",3,100,"mg/kg",5,"repeat",4,"day",-0.323,0.79940583,0.017234202,0.380323307,-0.177,0.884540435,0.233608486,0.681540727,NA,NA,NA,NA
"1573","tg_rliver_repeat_thioridazine_t6_c1","thioridazine",1,10,"mg/kg",6,"repeat",8,"day",0.282,1.215879283,0.009472137,0.621602376,0.234,1.17609125,0.187058197,0.728150248,NA,NA,NA,NA
"1574","tg_rliver_repeat_thioridazine_t6_c2","thioridazine",2,30,"mg/kg",6,"repeat",8,"day",0.028,1.019597683,0.756975045,0.924020173,0.02,1.01395948,0.882321726,0.968801646,NA,NA,NA,NA
"1575","tg_rliver_repeat_thioridazine_t6_c3","thioridazine",3,100,"mg/kg",6,"repeat",8,"day",0.222,1.16634937,0.014083147,0.234020902,-0.002,0.998614666,0.991022698,0.997831599,NA,NA,NA,NA
"1576","tg_rliver_repeat_thioridazine_t7_c1","thioridazine",1,10,"mg/kg",7,"repeat",15,"day",-0.001,0.999307093,0.990914557,0.999674789,0.022,1.015366101,0.905364207,0.999674789,NA,NA,NA,NA
"1577","tg_rliver_repeat_thioridazine_t7_c2","thioridazine",2,30,"mg/kg",7,"repeat",15,"day",0.084,1.059952783,0.291560627,0.999904788,-0.08,0.946057647,0.668467401,0.999904788,NA,NA,NA,NA
"1578","tg_rliver_repeat_thioridazine_t7_c3","thioridazine",3,100,"mg/kg",7,"repeat",15,"day",0.134,1.097331938,0.105187214,0.922212631,0.15,1.109569472,0.600961603,0.996937876,NA,NA,NA,NA
"1579","tg_rliver_repeat_thioridazine_t8_c1","thioridazine",1,10,"mg/kg",8,"repeat",29,"day",-0.018,0.987600861,0.839195145,0.992674147,-0.136,0.910038824,0.297375044,0.968841689,NA,NA,NA,NA
"1580","tg_rliver_repeat_thioridazine_t8_c2","thioridazine",2,30,"mg/kg",8,"repeat",29,"day",-0.038,0.974004269,0.650682681,0.948070234,-0.218,0.859756486,0.117766913,0.94169666,NA,NA,NA,NA
"1581","tg_rliver_repeat_thioridazine_t8_c3","thioridazine",3,100,"mg/kg",8,"repeat",29,"day",0.006,1.004167543,0.950861329,0.999682064,-0.144,0.905006463,0.479679429,0.999682064,NA,NA,NA,NA
"1582","tg_rliver_repeat_ticlopidine_t5_c1","ticlopidine",1,30,"mg/kg",5,"repeat",4,"day",-0.079,0.946713631,0.610986715,0.963159472,-0.518,0.698339266,0.001643276,0.750831627,NA,NA,NA,NA
"1583","tg_rliver_repeat_ticlopidine_t5_c2","ticlopidine",2,100,"mg/kg",5,"repeat",4,"day",-0.179,0.883315051,0.182270786,0.544442525,-0.247,0.84264683,0.149843441,0.510204502,"no","yes","no","no"
"1584","tg_rliver_repeat_ticlopidine_t5_c3","ticlopidine",3,300,"mg/kg",5,"repeat",4,"day",-0.175,0.885767519,0.205042038,0.406409069,-0.814,0.568802614,0.000421356,0.007902406,NA,NA,NA,NA
"1585","tg_rliver_repeat_ticlopidine_t6_c1","ticlopidine",1,30,"mg/kg",6,"repeat",8,"day",0.138,1.100378609,0.150642492,0.425117607,-0.064,0.956608158,0.645595607,0.81601317,NA,NA,NA,NA
"1586","tg_rliver_repeat_ticlopidine_t6_c2","ticlopidine",2,100,"mg/kg",6,"repeat",8,"day",0.166,1.121943481,0.248055555,0.58123694,-0.242,0.845572287,0.046377538,0.299178063,NA,NA,NA,NA
"1587","tg_rliver_repeat_ticlopidine_t6_c3","ticlopidine",3,300,"mg/kg",6,"repeat",8,"day",-0.064,0.956608158,0.518512695,0.686130665,-0.486,0.71400199,0.001191031,0.031976536,NA,NA,NA,NA
"1588","tg_rliver_repeat_ticlopidine_t7_c1","ticlopidine",1,30,"mg/kg",7,"repeat",15,"day",-0.031,0.97874165,0.792659879,0.980680542,0.063,1.044635763,0.682120718,0.968823103,NA,NA,NA,NA
"1589","tg_rliver_repeat_ticlopidine_t7_c2","ticlopidine",2,100,"mg/kg",7,"repeat",15,"day",-0.104,0.930449658,0.314804678,0.853300441,-0.108,0.927873476,0.590557434,0.93286628,NA,NA,NA,NA
"1590","tg_rliver_repeat_ticlopidine_t7_c3","ticlopidine",3,300,"mg/kg",7,"repeat",15,"day",0.167,1.122721422,0.530841484,0.767058513,-0.512,0.701249625,0.017583836,0.177288839,NA,NA,NA,NA
"1591","tg_rliver_repeat_ticlopidine_t8_c1","ticlopidine",1,30,"mg/kg",8,"repeat",29,"day",-0.18,0.882702996,0.134578094,0.83972085,-0.096,0.935623498,0.267768497,0.871785908,"no","yes","no","no"
"1592","tg_rliver_repeat_ticlopidine_t8_c2","ticlopidine",2,100,"mg/kg",8,"repeat",29,"day",-0.202,0.86934456,0.116972767,0.767693735,0.034,1.0238469,0.652902859,0.94679178,NA,NA,NA,NA
"1593","tg_rliver_repeat_ticlopidine_t8_c3","ticlopidine",3,300,"mg/kg",8,"repeat",29,"day",-0.35,0.784584098,0.009192061,0.126823757,-0.345,0.787307977,0.007711334,0.114674199,NA,NA,NA,NA
"1594","tg_rliver_repeat_tiopronin_t5_c1","tiopronin",1,100,"mg/kg",5,"repeat",4,"day",0.003,1.002081605,0.985434937,0.999809187,0.2,1.148698355,0.165099734,0.958951645,NA,NA,NA,NA
"1595","tg_rliver_repeat_tiopronin_t5_c2","tiopronin",2,300,"mg/kg",5,"repeat",4,"day",0.359,1.282536603,0.078242484,0.890302413,0.108,1.077733145,0.468642473,0.960622021,NA,NA,NA,NA
"1596","tg_rliver_repeat_tiopronin_t5_c3","tiopronin",3,1000,"mg/kg",5,"repeat",4,"day",0.268,1.204137381,0.26466476,0.836152086,0.208,1.155085785,0.172869507,0.79163273,NA,NA,NA,NA
"1597","tg_rliver_repeat_tiopronin_t6_c1","tiopronin",1,100,"mg/kg",6,"repeat",8,"day",-0.011,0.992404375,0.948080766,0.995215626,-0.127,0.915733686,0.596817329,0.96874477,NA,NA,NA,NA
"1598","tg_rliver_repeat_tiopronin_t6_c2","tiopronin",2,300,"mg/kg",6,"repeat",8,"day",0.361,1.284315809,0.199507724,0.881196952,0.09,1.064370182,0.627398783,0.960954622,NA,NA,NA,NA
"1599","tg_rliver_repeat_tiopronin_t6_c3","tiopronin",3,1000,"mg/kg",6,"repeat",8,"day",0.011,1.00765376,0.943374633,0.996434541,0.25,1.189207115,0.387335259,0.916632048,NA,NA,NA,NA
"1600","tg_rliver_repeat_tiopronin_t7_c1","tiopronin",1,100,"mg/kg",7,"repeat",15,"day",0.318,1.246601194,0.017682307,0.982046712,-0.037,0.974679631,0.742602596,0.986408444,NA,NA,NA,NA
"1601","tg_rliver_repeat_tiopronin_t7_c2","tiopronin",2,300,"mg/kg",7,"repeat",15,"day",0.028,1.019597683,0.805681918,0.975442857,-0.043,0.97063447,0.696040984,0.956693214,NA,NA,NA,NA
"1602","tg_rliver_repeat_tiopronin_t7_c3","tiopronin",3,1000,"mg/kg",7,"repeat",15,"day",0.03,1.021012126,0.792215785,0.999693076,0.03,1.021012126,0.793768969,0.999693076,NA,NA,NA,NA
"1603","tg_rliver_repeat_tiopronin_t8_c1","tiopronin",1,100,"mg/kg",8,"repeat",29,"day",0.131,1.095052471,0.127130108,0.884280649,0.021,1.014662547,0.88540469,0.987020986,NA,NA,NA,NA
"1604","tg_rliver_repeat_tiopronin_t8_c2","tiopronin",2,300,"mg/kg",8,"repeat",29,"day",0.287,1.22010051,0.016084811,0.603008896,0.155,1.113421618,0.192847454,0.795514363,NA,NA,NA,NA
"1605","tg_rliver_repeat_tiopronin_t8_c3","tiopronin",3,1000,"mg/kg",8,"repeat",29,"day",0.184,1.136029265,0.087442399,0.365469763,-0.081,0.945402117,0.617014393,0.816784966,NA,NA,NA,NA
"1606","tg_rliver_repeat_tolbutamide_t5_c1","tolbutamide",1,100,"mg/kg",5,"repeat",4,"day",0.17,1.125058485,0.503115474,0.999492643,0.049,1.034547582,0.769061603,0.999492643,NA,NA,NA,NA
"1607","tg_rliver_repeat_tolbutamide_t5_c2","tolbutamide",2,300,"mg/kg",5,"repeat",4,"day",-0.128,0.915099168,0.414801655,0.908682427,0.065,1.04608494,0.772328045,0.973325686,NA,NA,NA,NA
"1608","tg_rliver_repeat_tolbutamide_t5_c3","tolbutamide",3,1000,"mg/kg",5,"repeat",4,"day",-0.293,0.816203046,0.0721457,0.67734293,-0.094,0.936921447,0.644930618,0.934513648,NA,NA,NA,NA
"1609","tg_rliver_repeat_tolbutamide_t6_c1","tolbutamide",1,100,"mg/kg",6,"repeat",8,"day",0.288,1.220946513,0.209866263,0.997971482,-0.073,0.950659101,0.763375131,0.997971482,NA,NA,NA,NA
"1610","tg_rliver_repeat_tolbutamide_t6_c2","tolbutamide",2,300,"mg/kg",6,"repeat",8,"day",0.044,1.030968319,0.772803974,0.998915528,-0.324,0.798851916,0.138548745,0.998915528,NA,NA,NA,NA
"1611","tg_rliver_repeat_tolbutamide_t6_c3","tolbutamide",3,1000,"mg/kg",6,"repeat",8,"day",0.085,1.060687741,0.656506745,0.929071473,-0.332,0.7944344,0.139716537,0.667141082,NA,NA,NA,NA
"1612","tg_rliver_repeat_tolbutamide_t7_c1","tolbutamide",1,100,"mg/kg",7,"repeat",15,"day",-0.197,0.872362706,0.275031621,0.971010221,-0.269,0.829894586,0.069916106,0.971010221,NA,NA,NA,NA
"1613","tg_rliver_repeat_tolbutamide_t7_c2","tolbutamide",2,300,"mg/kg",7,"repeat",15,"day",-0.42,0.747424624,0.047997817,0.877830224,-0.468,0.722966147,0.003284555,0.777827364,NA,NA,NA,NA
"1614","tg_rliver_repeat_tolbutamide_t7_c3","tolbutamide",3,1000,"mg/kg",7,"repeat",15,"day",-0.54,0.687770909,0.013370395,0.911392879,-0.588,0.665264521,0.004502872,0.887287417,NA,NA,NA,NA
"1615","tg_rliver_repeat_tolbutamide_t8_c1","tolbutamide",1,100,"mg/kg",8,"repeat",29,"day",-0.062,0.957935218,0.75850848,0.995165163,-0.184,0.880259014,0.22671169,0.989542293,NA,NA,NA,NA
"1616","tg_rliver_repeat_tolbutamide_t8_c2","tolbutamide",2,300,"mg/kg",8,"repeat",29,"day",-0.026,0.982139595,0.835169256,0.970326985,0.069,1.048989328,0.635268124,0.91948353,NA,NA,NA,NA
"1617","tg_rliver_repeat_tolbutamide_t8_c3","tolbutamide",3,1000,"mg/kg",8,"repeat",29,"day",-0.062,0.957935218,0.621457858,0.906919831,-0.092,0.938221197,0.432305727,0.836874252,NA,NA,NA,NA
"1618","tg_rliver_repeat_triamterene_t5_c1","triamterene",1,15,"mg/kg",5,"repeat",4,"day",0.277,1.21167266,0.313265197,0.988747182,-0.163,0.893165852,0.260737775,0.988747182,NA,NA,NA,NA
"1619","tg_rliver_repeat_triamterene_t5_c2","triamterene",2,50,"mg/kg",5,"repeat",4,"day",-0.007,0.995159722,0.961619731,0.999929817,-0.045,0.969289817,0.820648488,0.999929817,NA,NA,NA,NA
"1620","tg_rliver_repeat_triamterene_t5_c3","triamterene",3,150,"mg/kg",5,"repeat",4,"day",0.227,1.170398641,0.273011591,0.991117088,0.005,1.003471749,0.983337663,0.99842166,NA,NA,NA,NA
"1621","tg_rliver_repeat_triamterene_t6_c1","triamterene",1,15,"mg/kg",6,"repeat",8,"day",0.105,1.07549439,0.625248714,0.960815822,0.11,1.079228237,0.473850801,0.939803873,NA,NA,NA,NA
"1622","tg_rliver_repeat_triamterene_t6_c2","triamterene",2,50,"mg/kg",6,"repeat",8,"day",0.198,1.147107024,0.401431209,0.995577666,-0.217,0.860352631,0.377374371,0.995577666,NA,NA,NA,NA
"1623","tg_rliver_repeat_triamterene_t6_c3","triamterene",3,150,"mg/kg",6,"repeat",8,"day",0.139,1.101141598,0.567691228,0.860553695,0.011,1.00765376,0.960840927,0.989049617,NA,NA,NA,NA
"1624","tg_rliver_repeat_triamterene_t7_c1","triamterene",1,15,"mg/kg",7,"repeat",15,"day",0.109,1.078480432,0.33322623,0.707441435,0.044,1.030968319,0.57930738,0.839430534,NA,NA,NA,NA
"1625","tg_rliver_repeat_triamterene_t7_c2","triamterene",2,50,"mg/kg",7,"repeat",15,"day",0.195,1.144724161,0.078204119,0.698971386,-0.069,0.953298545,0.646327093,0.914458706,NA,NA,NA,NA
"1626","tg_rliver_repeat_triamterene_t7_c3","triamterene",3,150,"mg/kg",7,"repeat",15,"day",0.08,1.057018041,0.481404398,0.894168632,-0.363,0.777546036,0.003773431,0.760686022,NA,NA,NA,NA
"1627","tg_rliver_repeat_triamterene_t8_c1","triamterene",1,15,"mg/kg",8,"repeat",29,"day",-0.283,0.821880187,0.063463939,0.999413873,-0.164,0.892546971,0.145240595,0.999413873,NA,NA,NA,NA
"1628","tg_rliver_repeat_triamterene_t8_c2","triamterene",2,50,"mg/kg",8,"repeat",29,"day",-0.182,0.881480158,0.079047273,0.99949629,-0.365,0.776468875,0.002187693,0.99949629,NA,NA,NA,NA
"1629","tg_rliver_repeat_triamterene_t8_c3","triamterene",3,150,"mg/kg",8,"repeat",29,"day",-0.115,0.923382311,0.280007569,0.808534447,-0.2,0.870550563,0.436771872,0.868550995,NA,NA,NA,NA
"1630","tg_rliver_repeat_triazolam_t5_c1","triazolam",1,100,"mg/kg",5,"repeat",4,"day",0.129,1.093535457,0.428450183,0.864689274,0.048,1.033830736,0.777834312,0.96289475,NA,NA,NA,NA
"1631","tg_rliver_repeat_triazolam_t5_c2","triazolam",2,300,"mg/kg",5,"repeat",4,"day",-0.023,0.984184022,0.864878771,0.996603067,-0.043,0.97063447,0.786400233,0.99101934,NA,NA,NA,NA
"1632","tg_rliver_repeat_triazolam_t5_c3","triazolam",3,1000,"mg/kg",5,"repeat",4,"day",0.056,1.039579435,0.759102278,0.933205621,-0.272,0.828170661,0.047985373,0.35049345,NA,NA,NA,NA
"1633","tg_rliver_repeat_triazolam_t6_c1","triazolam",1,100,"mg/kg",6,"repeat",8,"day",0.036,1.025267238,0.760530111,0.968360582,-0.18,0.882702996,0.198269173,0.800804843,NA,NA,NA,NA
"1634","tg_rliver_repeat_triazolam_t6_c2","triazolam",2,300,"mg/kg",6,"repeat",8,"day",-0.134,0.911301281,0.36566415,0.891308273,-0.349,0.785128119,0.070996374,0.821910512,NA,NA,NA,NA
"1635","tg_rliver_repeat_triazolam_t6_c3","triazolam",3,1000,"mg/kg",6,"repeat",8,"day",-0.096,0.935623498,0.333178047,0.838871934,-0.099,0.933679945,0.45324584,0.877202961,NA,NA,NA,NA
"1636","tg_rliver_repeat_triazolam_t7_c1","triazolam",1,100,"mg/kg",7,"repeat",15,"day",0.061,1.043188594,0.556771669,0.797152901,-0.242,0.845572287,0.059041177,0.404436943,NA,NA,NA,NA
"1637","tg_rliver_repeat_triazolam_t7_c2","triazolam",2,300,"mg/kg",7,"repeat",15,"day",0.237,1.178539408,0.592220658,0.892579109,0.124,1.089752112,0.298407927,0.768031765,NA,NA,NA,NA
"1638","tg_rliver_repeat_triazolam_t7_c3","triazolam",3,1000,"mg/kg",7,"repeat",15,"day",0.139,1.101141598,0.140666357,0.711999654,-0.099,0.933679945,0.361531753,0.83207052,NA,NA,NA,NA
"1639","tg_rliver_repeat_triazolam_t8_c1","triazolam",1,100,"mg/kg",8,"repeat",29,"day",-0.163,0.893165852,0.165328074,0.999921779,-0.241,0.846158597,0.083478359,0.999921779,NA,NA,NA,NA
"1640","tg_rliver_repeat_triazolam_t8_c2","triazolam",2,300,"mg/kg",8,"repeat",29,"day",-0.096,0.935623498,0.35016638,0.868753912,-0.245,0.843815796,0.090905761,0.72599973,NA,NA,NA,NA
"1641","tg_rliver_repeat_triazolam_t8_c3","triazolam",3,1000,"mg/kg",8,"repeat",29,"day",-0.095,0.936272247,0.460786469,0.928557809,-0.281,0.823020345,0.118991735,0.801364605,NA,NA,NA,NA
"1642","tg_rliver_repeat_trimethadione_t5_c1","trimethadione",1,50,"mg/kg",5,"repeat",4,"day",-0.032,0.978063473,0.764982168,0.999875194,0.023,1.016070143,0.880076006,0.999875194,NA,NA,NA,NA
"1643","tg_rliver_repeat_trimethadione_t5_c2","trimethadione",2,150,"mg/kg",5,"repeat",4,"day",-0.141,0.906890329,0.404609019,0.999057961,-0.152,0.90000193,0.26473292,0.999057961,NA,NA,NA,NA
"1644","tg_rliver_repeat_trimethadione_t5_c3","trimethadione",3,500,"mg/kg",5,"repeat",4,"day",-0.029,0.980099415,0.779483393,0.985315511,-0.394,0.76101669,0.01358162,0.422478873,"yes","no","no","no"
"1645","tg_rliver_repeat_trimethadione_t6_c1","trimethadione",1,50,"mg/kg",6,"repeat",8,"day",-0.417,0.748980467,0.113879561,0.780107947,0.109,1.078480432,0.551221836,0.92026685,NA,NA,NA,NA
"1646","tg_rliver_repeat_trimethadione_t6_c2","trimethadione",2,150,"mg/kg",6,"repeat",8,"day",-0.557,0.679714121,0.066242336,0.877312576,0.1,1.071773463,0.568125037,0.979111632,NA,NA,NA,NA
"1647","tg_rliver_repeat_trimethadione_t6_c3","trimethadione",3,500,"mg/kg",6,"repeat",8,"day",-0.561,0.677832163,0.049886021,0.323759582,-0.018,0.987600861,0.905943985,0.974507417,NA,NA,NA,NA
"1648","tg_rliver_repeat_trimethadione_t7_c1","trimethadione",1,50,"mg/kg",7,"repeat",15,"day",0.048,1.033830736,0.814668298,0.999438434,-0.238,0.847919965,0.096220417,0.928804413,NA,NA,NA,NA
"1649","tg_rliver_repeat_trimethadione_t7_c2","trimethadione",2,150,"mg/kg",7,"repeat",15,"day",-0.188,0.877821798,0.391727959,0.952523381,-0.076,0.948684315,0.5333399,0.965344985,NA,NA,NA,NA
"1650","tg_rliver_repeat_trimethadione_t7_c3","trimethadione",3,500,"mg/kg",7,"repeat",15,"day",-0.145,0.904379378,0.417532241,0.72651027,-0.242,0.845572287,0.179033659,0.489427634,NA,NA,NA,NA
"1651","tg_rliver_repeat_trimethadione_t8_c1","trimethadione",1,50,"mg/kg",8,"repeat",29,"day",0.216,1.161508732,0.208081496,0.999731036,0.029,1.020304659,0.806462961,0.999731036,NA,NA,NA,NA
"1652","tg_rliver_repeat_trimethadione_t8_c2","trimethadione",2,150,"mg/kg",8,"repeat",29,"day",-0.236,0.849096246,0.048994182,0.922376419,-0.121,0.919550046,0.289897981,0.94556709,NA,NA,NA,NA
"1653","tg_rliver_repeat_trimethadione_t8_c3","trimethadione",3,500,"mg/kg",8,"repeat",29,"day",0.027,1.018891197,0.78169154,0.912541046,0.167,1.122721422,0.157861297,0.43186341,"no","yes","no","no"
"1654","tg_rliver_repeat_valproicacid_t5_c1","valproic acid",1,45,"mg/kg",5,"repeat",4,"day",0.015,1.010451446,0.927702158,0.998102359,0.185,1.136816973,0.452914113,0.995453381,NA,NA,NA,NA
"1655","tg_rliver_repeat_valproicacid_t5_c2","valproic acid",2,150,"mg/kg",5,"repeat",4,"day",0.033,1.02313747,0.830355538,0.999465123,0.416,1.33422317,0.145082279,0.999465123,NA,NA,NA,NA
"1656","tg_rliver_repeat_valproicacid_t5_c3","valproic acid",3,450,"mg/kg",5,"repeat",4,"day",0.015,1.010451446,0.926420119,0.979957439,-0.105,0.929804943,0.741943992,0.923909437,NA,NA,NA,NA
"1657","tg_rliver_repeat_valproicacid_t6_c1","valproic acid",1,45,"mg/kg",6,"repeat",8,"day",-0.014,0.990342872,0.942111046,0.999375738,0.103,1.074004472,0.579979104,0.999375738,NA,NA,NA,NA
"1658","tg_rliver_repeat_valproicacid_t6_c2","valproic acid",2,150,"mg/kg",6,"repeat",8,"day",0.209,1.155886707,0.198245271,0.999595088,0.135,1.098092814,0.547853234,0.999595088,NA,NA,NA,NA
"1659","tg_rliver_repeat_valproicacid_t6_c3","valproic acid",3,450,"mg/kg",6,"repeat",8,"day",0.205,1.152686347,0.231386979,0.764503886,0.162,1.118837101,0.12821267,0.720272635,"no","yes","no","no"
"1660","tg_rliver_repeat_valproicacid_t7_c1","valproic acid",1,45,"mg/kg",7,"repeat",15,"day",0.101,1.072516617,0.237287908,0.663529944,-0.06,0.959264119,0.787022831,0.937951279,NA,NA,NA,NA
"1661","tg_rliver_repeat_valproicacid_t7_c2","valproic acid",2,150,"mg/kg",7,"repeat",15,"day",-0.137,0.909408252,0.229875878,0.883212475,-0.127,0.915733686,0.340352631,0.896152751,NA,NA,NA,NA
"1662","tg_rliver_repeat_valproicacid_t7_c3","valproic acid",3,450,"mg/kg",7,"repeat",15,"day",0.023,1.016070143,0.821625581,0.941525779,-0.068,0.953959551,0.568544489,0.836604163,NA,NA,NA,NA
"1663","tg_rliver_repeat_valproicacid_t8_c1","valproic acid",1,45,"mg/kg",8,"repeat",29,"day",0.1,1.071773463,0.238040787,0.941494147,-0.059,0.959929261,0.824981829,0.986128232,NA,NA,NA,NA
"1664","tg_rliver_repeat_valproicacid_t8_c2","valproic acid",2,150,"mg/kg",8,"repeat",29,"day",0.265,1.20163605,0.024690023,0.998623565,0.236,1.17772279,0.315961296,0.998623565,NA,NA,NA,NA
"1665","tg_rliver_repeat_valproicacid_t8_c3","valproic acid",3,450,"mg/kg",8,"repeat",29,"day",0.073,1.051901779,0.655027533,0.880042354,-0.457,0.728499557,0.117268955,0.535245672,NA,NA,NA,NA
"1666","tg_rliver_repeat_vitamina_t5_c1","vitamin a",1,10,"mg/kg",5,"repeat",4,"day",-0.218,0.859756486,0.012009932,0.602663745,-0.24,0.846745312,0.105700763,0.750168506,NA,NA,NA,NA
"1667","tg_rliver_repeat_vitamina_t5_c2","vitamin a",2,30,"mg/kg",5,"repeat",4,"day",-0.077,0.948026965,0.32284796,0.998935377,-0.183,0.880869374,0.208198827,0.998935377,NA,NA,NA,NA
"1668","tg_rliver_repeat_vitamina_t5_c3","vitamin a",3,100,"mg/kg",5,"repeat",4,"day",-0.427,0.743806881,0.000138376,0.039297112,-0.619,0.651122095,0.001076657,0.07799642,NA,NA,NA,NA
"1669","tg_rliver_repeat_vitamina_t6_c1","vitamin a",1,10,"mg/kg",6,"repeat",8,"day",0.039,1.027401439,0.639475175,0.998894054,0.157,1.114966219,0.369234462,0.998894054,NA,NA,NA,NA
"1670","tg_rliver_repeat_vitamina_t6_c2","vitamin a",2,30,"mg/kg",6,"repeat",8,"day",-0.113,0.924663278,0.281781256,0.9998803,-0.092,0.938221197,0.537543515,0.9998803,NA,NA,NA,NA
"1671","tg_rliver_repeat_vitamina_t6_c3","vitamin a",3,100,"mg/kg",6,"repeat",8,"day",-0.22,0.858565436,0.05511296,0.367204091,-0.29,0.817902059,0.075041191,0.410905296,NA,NA,NA,NA
"1672","tg_rliver_repeat_vitamina_t7_c1","vitamin a",1,10,"mg/kg",7,"repeat",15,"day",0.204,1.151887642,0.283397827,0.966282449,0.107,1.076986376,0.591254838,0.984909844,NA,NA,NA,NA
"1673","tg_rliver_repeat_vitamina_t7_c2","vitamin a",2,30,"mg/kg",7,"repeat",15,"day",-0.138,0.908778116,0.464791455,0.82029413,0.622,1.53900722,0.036845856,0.523010538,NA,NA,NA,NA
"1674","tg_rliver_repeat_vitamina_t7_c3","vitamin a",3,100,"mg/kg",7,"repeat",15,"day",-0.065,0.955945318,0.710870083,0.886560228,-0.512,0.701249625,0.012430581,0.124230958,NA,NA,NA,NA
"1675","tg_rliver_repeat_vitamina_t8_c1","vitamin a",1,10,"mg/kg",8,"repeat",29,"day",-0.19,0.876605721,0.139216193,0.794806724,-0.369,0.774319028,0.009024579,0.794806724,NA,NA,NA,NA
"1676","tg_rliver_repeat_vitamina_t8_c2","vitamin a",2,30,"mg/kg",8,"repeat",29,"day",-0.102,0.931740429,0.251241458,0.838687191,-0.235,0.849684999,0.008011209,0.396713396,NA,NA,NA,NA
"1677","tg_rliver_repeat_vitamina_t8_c3","vitamin a",3,100,"mg/kg",8,"repeat",29,"day",0,1,0.998076879,0.999617886,-0.412,0.751580739,0.010006695,0.243339084,NA,NA,NA,NA
"1678","tg_rliver_repeat_wy14643_t5_c1","wy-14643",1,10,"mg/kg",5,"repeat",4,"day",-0.414,0.750539549,0.141196349,0.271744464,0.287,1.22010051,0.522000846,0.649367002,NA,NA,NA,NA
"1679","tg_rliver_repeat_wy14643_t5_c2","wy-14643",2,30,"mg/kg",5,"repeat",4,"day",-0.543,0.686342216,0.07489127,0.185535855,-0.485,0.71449707,0.124206398,0.255656175,NA,NA,NA,NA
"1680","tg_rliver_repeat_wy14643_t5_c3","wy-14643",3,100,"mg/kg",5,"repeat",4,"day",-0.279,0.824162085,0.301286624,0.56139714,-0.447,0.733566672,0.177199133,0.414195525,NA,NA,NA,NA
"1681","tg_rliver_repeat_wy14643_t6_c1","wy-14643",1,10,"mg/kg",6,"repeat",8,"day",-0.16,0.895025071,0.204714721,0.522126167,0.215,1.160703914,0.144496046,0.435802577,NA,NA,NA,NA
"1682","tg_rliver_repeat_wy14643_t6_c2","wy-14643",2,30,"mg/kg",6,"repeat",8,"day",-0.077,0.948026965,0.538059146,0.760193602,0.138,1.100378609,0.335145352,0.592161788,NA,NA,NA,NA
"1683","tg_rliver_repeat_wy14643_t6_c3","wy-14643",3,100,"mg/kg",6,"repeat",8,"day",-0.177,0.884540435,0.118574844,0.278113849,0.121,1.087488391,0.512942256,0.700828084,NA,NA,NA,NA
"1684","tg_rliver_repeat_wy14643_t7_c1","wy-14643",1,10,"mg/kg",7,"repeat",15,"day",-0.127,0.915733686,0.27774719,0.496789248,-0.325,0.798298386,0.047046253,0.176126406,NA,NA,NA,NA
"1685","tg_rliver_repeat_wy14643_t7_c2","wy-14643",2,30,"mg/kg",7,"repeat",15,"day",-0.412,0.751580739,0.002493501,0.017494683,-0.445,0.734584317,0.007439638,0.038015654,NA,NA,NA,NA
"1686","tg_rliver_repeat_wy14643_t7_c3","wy-14643",3,100,"mg/kg",7,"repeat",15,"day",-0.312,0.805524291,0.009024095,0.03624726,-0.587,0.665725807,0.004570717,0.021721818,NA,NA,NA,NA
"1687","tg_rliver_repeat_wy14643_t8_c1","wy-14643",1,10,"mg/kg",8,"repeat",29,"day",-0.244,0.844400887,0.116315235,0.322021953,-0.004,0.997231251,0.987947753,0.995002957,NA,NA,NA,NA
"1688","tg_rliver_repeat_wy14643_t8_c2","wy-14643",2,30,"mg/kg",8,"repeat",29,"day",-0.22,0.858565436,0.075460567,0.207022553,-0.302,0.811127156,0.180888081,0.368116624,NA,NA,NA,NA
"1689","tg_rliver_repeat_wy14643_t8_c3","wy-14643",3,100,"mg/kg",8,"repeat",29,"day",-0.091,0.938871747,0.466702845,0.658496535,-0.525,0.69495911,0.028797177,0.09801169,NA,NA,NA,NA
"1690","tg_rliver_single_24dinitrophenol_t1_c1","2 4-dinitrophenol",1,6,"mg/kg",1,"single",0.125,"day",0.004,1.002776436,0.989918103,0.99951998,0.179,1.132098902,0.429260482,0.99951998,NA,NA,NA,NA
"1691","tg_rliver_single_24dinitrophenol_t1_c2","2 4-dinitrophenol",2,20,"mg/kg",1,"single",0.125,"day",0.022,1.015366101,0.908057373,0.983595591,0.272,1.207480591,0.297505321,0.835305187,NA,NA,NA,NA
"1692","tg_rliver_single_24dinitrophenol_t1_c3","2 4-dinitrophenol",3,60,"mg/kg",1,"single",0.125,"day",0.183,1.135242102,0.271599313,0.783195087,0.065,1.04608494,0.809609067,0.96827809,NA,NA,NA,NA
"1693","tg_rliver_single_24dinitrophenol_t2_c1","2 4-dinitrophenol",1,6,"mg/kg",2,"single",0.25,"day",-0.169,0.889458994,0.085542596,0.746466787,0.16,1.117287138,0.390575449,0.889746023,NA,NA,NA,NA
"1694","tg_rliver_single_24dinitrophenol_t2_c2","2 4-dinitrophenol",2,20,"mg/kg",2,"single",0.25,"day",-0.084,0.943438251,0.458435379,0.862269519,0.013,1.009051634,0.938459368,0.989226979,NA,NA,NA,NA
"1695","tg_rliver_single_24dinitrophenol_t2_c3","2 4-dinitrophenol",3,60,"mg/kg",2,"single",0.25,"day",0.112,1.080725402,0.334939991,0.687191369,0.198,1.147107024,0.268291867,0.631803088,NA,NA,NA,NA
"1696","tg_rliver_single_24dinitrophenol_t3_c1","2 4-dinitrophenol",1,6,"mg/kg",3,"single",0.375,"day",-0.187,0.878430468,0.119233183,0.693271845,0.066,1.046810282,0.53522704,0.908554234,NA,NA,NA,NA
"1697","tg_rliver_single_24dinitrophenol_t3_c2","2 4-dinitrophenol",2,20,"mg/kg",3,"single",0.375,"day",-0.265,0.832198735,0.025243124,0.351839297,-0.141,0.906890329,0.3195765,0.771796554,NA,NA,NA,NA
"1698","tg_rliver_single_24dinitrophenol_t3_c3","2 4-dinitrophenol",3,60,"mg/kg",3,"single",0.375,"day",-0.202,0.86934456,0.077565699,0.259371358,-0.322,0.799960128,0.01928876,0.131814407,NA,NA,NA,NA
"1699","tg_rliver_single_24dinitrophenol_t4_c1","2 4-dinitrophenol",1,6,"mg/kg",4,"single",1,"day",-0.137,0.909408252,0.36974703,0.730373564,-0.147,0.90312651,0.120242549,0.548425466,NA,NA,NA,NA
"1700","tg_rliver_single_24dinitrophenol_t4_c2","2 4-dinitrophenol",2,20,"mg/kg",4,"single",1,"day",-0.113,0.924663278,0.16601511,0.574428966,-0.185,0.879649076,0.135120447,0.541336487,NA,NA,NA,NA
"1701","tg_rliver_single_24dinitrophenol_t4_c3","2 4-dinitrophenol",3,60,"mg/kg",4,"single",1,"day",0.29,1.222640278,0.403791742,0.796087241,-0.203,0.868742185,0.13513808,0.633573487,NA,NA,NA,NA
"1702","tg_rliver_single_2nitrofluorene_t4_c1","2-nitrofluorene",1,100,"mg/kg",4,"single",1,"day",0.068,1.048262476,0.578509357,0.681687052,-0.428,0.743291492,0.010231026,0.035604175,NA,NA,NA,NA
"1703","tg_rliver_single_2nitrofluorene_t4_c2","2-nitrofluorene",2,300,"mg/kg",4,"single",1,"day",0.028,1.019597683,0.802955945,0.864502251,-0.792,0.577542892,5.50063e-05,0.000896441,NA,NA,NA,NA
"1704","tg_rliver_single_2nitrofluorene_t4_c3","2-nitrofluorene",3,1000,"mg/kg",4,"single",1,"day",-0.187,0.878430468,0.090673997,0.167766966,-0.753,0.593368399,0.000261004,0.001904097,NA,NA,NA,NA
"1705","tg_rliver_single_3methylcholanthrene_t1_c1","3-methylcholanthrene",1,10,"mg/kg",1,"single",0.125,"day",-0.109,0.927230546,0.257251582,0.631960524,0.142,1.10343374,0.506664345,0.81393686,"yes","no","no","no"
"1706","tg_rliver_single_3methylcholanthrene_t1_c2","3-methylcholanthrene",2,30,"mg/kg",1,"single",0.125,"day",0.021,1.014662547,0.872736004,0.956332586,0.022,1.015366101,0.806090179,0.930345445,"yes","no","no","no"
"1707","tg_rliver_single_3methylcholanthrene_t1_c3","3-methylcholanthrene",3,100,"mg/kg",1,"single",0.125,"day",-0.08,0.946057647,0.375929288,0.647890995,-0.179,0.883315051,0.150412581,0.422936326,"yes","yes","no","no"
"1708","tg_rliver_single_3methylcholanthrene_t2_c1","3-methylcholanthrene",1,10,"mg/kg",2,"single",0.25,"day",-0.058,0.960594864,0.472389675,0.80651195,0.009,1.006257823,0.969198322,0.99228096,NA,NA,NA,NA
"1709","tg_rliver_single_3methylcholanthrene_t2_c2","3-methylcholanthrene",2,30,"mg/kg",2,"single",0.25,"day",-0.041,0.971980988,0.736893,0.894984447,-0.171,0.888226796,0.355925313,0.661065702,"yes","no","no","no"
"1710","tg_rliver_single_3methylcholanthrene_t2_c3","3-methylcholanthrene",3,100,"mg/kg",2,"single",0.25,"day",0.089,1.063632673,0.525669992,0.791888606,0.059,1.041743429,0.759806612,0.911584754,"yes","no","no","no"
"1711","tg_rliver_single_3methylcholanthrene_t3_c1","3-methylcholanthrene",1,10,"mg/kg",3,"single",0.375,"day",0.153,1.111879158,0.166657165,0.477229949,0.138,1.100378609,0.1156583,0.404310776,NA,NA,NA,NA
"1712","tg_rliver_single_3methylcholanthrene_t3_c2","3-methylcholanthrene",2,30,"mg/kg",3,"single",0.375,"day",0.074,1.052631155,0.45275697,0.750322981,0.295,1.226884977,0.005185541,0.097774472,NA,NA,NA,NA
"1713","tg_rliver_single_3methylcholanthrene_t3_c3","3-methylcholanthrene",3,100,"mg/kg",3,"single",0.375,"day",0.013,1.009051634,0.891743318,0.957431915,0.279,1.21335356,0.011585861,0.117361912,NA,NA,NA,NA
"1714","tg_rliver_single_3methylcholanthrene_t4_c1","3-methylcholanthrene",1,10,"mg/kg",4,"single",1,"day",-0.106,0.929160674,0.236807417,0.844839307,0.004,1.002776436,0.966060113,0.995274057,NA,NA,NA,NA
"1715","tg_rliver_single_3methylcholanthrene_t4_c2","3-methylcholanthrene",2,30,"mg/kg",4,"single",1,"day",-0.06,0.959264119,0.476471198,0.86185694,0.205,1.152686347,0.101790042,0.600738011,NA,NA,NA,NA
"1716","tg_rliver_single_3methylcholanthrene_t4_c3","3-methylcholanthrene",3,100,"mg/kg",4,"single",1,"day",-0.08,0.946057647,0.329408678,0.708439655,0.443,1.359428242,0.007763161,0.161012578,"yes","no","no","no"
"1717","tg_rliver_single_acarbose_t1_c1","acarbose",1,100,"mg/kg",1,"single",0.125,"day",-0.019,0.986916546,0.902663175,0.996510582,-0.089,0.940174203,0.663157021,0.982874175,"no","yes","no","no"
"1718","tg_rliver_single_acarbose_t1_c2","acarbose",2,300,"mg/kg",1,"single",0.125,"day",0.338,1.264003098,0.045890237,0.999927139,0.21,1.156688184,0.20347366,0.999927139,NA,NA,NA,NA
"1719","tg_rliver_single_acarbose_t1_c3","acarbose",3,1000,"mg/kg",1,"single",0.125,"day",0.06,1.042465761,0.720525438,0.999490093,-0.092,0.938221197,0.543456962,0.999490093,NA,NA,NA,NA
"1720","tg_rliver_single_acarbose_t2_c1","acarbose",1,100,"mg/kg",2,"single",0.25,"day",-0.003,0.997922719,0.973494319,0.99806952,0.071,1.050444544,0.49326114,0.996709913,"no","yes","no","no"
"1721","tg_rliver_single_acarbose_t2_c2","acarbose",2,300,"mg/kg",2,"single",0.25,"day",-0.233,0.85086373,0.18555804,0.832522748,0.115,1.082975046,0.685854344,0.964279053,NA,NA,NA,NA
"1722","tg_rliver_single_acarbose_t2_c3","acarbose",3,1000,"mg/kg",2,"single",0.25,"day",0.069,1.048989328,0.500445394,0.90545354,0.64,1.558329159,0.072621524,0.689542538,"no","yes","no","no"
"1723","tg_rliver_single_acarbose_t3_c1","acarbose",1,100,"mg/kg",3,"single",0.375,"day",-0.1,0.933032992,0.383720263,0.999777148,-0.134,0.911301281,0.189471419,0.999777148,NA,NA,NA,NA
"1724","tg_rliver_single_acarbose_t3_c2","acarbose",2,300,"mg/kg",3,"single",0.375,"day",-0.05,0.965936329,0.746395697,0.99936659,-0.103,0.93109482,0.565997962,0.99936659,NA,NA,NA,NA
"1725","tg_rliver_single_acarbose_t3_c3","acarbose",3,1000,"mg/kg",3,"single",0.375,"day",-0.406,0.754712984,0.008259097,0.612893735,-0.217,0.860352631,0.166757259,0.833398835,NA,NA,NA,NA
"1726","tg_rliver_single_acarbose_t4_c1","acarbose",1,100,"mg/kg",4,"single",1,"day",0.058,1.041021598,0.648469234,0.959395168,-0.056,0.961927455,0.736553758,0.969471816,NA,NA,NA,NA
"1727","tg_rliver_single_acarbose_t4_c2","acarbose",2,300,"mg/kg",4,"single",1,"day",0.121,1.087488391,0.486843454,0.952596457,-0.145,0.904379378,0.272880262,0.938330352,NA,NA,NA,NA
"1728","tg_rliver_single_acarbose_t4_c3","acarbose",3,1000,"mg/kg",4,"single",1,"day",-0.032,0.978063473,0.781554521,0.979637897,-0.037,0.974679631,0.794488549,0.981615671,"no","no","no","yes"
"1729","tg_rliver_single_acetamidofluorene_t1_c1","acetamidofluorene",1,100,"mg/kg",1,"single",0.125,"day",-0.025,0.982820599,0.869852509,0.959356297,-0.758,0.5913155,0.000242758,0.133177553,NA,NA,NA,NA
"1730","tg_rliver_single_acetamidofluorene_t1_c2","acetamidofluorene",2,300,"mg/kg",1,"single",0.125,"day",-0.124,0.917639882,0.6056381,0.84772229,-0.527,0.69399636,0.00859407,0.187695566,NA,NA,NA,NA
"1731","tg_rliver_single_acetamidofluorene_t1_c3","acetamidofluorene",3,1000,"mg/kg",1,"single",0.125,"day",0.19,1.140763716,0.316476884,0.57097883,-0.601,0.659296807,0.057602463,0.256877275,NA,NA,NA,NA
"1732","tg_rliver_single_acetamidofluorene_t2_c1","acetamidofluorene",1,100,"mg/kg",2,"single",0.25,"day",0.147,1.107264584,0.400568023,0.723893551,-0.123,0.918276162,0.29656102,0.636420954,NA,NA,NA,NA
"1733","tg_rliver_single_acetamidofluorene_t2_c2","acetamidofluorene",2,300,"mg/kg",2,"single",0.25,"day",0.069,1.048989328,0.684476545,0.826902738,-0.364,0.777007269,0.024798955,0.105125843,NA,NA,NA,NA
"1734","tg_rliver_single_acetamidofluorene_t2_c3","acetamidofluorene",3,1000,"mg/kg",2,"single",0.25,"day",0.21,1.156688184,0.177938957,0.368082159,-0.269,0.829894586,0.127699941,0.296710184,NA,NA,NA,NA
"1735","tg_rliver_single_acetamidofluorene_t3_c1","acetamidofluorene",1,100,"mg/kg",3,"single",0.375,"day",-0.293,0.816203046,0.042972038,0.135928723,0.014,1.009751298,0.959357183,0.979931941,NA,NA,NA,NA
"1736","tg_rliver_single_acetamidofluorene_t3_c2","acetamidofluorene",2,300,"mg/kg",3,"single",0.375,"day",-0.185,0.879649076,0.178783383,0.371874098,0.095,1.068065408,0.75853597,0.8749877,NA,NA,NA,NA
"1737","tg_rliver_single_acetamidofluorene_t3_c3","acetamidofluorene",3,1000,"mg/kg",3,"single",0.375,"day",-0.244,0.844400887,0.178671265,0.401225691,0.233,1.175276328,0.392700738,0.638270393,NA,NA,NA,NA
"1738","tg_rliver_single_acetamidofluorene_t4_c1","acetamidofluorene",1,100,"mg/kg",4,"single",1,"day",0.166,1.121943481,0.108676366,0.247717402,-0.114,0.924022572,0.575924222,0.725581204,NA,NA,NA,NA
"1739","tg_rliver_single_acetamidofluorene_t4_c2","acetamidofluorene",2,300,"mg/kg",4,"single",1,"day",0.149,1.108800644,0.161796732,0.270418095,-0.053,0.963929808,0.786507224,0.849220586,NA,NA,NA,NA
"1740","tg_rliver_single_acetamidofluorene_t4_c3","acetamidofluorene",3,1000,"mg/kg",4,"single",1,"day",-0.012,0.991716731,0.916880187,0.944188052,-0.246,0.84323111,0.209207133,0.319357164,NA,NA,NA,NA
"1741","tg_rliver_single_acetaminophen_t1_c1","acetaminophen",1,300,"mg/kg",1,"single",0.125,"day",0.221,1.165541198,0.180482212,0.754368652,0.04,1.028113827,0.747491872,0.945705632,NA,NA,NA,NA
"1742","tg_rliver_single_acetaminophen_t1_c2","acetaminophen",2,600,"mg/kg",1,"single",0.125,"day",-0.001,0.999307093,0.997287927,0.999680104,0.075,1.053361036,0.658098727,0.953163878,NA,NA,NA,NA
"1743","tg_rliver_single_acetaminophen_t1_c3","acetaminophen",3,1000,"mg/kg",1,"single",0.125,"day",-0.021,0.985549337,0.86410795,0.951741378,-0.313,0.804966138,0.005946727,0.182543695,NA,NA,NA,NA
"1744","tg_rliver_single_acetaminophen_t2_c1","acetaminophen",1,300,"mg/kg",2,"single",0.25,"day",-0.118,0.921464186,0.346013131,0.956495079,-0.1,0.933032992,0.502381374,0.977165407,NA,NA,NA,NA
"1745","tg_rliver_single_acetaminophen_t2_c2","acetaminophen",2,600,"mg/kg",2,"single",0.25,"day",-0.142,0.906261938,0.232426442,0.757943782,-0.232,0.851453708,0.043311979,0.521597517,NA,NA,NA,NA
"1746","tg_rliver_single_acetaminophen_t2_c3","acetaminophen",3,1000,"mg/kg",2,"single",0.25,"day",-0.085,0.942784536,0.40643547,0.815563341,0.067,1.047536127,0.674896636,0.925864894,NA,NA,NA,NA
"1747","tg_rliver_single_acetaminophen_t3_c1","acetaminophen",1,300,"mg/kg",3,"single",0.375,"day",-0.107,0.928516852,0.578131648,0.918714038,-0.275,0.826450318,0.214393781,0.742940301,NA,NA,NA,NA
"1748","tg_rliver_single_acetaminophen_t3_c2","acetaminophen",2,600,"mg/kg",3,"single",0.375,"day",-0.148,0.902500727,0.440337641,0.80934767,0.065,1.04608494,0.773574192,0.945065275,NA,NA,NA,NA
"1749","tg_rliver_single_acetaminophen_t3_c3","acetaminophen",3,1000,"mg/kg",3,"single",0.375,"day",-0.272,0.828170661,0.147985355,0.512922374,-0.056,0.961927455,0.816439167,0.944431322,NA,NA,NA,NA
"1750","tg_rliver_single_acetaminophen_t4_c1","acetaminophen",1,300,"mg/kg",4,"single",1,"day",0.111,1.07997656,0.509202276,0.900607763,-0.56,0.678302164,0.015094877,0.693409844,NA,NA,NA,NA
"1751","tg_rliver_single_acetaminophen_t4_c2","acetaminophen",2,600,"mg/kg",4,"single",1,"day",0.303,1.23370717,0.098433476,0.376313109,-0.769,0.586824089,0.001070256,0.040969623,NA,NA,NA,NA
"1752","tg_rliver_single_acetaminophen_t4_c3","acetaminophen",3,1000,"mg/kg",4,"single",1,"day",0.035,1.024556823,0.820619072,0.936484154,-1.047,0.483973513,0.000485185,0.023888918,NA,NA,NA,NA
"1753","tg_rliver_single_acetazolamide_t1_c1","acetazolamide",1,60,"mg/kg",1,"single",0.125,"day",0.066,1.046810282,0.462796127,0.926189343,-0.073,0.950659101,0.638277892,0.960311977,NA,NA,NA,NA
"1754","tg_rliver_single_acetazolamide_t1_c2","acetazolamide",2,200,"mg/kg",1,"single",0.125,"day",0.094,1.067325338,0.376007755,0.843219162,0.011,1.00765376,0.940016245,0.988519747,NA,NA,NA,NA
"1755","tg_rliver_single_acetazolamide_t1_c3","acetazolamide",3,600,"mg/kg",1,"single",0.125,"day",0.033,1.02313747,0.749718098,0.928584175,-0.132,0.912565489,0.334031008,0.735755307,NA,NA,NA,NA
"1756","tg_rliver_single_acetazolamide_t2_c1","acetazolamide",1,60,"mg/kg",2,"single",0.25,"day",-0.01,0.993092495,0.934806222,0.98810716,0.486,1.400556321,0.010713778,0.489091885,NA,NA,NA,NA
"1757","tg_rliver_single_acetazolamide_t2_c2","acetazolamide",2,200,"mg/kg",2,"single",0.25,"day",0.098,1.070288698,0.441783129,0.761480222,0.055,1.038859103,0.702994414,0.899497169,NA,NA,NA,NA
"1758","tg_rliver_single_acetazolamide_t2_c3","acetazolamide",3,600,"mg/kg",2,"single",0.25,"day",0.216,1.161508732,0.100387087,0.383886003,0.519,1.43296165,0.019465364,0.189406691,NA,NA,NA,NA
"1759","tg_rliver_single_acetazolamide_t3_c1","acetazolamide",1,60,"mg/kg",3,"single",0.375,"day",-0.086,0.942131274,0.406146028,0.994196557,-0.085,0.942784536,0.650277839,0.999153035,NA,NA,NA,NA
"1760","tg_rliver_single_acetazolamide_t3_c2","acetazolamide",2,200,"mg/kg",3,"single",0.375,"day",0.188,1.139183377,0.097924002,0.2613762,-0.082,0.944747041,0.599060899,0.753843996,NA,NA,NA,NA
"1761","tg_rliver_single_acetazolamide_t3_c3","acetazolamide",3,600,"mg/kg",3,"single",0.375,"day",0.029,1.020304659,0.784296971,0.958851426,-0.243,0.844986384,0.236139761,0.767183155,NA,NA,NA,NA
"1762","tg_rliver_single_acetazolamide_t4_c1","acetazolamide",1,60,"mg/kg",4,"single",1,"day",-0.536,0.689680461,0.032722725,0.797551467,-0.267,0.831045862,0.040828255,0.808236511,NA,NA,NA,NA
"1763","tg_rliver_single_acetazolamide_t4_c2","acetazolamide",2,200,"mg/kg",4,"single",1,"day",-0.578,0.669891801,0.023748289,0.231584756,-0.492,0.711038705,0.008078864,0.155915358,NA,NA,NA,NA
"1764","tg_rliver_single_acetazolamide_t4_c3","acetazolamide",3,600,"mg/kg",4,"single",1,"day",-0.751,0.594191553,0.011425996,0.145408453,-0.874,0.545631939,0.000530763,0.045095467,NA,NA,NA,NA
"1765","tg_rliver_single_adapin_t1_c1","adapin",1,100,"mg/kg",1,"single",0.125,"day",0.044,1.030968319,0.614934864,0.918480266,-0.159,0.89564567,0.136642557,0.714732122,NA,NA,NA,NA
"1766","tg_rliver_single_adapin_t1_c2","adapin",2,300,"mg/kg",1,"single",0.125,"day",0.01,1.00695555,0.894734203,0.980358048,0.038,1.026689546,0.680726099,0.922201315,NA,NA,NA,NA
"1767","tg_rliver_single_adapin_t2_c1","adapin",1,100,"mg/kg",2,"single",0.25,"day",-0.275,0.826450318,0.030988195,0.138402475,-0.236,0.849096246,0.25656211,0.428443965,NA,NA,NA,NA
"1768","tg_rliver_single_adapin_t2_c2","adapin",2,300,"mg/kg",2,"single",0.25,"day",-0.21,0.864537231,0.095739402,0.314994773,0.388,1.308578071,0.0317996,0.213129211,NA,NA,NA,NA
"1769","tg_rliver_single_adapin_t3_c1","adapin",1,100,"mg/kg",3,"single",0.375,"day",0.153,1.111879158,0.102639605,0.842809104,-0.214,0.862143545,0.256483522,0.858265453,NA,NA,NA,NA
"1770","tg_rliver_single_adapin_t3_c2","adapin",2,300,"mg/kg",3,"single",0.375,"day",-0.138,0.908778116,0.108612678,0.461405198,-0.496,0.709070018,0.004051957,0.109619937,NA,NA,NA,NA
"1771","tg_rliver_single_adapin_t4_c1","adapin",1,100,"mg/kg",4,"single",1,"day",0.29,1.222640278,0.006686333,0.438396876,-0.099,0.933679945,0.552207282,0.78628082,NA,NA,NA,NA
"1772","tg_rliver_single_adapin_t4_c2","adapin",2,300,"mg/kg",4,"single",1,"day",-0.137,0.909408252,0.26905704,0.442660608,-0.608,0.656105627,0.003423687,0.046271242,NA,NA,NA,NA
"1773","tg_rliver_single_aflatoxinb1_t4_c1","aflatoxin b1",1,1,"mg/kg",4,"single",1,"day",0.05,1.035264924,0.733959438,0.918388152,0.268,1.204137381,0.113319347,0.492182754,NA,NA,NA,NA
"1774","tg_rliver_single_aflatoxinb1_t4_c2","aflatoxin b1",2,3,"mg/kg",4,"single",1,"day",0.158,1.115739322,0.440708245,0.658745836,0.228,1.171210181,0.243599347,0.472285141,NA,NA,NA,NA
"1775","tg_rliver_single_aflatoxinb1_t4_c3","aflatoxin b1",3,10,"mg/kg",4,"single",1,"day",0.598,1.513616793,0.000119897,0.00066068,0.145,1.105730653,0.425962836,0.500325901,NA,NA,NA,NA
"1776","tg_rliver_single_ajmaline_t1_c1","ajmaline",1,30,"mg/kg",1,"single",0.125,"day",0.278,1.212512819,0.400231961,0.968170449,0.08,1.057018041,0.58089791,0.969491917,NA,NA,NA,NA
"1777","tg_rliver_single_ajmaline_t1_c2","ajmaline",2,100,"mg/kg",1,"single",0.125,"day",-0.128,0.915099168,0.124466561,0.761344372,0.192,1.142346247,0.36079781,0.876277175,"no","yes","no","no"
"1778","tg_rliver_single_ajmaline_t1_c3","ajmaline",3,300,"mg/kg",1,"single",0.125,"day",-0.125,0.917004043,0.130068369,0.601213789,0.158,1.115739322,0.421823177,0.832548725,NA,NA,NA,NA
"1779","tg_rliver_single_ajmaline_t2_c1","ajmaline",1,30,"mg/kg",2,"single",0.25,"day",-0.006,0.995849753,0.958743718,0.988783167,-1.107,0.464258426,0.001703537,0.368564503,NA,NA,NA,NA
"1780","tg_rliver_single_ajmaline_t2_c2","ajmaline",2,100,"mg/kg",2,"single",0.25,"day",-0.004,0.997231251,0.974894674,0.998025852,-0.704,0.613867842,0.015636773,0.390972675,NA,NA,NA,NA
"1781","tg_rliver_single_ajmaline_t2_c3","ajmaline",3,300,"mg/kg",2,"single",0.25,"day",-0.045,0.969289817,0.707815217,0.903859429,-0.469,0.722465199,0.081027519,0.447490401,"no","yes","no","no"
"1782","tg_rliver_single_ajmaline_t3_c1","ajmaline",1,30,"mg/kg",3,"single",0.375,"day",-0.226,0.855002178,0.068989969,0.815088179,-0.016,0.988970916,0.921684143,0.997012857,NA,NA,NA,NA
"1783","tg_rliver_single_ajmaline_t3_c2","ajmaline",2,100,"mg/kg",3,"single",0.375,"day",0.024,1.016774673,0.86794616,0.990569088,-0.192,0.87539133,0.135247959,0.814163239,NA,NA,NA,NA
"1784","tg_rliver_single_ajmaline_t3_c3","ajmaline",3,300,"mg/kg",3,"single",0.375,"day",-0.081,0.945402117,0.497975878,0.734533597,-0.147,0.90312651,0.279099832,0.548052009,NA,NA,NA,NA
"1785","tg_rliver_single_ajmaline_t4_c1","ajmaline",1,30,"mg/kg",4,"single",1,"day",-0.035,0.976031761,0.767231608,0.95943223,-0.26,0.835087919,0.290025825,0.840611794,"no","yes","no","no"
"1786","tg_rliver_single_ajmaline_t4_c2","ajmaline",2,100,"mg/kg",4,"single",1,"day",-0.029,0.980099415,0.810009814,0.997045769,-0.207,0.866336856,0.45461892,0.982235825,NA,NA,NA,NA
"1787","tg_rliver_single_ajmaline_t4_c3","ajmaline",3,300,"mg/kg",4,"single",1,"day",0.17,1.125058485,0.111154423,0.592285173,-0.339,0.790589117,0.117615646,0.601194575,NA,NA,NA,NA
"1788","tg_rliver_single_allopurinol_t1_c1","allopurinol",1,15,"mg/kg",1,"single",0.125,"day",0.064,1.0453601,0.591809716,0.999376143,0.223,1.167158102,0.198836641,0.999376143,NA,NA,NA,NA
"1789","tg_rliver_single_allopurinol_t1_c2","allopurinol",2,50,"mg/kg",1,"single",0.125,"day",0.061,1.043188594,0.634947268,0.988566872,0.004,1.002776436,0.975844537,0.997297799,NA,NA,NA,NA
"1790","tg_rliver_single_allopurinol_t1_c3","allopurinol",3,150,"mg/kg",1,"single",0.125,"day",0.057,1.040300267,0.615827909,0.933828065,0.11,1.079228237,0.526064731,0.917010035,NA,NA,NA,NA
"1791","tg_rliver_single_allopurinol_t2_c1","allopurinol",1,15,"mg/kg",2,"single",0.25,"day",0.131,1.095052471,0.485057446,0.999552738,0.062,1.043911927,0.817986215,0.999552738,"no","yes","no","no"
"1792","tg_rliver_single_allopurinol_t2_c2","allopurinol",2,50,"mg/kg",2,"single",0.25,"day",0.012,1.008352455,0.926326915,0.996294232,0.215,1.160703914,0.385540461,0.980978671,NA,NA,NA,NA
"1793","tg_rliver_single_allopurinol_t2_c3","allopurinol",3,150,"mg/kg",2,"single",0.25,"day",-0.068,0.953959551,0.641721529,0.954751441,0.124,1.089752112,0.63831933,0.954751441,NA,NA,NA,NA
"1794","tg_rliver_single_allopurinol_t3_c1","allopurinol",1,15,"mg/kg",3,"single",0.375,"day",-0.204,0.868140228,0.152611185,0.969929684,-0.093,0.937571096,0.678579188,0.990676077,NA,NA,NA,NA
"1795","tg_rliver_single_allopurinol_t3_c2","allopurinol",2,50,"mg/kg",3,"single",0.375,"day",-0.163,0.893165852,0.161266402,0.907251229,0.145,1.105730653,0.507798186,0.957281791,NA,NA,NA,NA
"1796","tg_rliver_single_allopurinol_t3_c3","allopurinol",3,150,"mg/kg",3,"single",0.375,"day",-0.302,0.811127156,0.031372755,0.432819769,-0.28,0.823591017,0.215979802,0.681507821,NA,NA,NA,NA
"1797","tg_rliver_single_allopurinol_t4_c1","allopurinol",1,15,"mg/kg",4,"single",1,"day",0.378,1.299539062,0.169351957,0.964093058,-0.052,0.964598185,0.836323395,0.995662372,NA,NA,NA,NA
"1798","tg_rliver_single_allopurinol_t4_c2","allopurinol",2,50,"mg/kg",4,"single",1,"day",0.333,1.25962998,0.089912947,0.811666201,0.32,1.248330549,0.2024659,0.854329258,NA,NA,NA,NA
"1799","tg_rliver_single_allopurinol_t4_c3","allopurinol",3,150,"mg/kg",4,"single",1,"day",0.105,1.07549439,0.466550689,0.790506899,-0.075,0.949342121,0.765807865,0.923298262,NA,NA,NA,NA
"1800","tg_rliver_single_allylalcohol_t1_c1","allyl alcohol",1,3,"mg/kg",1,"single",0.125,"day",0.146,1.106497353,0.259978485,0.84437231,-0.415,0.750019495,0.08712373,0.786368023,NA,NA,NA,NA
"1801","tg_rliver_single_allylalcohol_t1_c2","allyl alcohol",2,10,"mg/kg",1,"single",0.125,"day",0.204,1.151887642,0.040228595,0.967409244,-0.262,0.833931044,0.088376466,0.967409244,"no","yes","no","no"
"1802","tg_rliver_single_allylalcohol_t1_c3","allyl alcohol",3,30,"mg/kg",1,"single",0.125,"day",0.322,1.250062303,0.021443127,0.713203784,-0.118,0.921464186,0.615848719,0.934909372,"no","yes","no","no"
"1803","tg_rliver_single_allylalcohol_t2_c1","allyl alcohol",1,3,"mg/kg",2,"single",0.25,"day",-0.145,0.904379378,0.063265544,0.999469315,0.099,1.071030823,0.708845349,0.999469315,NA,NA,NA,NA
"1804","tg_rliver_single_allylalcohol_t2_c2","allyl alcohol",2,10,"mg/kg",2,"single",0.25,"day",0.033,1.02313747,0.678893114,0.999389427,0.357,1.280759861,0.163842236,0.977222698,NA,NA,NA,NA
"1805","tg_rliver_single_allylalcohol_t2_c3","allyl alcohol",3,30,"mg/kg",2,"single",0.25,"day",-0.06,0.959264119,0.598775605,0.936262563,0.055,1.038859103,0.844976563,0.976204043,"no","yes","no","no"
"1806","tg_rliver_single_allylalcohol_t3_c1","allyl alcohol",1,3,"mg/kg",3,"single",0.375,"day",0.027,1.018891197,0.7439809,0.980008811,-0.508,0.7031966,0.038145584,0.884464415,NA,NA,NA,NA
"1807","tg_rliver_single_allylalcohol_t3_c2","allyl alcohol",2,10,"mg/kg",3,"single",0.375,"day",0.027,1.018891197,0.76944926,0.939809468,-0.442,0.736113431,0.007373607,0.509955211,NA,NA,NA,NA
"1808","tg_rliver_single_allylalcohol_t3_c3","allyl alcohol",3,30,"mg/kg",3,"single",0.375,"day",0.34,1.265756594,0.002057749,0.152101803,-0.112,0.925304428,0.399105892,0.70635609,NA,NA,NA,NA
"1809","tg_rliver_single_allylalcohol_t4_c1","allyl alcohol",1,3,"mg/kg",4,"single",1,"day",-0.143,0.905633983,0.204703064,0.954969896,-0.162,0.893785162,0.517100455,0.961875232,NA,NA,NA,NA
"1810","tg_rliver_single_allylalcohol_t4_c2","allyl alcohol",2,10,"mg/kg",4,"single",1,"day",-0.063,0.957271458,0.558379719,0.941547501,-0.157,0.89688816,0.47801302,0.927112652,NA,NA,NA,NA
"1811","tg_rliver_single_allylalcohol_t4_c3","allyl alcohol",3,30,"mg/kg",4,"single",1,"day",0,1,0.998242727,0.999031398,0.214,1.159899655,0.314537287,0.837044945,"no","yes","no","no"
"1812","tg_rliver_single_amiodarone_t1_c1","amiodarone",1,200,"mg/kg",1,"single",0.125,"day",0.197,1.146312186,0.060609295,0.919012174,0.208,1.155085785,0.380450907,0.986903823,"no","yes","no","no"
"1813","tg_rliver_single_amiodarone_t1_c2","amiodarone",2,600,"mg/kg",1,"single",0.125,"day",-0.282,0.822450069,0.007269003,0.637097695,0.029,1.020304659,0.896818308,0.993295225,NA,NA,NA,NA
"1814","tg_rliver_single_amiodarone_t1_c3","amiodarone",3,2000,"mg/kg",1,"single",0.125,"day",-0.314,0.804408371,0.003827843,0.18005095,0.056,1.039579435,0.811154295,0.942667935,NA,NA,NA,NA
"1815","tg_rliver_single_amiodarone_t2_c1","amiodarone",1,200,"mg/kg",2,"single",0.25,"day",-0.18,0.882702996,0.154442308,0.999286605,-0.055,0.962594443,0.742801505,0.999286605,NA,NA,NA,NA
"1816","tg_rliver_single_amiodarone_t2_c2","amiodarone",2,600,"mg/kg",2,"single",0.25,"day",-0.011,0.992404375,0.907889713,0.998082452,0.266,1.202469249,0.167796401,0.912136766,NA,NA,NA,NA
"1817","tg_rliver_single_amiodarone_t2_c3","amiodarone",3,2000,"mg/kg",2,"single",0.25,"day",-0.12,0.920187651,0.336868487,0.78226172,-0.223,0.856781955,0.250732882,0.729949253,NA,NA,NA,NA
"1818","tg_rliver_single_amiodarone_t3_c1","amiodarone",1,200,"mg/kg",3,"single",0.375,"day",0.007,1.00486382,0.925318734,0.985364782,0.152,1.111108729,0.463567128,0.88423164,NA,NA,NA,NA
"1819","tg_rliver_single_amiodarone_t3_c2","amiodarone",2,600,"mg/kg",3,"single",0.375,"day",-0.286,0.820172911,0.047035556,0.549792429,0.009,1.006257823,0.967451114,0.996107991,NA,NA,NA,NA
"1820","tg_rliver_single_amiodarone_t3_c3","amiodarone",3,2000,"mg/kg",3,"single",0.375,"day",-0.117,0.922103118,0.13534097,0.706833379,0.168,1.123499903,0.401513373,0.855595956,NA,NA,NA,NA
"1821","tg_rliver_single_amiodarone_t4_c1","amiodarone",1,200,"mg/kg",4,"single",1,"day",0.078,1.055553718,0.355865693,0.7384342,-0.33,0.795536484,0.072548691,0.452876478,NA,NA,NA,NA
"1822","tg_rliver_single_amiodarone_t4_c2","amiodarone",2,600,"mg/kg",4,"single",1,"day",-0.115,0.923382311,0.131661276,0.540038068,-0.113,0.924663278,0.486107354,0.814655589,NA,NA,NA,NA
"1823","tg_rliver_single_amiodarone_t4_c3","amiodarone",3,2000,"mg/kg",4,"single",1,"day",-0.147,0.90312651,0.069306306,0.370759394,-0.191,0.875998315,0.489448861,0.791476295,"no","yes","no","no"
"1824","tg_rliver_single_amitriptyline_t1_c1","amitriptyline",1,15,"mg/kg",1,"single",0.125,"day",0.135,1.098092814,0.218724566,0.927459074,0.245,1.185092771,0.065064316,0.91902991,NA,NA,NA,NA
"1825","tg_rliver_single_amitriptyline_t1_c2","amitriptyline",2,50,"mg/kg",1,"single",0.125,"day",-0.019,0.986916546,0.839954259,0.999873599,0.23,1.172834949,0.095669284,0.999873599,"no","yes","no","no"
"1826","tg_rliver_single_amitriptyline_t1_c3","amitriptyline",3,150,"mg/kg",1,"single",0.125,"day",0.027,1.018891197,0.762122179,0.939500809,-0.022,0.984866443,0.868734791,0.968878657,"no","yes","no","no"
"1827","tg_rliver_single_amitriptyline_t2_c1","amitriptyline",1,15,"mg/kg",2,"single",0.25,"day",-0.024,0.983502074,0.866109095,0.999990675,-0.448,0.733058379,0.013405107,0.999990675,NA,NA,NA,NA
"1828","tg_rliver_single_amitriptyline_t2_c2","amitriptyline",2,50,"mg/kg",2,"single",0.25,"day",0.192,1.142346247,0.222342485,0.845628175,-0.054,0.963261894,0.701316624,0.95496284,NA,NA,NA,NA
"1829","tg_rliver_single_amitriptyline_t2_c3","amitriptyline",3,150,"mg/kg",2,"single",0.25,"day",0.211,1.157490217,0.114719649,0.473159712,0.278,1.212512819,0.125471929,0.488222805,NA,NA,NA,NA
"1830","tg_rliver_single_amitriptyline_t3_c1","amitriptyline",1,15,"mg/kg",3,"single",0.375,"day",-0.01,0.993092495,0.963955025,0.999652622,-0.289,0.818469182,0.020302606,0.984365099,NA,NA,NA,NA
"1831","tg_rliver_single_amitriptyline_t3_c2","amitriptyline",2,50,"mg/kg",3,"single",0.375,"day",-0.11,0.926588062,0.633321314,0.925181744,-0.193,0.874784765,0.150067181,0.709394064,NA,NA,NA,NA
"1832","tg_rliver_single_amitriptyline_t3_c3","amitriptyline",3,150,"mg/kg",3,"single",0.375,"day",-0.042,0.971307496,0.830421015,0.989543214,-0.063,0.957271458,0.5970142,0.969556304,"no","yes","no","no"
"1833","tg_rliver_single_amitriptyline_t4_c1","amitriptyline",1,15,"mg/kg",4,"single",1,"day",-0.49,0.712025098,0.018131027,0.9964795,-0.333,0.793883931,0.018845977,0.9964795,NA,NA,NA,NA
"1834","tg_rliver_single_amitriptyline_t4_c2","amitriptyline",2,50,"mg/kg",4,"single",1,"day",-0.231,0.852044095,0.138683559,0.917941383,-0.032,0.978063473,0.764707366,0.973248804,"no","yes","no","no"
"1835","tg_rliver_single_amitriptyline_t4_c3","amitriptyline",3,150,"mg/kg",4,"single",1,"day",-0.552,0.682073917,0.000790508,0.152848928,-0.384,0.76630998,0.005935056,0.255285219,NA,NA,NA,NA
"1836","tg_rliver_single_amphotericinb_t1_c1","amphotericin b",1,1,"mg/kg",1,"single",0.125,"day",0.11,1.079228237,0.555760918,0.98611469,0.304,1.234562607,0.21893391,0.985743974,NA,NA,NA,NA
"1837","tg_rliver_single_amphotericinb_t2_c1","amphotericin b",1,1,"mg/kg",2,"single",0.25,"day",-0.046,0.968618189,0.776369939,0.991012202,-0.177,0.884540435,0.680690047,0.988846023,NA,NA,NA,NA
"1838","tg_rliver_single_amphotericinb_t2_c2","amphotericin b",2,2,"mg/kg",2,"single",0.25,"day",0.291,1.223488041,0.173794271,0.374288929,0.061,1.043188594,0.871125049,0.92397476,NA,NA,NA,NA
"1839","tg_rliver_single_amphotericinb_t3_c1","amphotericin b",1,1,"mg/kg",3,"single",0.375,"day",-0.052,0.964598185,0.705016939,0.981088018,-0.074,0.950000383,0.748256983,0.983569079,NA,NA,NA,NA
"1840","tg_rliver_single_amphotericinb_t3_c2","amphotericin b",2,2,"mg/kg",3,"single",0.375,"day",-0.096,0.935623498,0.534803885,0.822433651,0.247,1.186736798,0.317490225,0.678837841,NA,NA,NA,NA
"1841","tg_rliver_single_amphotericinb_t4_c1","amphotericin b",1,1,"mg/kg",4,"single",1,"day",0.07,1.049716684,0.791505918,0.959196456,0.165,1.121166078,0.234710235,0.791586357,NA,NA,NA,NA
"1842","tg_rliver_single_amphotericinb_t4_c2","amphotericin b",2,2,"mg/kg",4,"single",1,"day",-0.261,0.834509281,0.149185925,0.62220697,0.098,1.070288698,0.401456792,0.798741347,NA,NA,NA,NA
"1843","tg_rliver_single_aspirin_t1_c1","aspirin",1,450,"mg/kg",1,"single",0.125,"day",-0.161,0.894404902,0.088818588,0.525134976,0.194,1.143930973,0.291341984,0.738192214,NA,NA,NA,NA
"1844","tg_rliver_single_aspirin_t1_c2","aspirin",2,1000,"mg/kg",1,"single",0.125,"day",-0.202,0.86934456,0.14691366,0.579699941,0.051,1.035982764,0.69089531,0.917674635,"no","yes","no","no"
"1845","tg_rliver_single_aspirin_t1_c3","aspirin",3,2000,"mg/kg",1,"single",0.125,"day",-0.113,0.924663278,0.27405291,0.599262853,-0.182,0.881480158,0.12665851,0.447454184,NA,NA,NA,NA
"1846","tg_rliver_single_aspirin_t2_c1","aspirin",1,450,"mg/kg",2,"single",0.25,"day",-0.025,0.982820599,0.812979164,0.956721981,-0.014,0.990342872,0.952242716,0.990510835,NA,NA,NA,NA
"1847","tg_rliver_single_aspirin_t2_c2","aspirin",2,1000,"mg/kg",2,"single",0.25,"day",-0.153,0.899378312,0.07964995,0.289927482,0.12,1.086734863,0.465296662,0.688044539,NA,NA,NA,NA
"1848","tg_rliver_single_aspirin_t2_c3","aspirin",3,2000,"mg/kg",2,"single",0.25,"day",-0.088,0.940826108,0.305381231,0.560482359,-0.194,0.87417862,0.060890605,0.251765488,NA,NA,NA,NA
"1849","tg_rliver_single_aspirin_t3_c1","aspirin",1,450,"mg/kg",3,"single",0.375,"day",0.26,1.197478705,0.131799988,0.620439537,-0.544,0.685866644,0.075759376,0.53341561,NA,NA,NA,NA
"1850","tg_rliver_single_aspirin_t3_c2","aspirin",2,1000,"mg/kg",3,"single",0.375,"day",0.205,1.152686347,0.231872856,0.753060822,-0.146,0.903752727,0.581688658,0.92959221,NA,NA,NA,NA
"1851","tg_rliver_single_aspirin_t3_c3","aspirin",3,2000,"mg/kg",3,"single",0.375,"day",0.101,1.072516617,0.519179438,0.835946528,-0.27,0.829319546,0.457788584,0.803820703,NA,NA,NA,NA
"1852","tg_rliver_single_aspirin_t4_c1","aspirin",1,450,"mg/kg",4,"single",1,"day",-0.271,0.828744904,0.016166949,0.297190333,0.1,1.071773463,0.604385009,0.909036963,NA,NA,NA,NA
"1853","tg_rliver_single_aspirin_t4_c2","aspirin",2,1000,"mg/kg",4,"single",1,"day",-0.195,0.873572896,0.091518247,0.466087448,-0.081,0.945402117,0.734725596,0.934033233,"no","yes","no","no"
"1854","tg_rliver_single_aspirin_t4_c3","aspirin",3,2000,"mg/kg",4,"single",1,"day",-0.388,0.76418826,0.004054,0.042859209,-0.175,0.885767519,0.489617506,0.748102076,"no","yes","no","no"
"1855","tg_rliver_single_azathioprine_t1_c1","azathioprine",1,3,"mg/kg",1,"single",0.125,"day",0.143,1.104198847,0.138040648,0.541126832,-0.279,0.824162085,0.04517914,0.436436218,NA,NA,NA,NA
"1856","tg_rliver_single_azathioprine_t1_c2","azathioprine",2,10,"mg/kg",1,"single",0.125,"day",-0.013,0.991029563,0.903414764,0.984386505,-0.22,0.858565436,0.113151022,0.660674049,NA,NA,NA,NA
"1857","tg_rliver_single_azathioprine_t1_c3","azathioprine",3,30,"mg/kg",1,"single",0.125,"day",0.009,1.006257823,0.92598888,0.979037033,-0.324,0.798851916,0.087214226,0.50174707,NA,NA,NA,NA
"1858","tg_rliver_single_azathioprine_t2_c1","azathioprine",1,3,"mg/kg",2,"single",0.25,"day",0.072,1.051172909,0.523589109,0.812890322,-0.482,0.715984371,0.002683619,0.283564384,NA,NA,NA,NA
"1859","tg_rliver_single_azathioprine_t2_c2","azathioprine",2,10,"mg/kg",2,"single",0.25,"day",-0.026,0.982139595,0.836107985,0.956400105,-0.253,0.839149637,0.045130441,0.377835593,NA,NA,NA,NA
"1860","tg_rliver_single_azathioprine_t2_c3","azathioprine",3,30,"mg/kg",2,"single",0.25,"day",-0.031,0.97874165,0.743389031,0.875233018,-0.165,0.891928519,0.380720586,0.626220091,NA,NA,NA,NA
"1861","tg_rliver_single_azathioprine_t3_c1","azathioprine",1,3,"mg/kg",3,"single",0.375,"day",0.144,1.104964485,0.232444222,0.826348295,-0.211,0.863938187,0.120338452,0.739328036,NA,NA,NA,NA
"1862","tg_rliver_single_azathioprine_t3_c2","azathioprine",2,10,"mg/kg",3,"single",0.375,"day",0.043,1.030253954,0.742889767,0.942752825,-0.06,0.959264119,0.709748888,0.933161069,NA,NA,NA,NA
"1863","tg_rliver_single_azathioprine_t3_c3","azathioprine",3,30,"mg/kg",3,"single",0.375,"day",0.094,1.067325338,0.415176737,0.749016874,-0.291,0.817335328,0.055673212,0.292239388,NA,NA,NA,NA
"1864","tg_rliver_single_azathioprine_t4_c1","azathioprine",1,3,"mg/kg",4,"single",1,"day",0.253,1.191682575,0.048580663,0.999699375,0.087,1.062159186,0.627306305,0.999699375,NA,NA,NA,NA
"1865","tg_rliver_single_azathioprine_t4_c2","azathioprine",2,10,"mg/kg",4,"single",1,"day",0.108,1.077733145,0.683072224,0.900087619,0.069,1.048989328,0.752875101,0.926237124,NA,NA,NA,NA
"1866","tg_rliver_single_azathioprine_t4_c3","azathioprine",3,30,"mg/kg",4,"single",1,"day",0.07,1.049716684,0.66441406,0.899363631,0.076,1.054091423,0.515516757,0.824708438,NA,NA,NA,NA
"1867","tg_rliver_single_bendazac_t1_c1","bendazac",1,100,"mg/kg",1,"single",0.125,"day",-0.003,0.997922719,0.98304557,0.99653074,0.054,1.038139271,0.707223627,0.945090056,NA,NA,NA,NA
"1868","tg_rliver_single_bendazac_t1_c2","bendazac",2,300,"mg/kg",1,"single",0.125,"day",-0.158,0.8962667,0.334487241,0.999963272,-0.083,0.944092419,0.44574455,0.999963272,"no","yes","no","no"
"1869","tg_rliver_single_bendazac_t1_c3","bendazac",3,1000,"mg/kg",1,"single",0.125,"day",0.061,1.043188594,0.644671949,0.906583855,0.012,1.008352455,0.918238691,0.983227382,NA,NA,NA,NA
"1870","tg_rliver_single_bendazac_t2_c1","bendazac",1,100,"mg/kg",2,"single",0.25,"day",-0.005,0.996540263,0.965396112,0.998994322,0.369,1.29145735,0.051431102,0.998994322,NA,NA,NA,NA
"1871","tg_rliver_single_bendazac_t2_c2","bendazac",2,300,"mg/kg",2,"single",0.25,"day",-0.106,0.929160674,0.652556789,0.999347402,0.312,1.241427492,0.389411717,0.991105298,"no","yes","no","no"
"1872","tg_rliver_single_bendazac_t2_c3","bendazac",3,1000,"mg/kg",2,"single",0.25,"day",0.172,1.126619228,0.168210136,0.591409047,0.07,1.049716684,0.550328489,0.844803037,"no","yes","no","no"
"1873","tg_rliver_single_bendazac_t3_c1","bendazac",1,100,"mg/kg",3,"single",0.375,"day",0.026,1.0181852,0.801087214,0.989412975,-0.427,0.743806881,0.062323778,0.922527142,NA,NA,NA,NA
"1874","tg_rliver_single_bendazac_t3_c2","bendazac",2,300,"mg/kg",3,"single",0.375,"day",-0.081,0.945402117,0.348963567,0.777371438,-0.387,0.764718139,0.134796151,0.600669427,NA,NA,NA,NA
"1875","tg_rliver_single_bendazac_t3_c3","bendazac",3,1000,"mg/kg",3,"single",0.375,"day",-0.215,0.86154616,0.069565828,0.376146776,-0.488,0.713012859,0.051974742,0.342418941,NA,NA,NA,NA
"1876","tg_rliver_single_bendazac_t4_c1","bendazac",1,100,"mg/kg",4,"single",1,"day",0.241,1.181811547,0.152331397,0.823227068,0.04,1.028113827,0.80729275,0.978883366,NA,NA,NA,NA
"1877","tg_rliver_single_bendazac_t4_c2","bendazac",2,300,"mg/kg",4,"single",1,"day",0.086,1.061423209,0.369845216,0.741387993,-0.221,0.85797053,0.332907034,0.717323388,"no","yes","no","no"
"1878","tg_rliver_single_bendazac_t4_c3","bendazac",3,1000,"mg/kg",4,"single",1,"day",-0.078,0.947370071,0.57123571,0.749068171,-0.965,0.512278412,0.000287755,0.004767629,NA,NA,NA,NA
"1879","tg_rliver_single_benzbromarone_t1_c1","benzbromarone",1,20,"mg/kg",1,"single",0.125,"day",0.067,1.047536127,0.669107764,0.984654099,0.026,1.0181852,0.852561227,0.9989555,NA,NA,NA,NA
"1880","tg_rliver_single_benzbromarone_t1_c2","benzbromarone",2,60,"mg/kg",1,"single",0.125,"day",0.151,1.110338834,0.361202824,0.797370112,0.502,1.416175438,0.041549559,0.49269427,NA,NA,NA,NA
"1881","tg_rliver_single_benzbromarone_t1_c3","benzbromarone",3,200,"mg/kg",1,"single",0.125,"day",0.262,1.199139914,0.213990026,0.622288768,0.165,1.121166078,0.291848813,0.683008304,NA,NA,NA,NA
"1882","tg_rliver_single_benzbromarone_t2_c1","benzbromarone",1,20,"mg/kg",2,"single",0.25,"day",0.071,1.050444544,0.36944695,0.97699977,-0.016,0.988970916,0.840543502,0.992292017,NA,NA,NA,NA
"1883","tg_rliver_single_benzbromarone_t2_c2","benzbromarone",2,60,"mg/kg",2,"single",0.25,"day",-0.043,0.97063447,0.675056086,0.95185504,0.044,1.030968319,0.719211172,0.960629992,NA,NA,NA,NA
"1884","tg_rliver_single_benzbromarone_t2_c3","benzbromarone",3,200,"mg/kg",2,"single",0.25,"day",0.101,1.072516617,0.157178973,0.618681301,-0.008,0.994470169,0.94879845,0.990363803,NA,NA,NA,NA
"1885","tg_rliver_single_benzbromarone_t3_c1","benzbromarone",1,20,"mg/kg",3,"single",0.375,"day",0.091,1.065108203,0.35628981,0.780529638,0.072,1.051172909,0.641927815,0.904136478,NA,NA,NA,NA
"1886","tg_rliver_single_benzbromarone_t3_c2","benzbromarone",2,60,"mg/kg",3,"single",0.375,"day",-0.197,0.872362706,0.115599191,0.722389746,-0.177,0.884540435,0.257471796,0.819228148,NA,NA,NA,NA
"1887","tg_rliver_single_benzbromarone_t3_c3","benzbromarone",3,200,"mg/kg",3,"single",0.375,"day",0.084,1.059952783,0.370498678,0.670197142,-0.044,0.96996191,0.780569056,0.918463877,NA,NA,NA,NA
"1888","tg_rliver_single_benzbromarone_t4_c1","benzbromarone",1,20,"mg/kg",4,"single",1,"day",-0.126,0.916368645,0.213423874,0.936229754,0.051,1.035982764,0.756922001,0.986838361,NA,NA,NA,NA
"1889","tg_rliver_single_benzbromarone_t4_c2","benzbromarone",2,60,"mg/kg",4,"single",1,"day",0.164,1.120389214,0.182403135,0.525450751,0.295,1.226884977,0.04239205,0.275567766,NA,NA,NA,NA
"1890","tg_rliver_single_benzbromarone_t4_c3","benzbromarone",3,200,"mg/kg",4,"single",1,"day",-0.177,0.884540435,0.173524989,0.392070244,0.077,1.054822317,0.780320427,0.893339765,NA,NA,NA,NA
"1891","tg_rliver_single_benziodarone_t1_c1","benziodarone",1,30,"mg/kg",1,"single",0.125,"day",0.162,1.118837101,0.23511387,0.996276084,0.07,1.049716684,0.818929849,0.996276084,NA,NA,NA,NA
"1892","tg_rliver_single_benziodarone_t1_c2","benziodarone",2,100,"mg/kg",1,"single",0.125,"day",0.002,1.001387256,0.989853238,0.999900606,-0.105,0.929804943,0.672312637,0.999900606,NA,NA,NA,NA
"1893","tg_rliver_single_benziodarone_t1_c3","benziodarone",3,300,"mg/kg",1,"single",0.125,"day",0.002,1.001387256,0.990920729,0.9999768,0.094,1.067325338,0.75263444,0.9999768,NA,NA,NA,NA
"1894","tg_rliver_single_benziodarone_t2_c1","benziodarone",1,30,"mg/kg",2,"single",0.25,"day",0.048,1.033830736,0.830925002,0.996002005,-0.107,0.928516852,0.742007267,0.991423566,NA,NA,NA,NA
"1895","tg_rliver_single_benziodarone_t2_c2","benziodarone",2,100,"mg/kg",2,"single",0.25,"day",-0.062,0.957935218,0.702843649,0.966627617,-0.138,0.908778116,0.64725193,0.962425981,NA,NA,NA,NA
"1896","tg_rliver_single_benziodarone_t2_c3","benziodarone",3,300,"mg/kg",2,"single",0.25,"day",0.05,1.035264924,0.785769819,0.904914434,-0.029,0.980099415,0.922983604,0.968291939,NA,NA,NA,NA
"1897","tg_rliver_single_benziodarone_t3_c1","benziodarone",1,30,"mg/kg",3,"single",0.375,"day",-0.032,0.978063473,0.804224679,0.973763181,-0.112,0.925304428,0.226431067,0.851151053,NA,NA,NA,NA
"1898","tg_rliver_single_benziodarone_t3_c2","benziodarone",2,100,"mg/kg",3,"single",0.375,"day",-0.288,0.819036698,0.026629635,0.278153927,-0.111,0.925946023,0.388239588,0.754495176,NA,NA,NA,NA
"1899","tg_rliver_single_benziodarone_t3_c3","benziodarone",3,300,"mg/kg",3,"single",0.375,"day",-0.206,0.866937564,0.104504341,0.369116218,0.163,1.119612889,0.258655657,0.574799621,NA,NA,NA,NA
"1900","tg_rliver_single_benziodarone_t4_c1","benziodarone",1,30,"mg/kg",4,"single",1,"day",-0.345,0.787307977,0.146786934,0.990230063,-0.1,0.933032992,0.461007594,0.990230063,"no","yes","no","no"
"1901","tg_rliver_single_benziodarone_t4_c2","benziodarone",2,100,"mg/kg",4,"single",1,"day",0.204,1.151887642,0.331343843,0.798202015,-0.092,0.938221197,0.502926012,0.883977139,NA,NA,NA,NA
"1902","tg_rliver_single_benziodarone_t4_c3","benziodarone",3,300,"mg/kg",4,"single",1,"day",0.032,1.022428531,0.893541152,0.973616079,-0.322,0.799960128,0.02791654,0.221680903,"no","yes","no","no"
"1903","tg_rliver_single_bortezomib_t1_c1","bortezomib",1,0.1,"mg/kg",1,"single",0.125,"day",-0.209,0.865136691,0.233484956,0.862302212,0.019,1.0132569,0.894363445,0.991745064,NA,NA,NA,NA
"1904","tg_rliver_single_bortezomib_t1_c2","bortezomib",2,0.3,"mg/kg",1,"single",0.125,"day",-0.074,0.950000383,0.607174323,0.781370318,0.437,1.353786279,0.009298275,0.247414755,NA,NA,NA,NA
"1905","tg_rliver_single_bortezomib_t1_c3","bortezomib",3,1,"mg/kg",1,"single",0.125,"day",0.015,1.010451446,0.890170339,0.931693345,0.36,1.283425898,0.085075864,0.165611496,NA,NA,NA,NA
"1906","tg_rliver_single_bortezomib_t2_c1","bortezomib",1,0.1,"mg/kg",2,"single",0.25,"day",-0.035,0.976031761,0.787216862,0.967197717,0.188,1.139183377,0.05676821,0.53627677,NA,NA,NA,NA
"1907","tg_rliver_single_bortezomib_t2_c2","bortezomib",2,0.3,"mg/kg",2,"single",0.25,"day",0.282,1.215879283,0.091550256,0.156561275,0.454,1.36983298,0.008469332,0.020703803,"yes","no","no","no"
"1908","tg_rliver_single_bortezomib_t2_c3","bortezomib",3,1,"mg/kg",2,"single",0.25,"day",0.395,1.31494276,0.001839818,0.005172724,-0.009,0.993781093,0.956134095,0.968295115,"yes","no","no","no"
"1909","tg_rliver_single_bortezomib_t3_c1","bortezomib",1,0.1,"mg/kg",3,"single",0.375,"day",0.025,1.017479692,0.783379378,0.967468663,-0.05,0.965936329,0.78011334,0.967468663,NA,NA,NA,NA
"1910","tg_rliver_single_bortezomib_t3_c2","bortezomib",2,0.3,"mg/kg",3,"single",0.375,"day",0.018,1.012554807,0.918469091,0.945091016,-0.474,0.719965659,0.001214566,0.004111701,NA,NA,NA,NA
"1911","tg_rliver_single_bortezomib_t3_c3","bortezomib",3,1,"mg/kg",3,"single",0.375,"day",0.214,1.159899655,0.059225631,0.098572617,-0.743,0.597495602,0.002262783,0.0056759,"yes","no","no","no"
"1912","tg_rliver_single_bortezomib_t4_c1","bortezomib",1,0.1,"mg/kg",4,"single",1,"day",-0.484,0.714992493,0.015737482,0.788864042,-0.05,0.965936329,0.782054336,0.974787111,NA,NA,NA,NA
"1913","tg_rliver_single_bortezomib_t4_c2","bortezomib",2,0.3,"mg/kg",4,"single",1,"day",-0.183,0.880869374,0.255992911,0.467696091,-0.489,0.712518807,0.003173365,0.038260261,NA,NA,NA,NA
"1914","tg_rliver_single_bortezomib_t4_c3","bortezomib",3,1,"mg/kg",4,"single",1,"day",0.491,1.4054187,0.043692533,0.092286154,-1.11,0.463294031,4.12189e-05,0.000890456,"yes","yes","no","no"
"1915","tg_rliver_single_bromobenzene_t1_c1","bromobenzene",1,30,"mg/kg",1,"single",0.125,"day",-0.132,0.912565489,0.3930578,0.913420177,-0.518,0.698339266,0.098489422,0.827917802,NA,NA,NA,NA
"1916","tg_rliver_single_bromobenzene_t1_c2","bromobenzene",2,100,"mg/kg",1,"single",0.125,"day",-0.458,0.727994774,0.01067877,0.576509738,-0.557,0.679714121,0.097448425,0.642007734,NA,NA,NA,NA
"1917","tg_rliver_single_bromobenzene_t1_c3","bromobenzene",3,300,"mg/kg",1,"single",0.125,"day",-0.214,0.862143545,0.167480143,0.787053532,-0.572,0.672683604,0.15074765,0.782533286,NA,NA,NA,NA
"1918","tg_rliver_single_bromobenzene_t2_c1","bromobenzene",1,30,"mg/kg",2,"single",0.25,"day",0.066,1.046810282,0.682412833,0.907307973,0.202,1.150291893,0.451383651,0.804194215,NA,NA,NA,NA
"1919","tg_rliver_single_bromobenzene_t2_c2","bromobenzene",2,100,"mg/kg",2,"single",0.25,"day",-0.08,0.946057647,0.298645586,0.691293502,-0.211,0.863938187,0.36330659,0.740701511,NA,NA,NA,NA
"1920","tg_rliver_single_bromobenzene_t2_c3","bromobenzene",3,300,"mg/kg",2,"single",0.25,"day",0.116,1.083725967,0.119919574,0.443189703,-0.137,0.909408252,0.576374557,0.825708722,NA,NA,NA,NA
"1921","tg_rliver_single_bromobenzene_t3_c1","bromobenzene",1,30,"mg/kg",3,"single",0.375,"day",-0.194,0.87417862,0.047409597,0.491847224,-0.398,0.758909626,0.427846567,0.841085506,NA,NA,NA,NA
"1922","tg_rliver_single_bromobenzene_t3_c2","bromobenzene",2,100,"mg/kg",3,"single",0.375,"day",-0.354,0.782411782,0.002900782,0.048581127,-0.886,0.541112322,0.041351511,0.196138169,NA,NA,NA,NA
"1923","tg_rliver_single_bromobenzene_t3_c3","bromobenzene",3,300,"mg/kg",3,"single",0.375,"day",0.085,1.060687741,0.324044921,0.623421134,0.208,1.155085785,0.665034302,0.85548264,NA,NA,NA,NA
"1924","tg_rliver_single_bromobenzene_t4_c1","bromobenzene",1,30,"mg/kg",4,"single",1,"day",0.24,1.180992661,0.180223433,0.769175648,-0.163,0.893165852,0.413177089,0.838034988,NA,NA,NA,NA
"1925","tg_rliver_single_bromobenzene_t4_c2","bromobenzene",2,100,"mg/kg",4,"single",1,"day",0.233,1.175276328,0.126990521,0.473193308,-0.536,0.689680461,0.009088224,0.147719751,NA,NA,NA,NA
"1926","tg_rliver_single_bromobenzene_t4_c3","bromobenzene",3,300,"mg/kg",4,"single",1,"day",0.864,1.820077648,0.000205238,0.00315999,-0.932,0.524131238,0.000964427,0.008448261,"no","yes","no","no"
"1927","tg_rliver_single_bromoethylamine_t1_c1","bromoethylamine",1,6,"mg/kg",1,"single",0.125,"day",0.094,1.067325338,0.535683082,0.99843399,-0.041,0.971980988,0.67162008,0.99843399,NA,NA,NA,NA
"1928","tg_rliver_single_bromoethylamine_t1_c2","bromoethylamine",2,20,"mg/kg",1,"single",0.125,"day",-0.042,0.971307496,0.663788922,0.922160489,0.322,1.250062303,0.003017769,0.165390521,NA,NA,NA,NA
"1929","tg_rliver_single_bromoethylamine_t1_c3","bromoethylamine",3,60,"mg/kg",1,"single",0.125,"day",-0.058,0.960594864,0.434433839,0.794618155,-0.005,0.996540263,0.96303277,0.990982838,NA,NA,NA,NA
"1930","tg_rliver_single_bromoethylamine_t2_c1","bromoethylamine",1,6,"mg/kg",2,"single",0.25,"day",0.281,1.215036792,0.011669035,0.662065248,0.332,1.258757174,0.03597149,0.67444239,NA,NA,NA,NA
"1931","tg_rliver_single_bromoethylamine_t2_c2","bromoethylamine",2,20,"mg/kg",2,"single",0.25,"day",0.001,1.000693387,0.990157347,0.997675354,0.146,1.106497353,0.141350608,0.564583095,NA,NA,NA,NA
"1932","tg_rliver_single_bromoethylamine_t2_c3","bromoethylamine",3,60,"mg/kg",2,"single",0.25,"day",0.082,1.058484395,0.359025687,0.671274346,-0.154,0.898755127,0.251876917,0.577095333,NA,NA,NA,NA
"1933","tg_rliver_single_bromoethylamine_t3_c1","bromoethylamine",1,6,"mg/kg",3,"single",0.375,"day",0.077,1.054822317,0.527840435,0.869082463,0.433,1.350037985,0.001438409,0.53956203,NA,NA,NA,NA
"1934","tg_rliver_single_bromoethylamine_t3_c2","bromoethylamine",2,20,"mg/kg",3,"single",0.375,"day",0.005,1.003471749,0.964116366,0.997795925,0.033,1.02313747,0.735076151,0.974070987,NA,NA,NA,NA
"1935","tg_rliver_single_bromoethylamine_t3_c3","bromoethylamine",3,60,"mg/kg",3,"single",0.375,"day",0.1,1.071773463,0.331319591,0.62903294,-0.218,0.859756486,0.084957188,0.306549933,NA,NA,NA,NA
"1936","tg_rliver_single_bromoethylamine_t4_c1","bromoethylamine",1,6,"mg/kg",4,"single",1,"day",0.139,1.101141598,0.209065792,0.997334132,0.16,1.117287138,0.22584045,0.997334132,NA,NA,NA,NA
"1937","tg_rliver_single_bromoethylamine_t4_c2","bromoethylamine",2,20,"mg/kg",4,"single",1,"day",-0.141,0.906890329,0.388984281,0.881625717,0.106,1.076240125,0.547911623,0.927839783,NA,NA,NA,NA
"1938","tg_rliver_single_bromoethylamine_t4_c3","bromoethylamine",3,60,"mg/kg",4,"single",1,"day",-0.023,0.984184022,0.869125119,0.961657286,-0.271,0.828744904,0.041188776,0.30222454,NA,NA,NA,NA
"1939","tg_rliver_single_bucetin_t1_c1","bucetin",1,300,"mg/kg",1,"single",0.125,"day",0.087,1.062159186,0.389708339,0.934014894,0.037,1.025978145,0.847873807,0.994678874,NA,NA,NA,NA
"1940","tg_rliver_single_bucetin_t1_c2","bucetin",2,1000,"mg/kg",1,"single",0.125,"day",-0.159,0.89564567,0.09374834,0.708796292,0.014,1.009751298,0.943532063,0.994556051,NA,NA,NA,NA
"1941","tg_rliver_single_bucetin_t1_c3","bucetin",3,2000,"mg/kg",1,"single",0.125,"day",-0.111,0.925946023,0.268416294,0.785863363,0.014,1.009751298,0.952581757,0.993756747,NA,NA,NA,NA
"1942","tg_rliver_single_bucetin_t2_c1","bucetin",1,300,"mg/kg",2,"single",0.25,"day",0.072,1.051172909,0.552127758,0.865913987,0.05,1.035264924,0.704700397,0.922760906,NA,NA,NA,NA
"1943","tg_rliver_single_bucetin_t2_c2","bucetin",2,1000,"mg/kg",2,"single",0.25,"day",0.299,1.230291345,0.066486118,0.411524235,-0.313,0.804966138,0.028184472,0.332796466,NA,NA,NA,NA
"1944","tg_rliver_single_bucetin_t2_c3","bucetin",3,2000,"mg/kg",2,"single",0.25,"day",0.008,1.00556058,0.935280763,0.996004964,-0.23,0.852634892,0.124852236,0.852977537,NA,NA,NA,NA
"1945","tg_rliver_single_bucetin_t3_c1","bucetin",1,300,"mg/kg",3,"single",0.375,"day",-0.122,0.918912883,0.325234594,0.871028259,-0.312,0.805524291,0.005730364,0.544699589,NA,NA,NA,NA
"1946","tg_rliver_single_bucetin_t3_c2","bucetin",2,1000,"mg/kg",3,"single",0.375,"day",-0.092,0.938221197,0.430493528,0.752444882,-0.284,0.821310701,0.029303317,0.277146593,NA,NA,NA,NA
"1947","tg_rliver_single_bucetin_t3_c3","bucetin",3,2000,"mg/kg",3,"single",0.375,"day",-0.224,0.856188285,0.164395234,0.533008041,-0.347,0.786217292,0.053063224,0.325719367,NA,NA,NA,NA
"1948","tg_rliver_single_bucetin_t4_c1","bucetin",1,300,"mg/kg",4,"single",1,"day",0.046,1.032398535,0.664129484,0.999812551,0,1,0.999300143,0.999942957,NA,NA,NA,NA
"1949","tg_rliver_single_bucetin_t4_c2","bucetin",2,1000,"mg/kg",4,"single",1,"day",0.149,1.108800644,0.233885474,0.540417831,-0.208,0.865736566,0.125456027,0.395289129,NA,NA,NA,NA
"1950","tg_rliver_single_bucetin_t4_c3","bucetin",3,2000,"mg/kg",4,"single",1,"day",-0.006,0.995849753,0.957320033,0.983433894,-0.345,0.787307977,0.006818896,0.055176828,NA,NA,NA,NA
"1951","tg_rliver_single_buthioninesulfoximine_t1_c1","buthionine sulfoximine",1,150,"mg/kg",1,"single",0.125,"day",-0.014,0.990342872,0.92209617,0.986686805,0.045,1.031683179,0.793344373,0.968970449,NA,NA,NA,NA
"1952","tg_rliver_single_buthioninesulfoximine_t1_c2","buthionine sulfoximine",2,450,"mg/kg",1,"single",0.125,"day",-0.068,0.953959551,0.665381616,0.968141188,0.085,1.060687741,0.722672467,0.974981286,NA,NA,NA,NA
"1953","tg_rliver_single_buthioninesulfoximine_t1_c3","buthionine sulfoximine",3,1500,"mg/kg",1,"single",0.125,"day",0.033,1.02313747,0.832400058,0.973823542,0.203,1.151089491,0.057558276,0.635131599,"no","yes","no","no"
"1954","tg_rliver_single_buthioninesulfoximine_t2_c1","buthionine sulfoximine",1,150,"mg/kg",2,"single",0.25,"day",-0.002,0.998614666,0.984102253,0.999234486,-0.13,0.91383145,0.659740608,0.999234486,NA,NA,NA,NA
"1955","tg_rliver_single_buthioninesulfoximine_t2_c2","buthionine sulfoximine",2,450,"mg/kg",2,"single",0.25,"day",0.147,1.107264584,0.246438001,0.629156992,-0.14,0.907519155,0.489510954,0.815110617,"no","yes","no","no"
"1956","tg_rliver_single_buthioninesulfoximine_t2_c3","buthionine sulfoximine",3,1500,"mg/kg",2,"single",0.25,"day",-0.072,0.951318276,0.507519249,0.956275903,-0.519,0.697855382,0.026037735,0.657563232,NA,NA,NA,NA
"1957","tg_rliver_single_buthioninesulfoximine_t3_c1","buthionine sulfoximine",1,150,"mg/kg",3,"single",0.375,"day",0.047,1.033114388,0.765135528,0.929259866,-0.13,0.91383145,0.546753111,0.839353366,NA,NA,NA,NA
"1958","tg_rliver_single_buthioninesulfoximine_t3_c2","buthionine sulfoximine",2,450,"mg/kg",3,"single",0.375,"day",-0.054,0.963261894,0.699114392,0.926169527,-0.267,0.831045862,0.254361241,0.690776033,"no","yes","no","no"
"1959","tg_rliver_single_buthioninesulfoximine_t3_c3","buthionine sulfoximine",3,1500,"mg/kg",3,"single",0.375,"day",-0.102,0.931740429,0.471168323,0.705361578,-0.291,0.817335328,0.205222195,0.484179829,NA,NA,NA,NA
"1960","tg_rliver_single_buthioninesulfoximine_t4_c1","buthionine sulfoximine",1,150,"mg/kg",4,"single",1,"day",-0.143,0.905633983,0.273904207,0.812897087,-0.124,0.917639882,0.49012692,0.882803016,NA,NA,NA,NA
"1961","tg_rliver_single_buthioninesulfoximine_t4_c2","buthionine sulfoximine",2,450,"mg/kg",4,"single",1,"day",-0.225,0.855595026,0.121111302,0.704551663,-0.111,0.925946023,0.600570677,0.92153334,NA,NA,NA,NA
"1962","tg_rliver_single_buthioninesulfoximine_t4_c3","buthionine sulfoximine",3,1500,"mg/kg",4,"single",1,"day",-0.078,0.947370071,0.571540038,0.945157953,-0.057,0.961260928,0.710959307,0.968378004,NA,NA,NA,NA
"1963","tg_rliver_single_butylatedhydroxyanisole_t1_c1","butylated hydroxyanisole",1,300,"mg/kg",1,"single",0.125,"day",-0.162,0.893785162,0.214520725,0.723060423,-0.105,0.929804943,0.623058925,0.906026627,NA,NA,NA,NA
"1964","tg_rliver_single_butylatedhydroxyanisole_t1_c2","butylated hydroxyanisole",2,1000,"mg/kg",1,"single",0.125,"day",-0.134,0.911301281,0.609711022,0.845562917,-0.357,0.780786493,0.070219016,0.354716522,NA,NA,NA,NA
"1965","tg_rliver_single_butylatedhydroxyanisole_t1_c3","butylated hydroxyanisole",3,2000,"mg/kg",1,"single",0.125,"day",-0.043,0.97063447,0.862503557,0.977162742,-0.013,0.991029563,0.950306291,0.991374913,NA,NA,NA,NA
"1966","tg_rliver_single_butylatedhydroxyanisole_t2_c1","butylated hydroxyanisole",1,300,"mg/kg",2,"single",0.25,"day",-0.129,0.914465089,0.288350081,0.657412468,-0.173,0.886996305,0.552436098,0.820558126,NA,NA,NA,NA
"1967","tg_rliver_single_butylatedhydroxyanisole_t2_c2","butylated hydroxyanisole",2,1000,"mg/kg",2,"single",0.25,"day",-0.082,0.944747041,0.511508912,0.77988458,0.234,1.17609125,0.430494873,0.723933811,NA,NA,NA,NA
"1968","tg_rliver_single_butylatedhydroxyanisole_t2_c3","butylated hydroxyanisole",3,2000,"mg/kg",2,"single",0.25,"day",-0.158,0.8962667,0.262534282,0.559813359,-0.149,0.901875378,0.631504997,0.833647701,NA,NA,NA,NA
"1969","tg_rliver_single_butylatedhydroxyanisole_t3_c1","butylated hydroxyanisole",1,300,"mg/kg",3,"single",0.375,"day",0.07,1.049716684,0.649707547,0.850642853,-0.181,0.882091365,0.135129837,0.457437903,NA,NA,NA,NA
"1970","tg_rliver_single_butylatedhydroxyanisole_t3_c2","butylated hydroxyanisole",2,1000,"mg/kg",3,"single",0.375,"day",0.002,1.001387256,0.9895843,0.993258145,-0.304,0.810003474,0.037525504,0.123832656,NA,NA,NA,NA
"1971","tg_rliver_single_butylatedhydroxyanisole_t3_c3","butylated hydroxyanisole",3,2000,"mg/kg",3,"single",0.375,"day",-0.012,0.991716731,0.933828946,0.956051688,-0.36,0.77916458,0.086645852,0.190253662,NA,NA,NA,NA
"1972","tg_rliver_single_butylatedhydroxyanisole_t4_c1","butylated hydroxyanisole",1,300,"mg/kg",4,"single",1,"day",0.125,1.090507733,0.323467579,0.599520783,-0.531,0.692074858,0.086256182,0.320248771,NA,NA,NA,NA
"1973","tg_rliver_single_butylatedhydroxyanisole_t4_c2","butylated hydroxyanisole",2,1000,"mg/kg",4,"single",1,"day",-0.118,0.921464186,0.432045321,0.538568572,-0.897,0.537002236,0.003182701,0.01714254,NA,NA,NA,NA
"1974","tg_rliver_single_butylatedhydroxyanisole_t4_c3","butylated hydroxyanisole",3,2000,"mg/kg",4,"single",1,"day",-0.068,0.953959551,0.524526919,0.651114306,-0.941,0.520871715,0.000262459,0.003171172,NA,NA,NA,NA
"1975","tg_rliver_single_caffeine_t1_c1","caffeine",1,10,"mg/kg",1,"single",0.125,"day",-0.211,0.863938187,0.1103394,0.799941533,-0.424,0.745355193,0.000750512,0.380977987,NA,NA,NA,NA
"1976","tg_rliver_single_caffeine_t1_c2","caffeine",2,30,"mg/kg",1,"single",0.125,"day",-0.126,0.916368645,0.235713065,0.788199146,-0.308,0.807760778,0.010128922,0.438289712,NA,NA,NA,NA
"1977","tg_rliver_single_caffeine_t1_c3","caffeine",3,100,"mg/kg",1,"single",0.125,"day",-0.275,0.826450318,0.025515999,0.278200262,-0.546,0.68491649,0.011122799,0.187180042,NA,NA,NA,NA
"1978","tg_rliver_single_caffeine_t2_c1","caffeine",1,10,"mg/kg",2,"single",0.25,"day",-0.031,0.97874165,0.852359333,0.993608242,-0.144,0.905006463,0.456134848,0.991876707,NA,NA,NA,NA
"1979","tg_rliver_single_caffeine_t2_c2","caffeine",2,30,"mg/kg",2,"single",0.25,"day",0.06,1.042465761,0.635990234,0.915957407,-0.348,0.785672517,0.034804372,0.433876852,NA,NA,NA,NA
"1980","tg_rliver_single_caffeine_t2_c3","caffeine",3,100,"mg/kg",2,"single",0.25,"day",-0.037,0.974679631,0.80578087,0.94439479,-0.18,0.882702996,0.135940327,0.498602927,NA,NA,NA,NA
"1981","tg_rliver_single_caffeine_t3_c1","caffeine",1,10,"mg/kg",3,"single",0.375,"day",0.134,1.097331938,0.222018682,0.770250868,-0.202,0.86934456,0.044994861,0.684031904,NA,NA,NA,NA
"1982","tg_rliver_single_caffeine_t3_c2","caffeine",2,30,"mg/kg",3,"single",0.375,"day",0.013,1.009051634,0.906151186,0.99657336,0.139,1.101141598,0.286353808,0.959977857,NA,NA,NA,NA
"1983","tg_rliver_single_caffeine_t3_c3","caffeine",3,100,"mg/kg",3,"single",0.375,"day",-0.125,0.917004043,0.174981171,0.488027948,-0.533,0.691116103,0.000272613,0.037798887,NA,NA,NA,NA
"1984","tg_rliver_single_caffeine_t4_c1","caffeine",1,10,"mg/kg",4,"single",1,"day",0.061,1.043188594,0.606356599,0.966113283,0.32,1.248330549,0.093322049,0.896549821,NA,NA,NA,NA
"1985","tg_rliver_single_caffeine_t4_c2","caffeine",2,30,"mg/kg",4,"single",1,"day",-0.173,0.886996305,0.195477093,0.655384459,0.095,1.068065408,0.5534467,0.855280061,NA,NA,NA,NA
"1986","tg_rliver_single_caffeine_t4_c3","caffeine",3,100,"mg/kg",4,"single",1,"day",-0.08,0.946057647,0.598013467,0.83788956,-0.242,0.845572287,0.253249459,0.612528721,NA,NA,NA,NA
"1987","tg_rliver_single_captopril_t1_c1","captopril",1,100,"mg/kg",1,"single",0.125,"day",-0.521,0.696888619,0.005347144,0.995892455,-0.663,0.631563631,0.00050367,0.701814236,NA,NA,NA,NA
"1988","tg_rliver_single_captopril_t1_c2","captopril",2,300,"mg/kg",1,"single",0.125,"day",-0.118,0.921464186,0.587609723,0.973020054,-0.452,0.731028724,0.002212307,0.970342235,NA,NA,NA,NA
"1989","tg_rliver_single_captopril_t1_c3","captopril",3,1000,"mg/kg",1,"single",0.125,"day",-0.402,0.756808396,0.043614654,0.931992677,-0.557,0.679714121,0.010726637,0.799565683,NA,NA,NA,NA
"1990","tg_rliver_single_captopril_t2_c1","captopril",1,100,"mg/kg",2,"single",0.25,"day",-0.054,0.963261894,0.768112636,0.999026618,-0.055,0.962594443,0.862806779,0.999026618,"no","yes","no","no"
"1991","tg_rliver_single_captopril_t2_c2","captopril",2,300,"mg/kg",2,"single",0.25,"day",-0.209,0.865136691,0.288813693,0.961684421,-0.262,0.833931044,0.166925952,0.960873713,NA,NA,NA,NA
"1992","tg_rliver_single_captopril_t2_c3","captopril",3,1000,"mg/kg",2,"single",0.25,"day",-0.031,0.97874165,0.881549544,0.982891411,-0.537,0.689202576,0.014390322,0.453107557,"no","yes","no","no"
"1993","tg_rliver_single_captopril_t3_c1","captopril",1,100,"mg/kg",3,"single",0.375,"day",-0.073,0.950659101,0.601151545,0.993921036,-0.18,0.882702996,0.09440053,0.978548874,NA,NA,NA,NA
"1994","tg_rliver_single_captopril_t3_c2","captopril",2,300,"mg/kg",3,"single",0.375,"day",-0.02,0.986232704,0.880018454,0.985518323,-0.585,0.666649339,0.031878746,0.756240082,NA,NA,NA,NA
"1995","tg_rliver_single_captopril_t3_c3","captopril",3,1000,"mg/kg",3,"single",0.375,"day",-0.188,0.877821798,0.095544195,0.671746671,-0.04,0.972654947,0.805983377,0.963754284,NA,NA,NA,NA
"1996","tg_rliver_single_captopril_t4_c1","captopril",1,100,"mg/kg",4,"single",1,"day",0.023,1.016070143,0.8823332,0.994951121,0.048,1.033830736,0.789725334,0.994061638,NA,NA,NA,NA
"1997","tg_rliver_single_captopril_t4_c2","captopril",2,300,"mg/kg",4,"single",1,"day",-0.077,0.948026965,0.614247098,0.982318577,-0.122,0.918912883,0.546748827,0.979904417,NA,NA,NA,NA
"1998","tg_rliver_single_captopril_t4_c3","captopril",3,1000,"mg/kg",4,"single",1,"day",0.286,1.219255094,0.072101057,0.928890437,0.015,1.010451446,0.928710129,0.994239529,NA,NA,NA,NA
"1999","tg_rliver_single_carbamazepine_t1_c1","carbamazepine",1,30,"mg/kg",1,"single",0.125,"day",-0.109,0.927230546,0.445068728,0.999712602,0.214,1.159899655,0.414828112,0.999712602,NA,NA,NA,NA
"2000","tg_rliver_single_carbamazepine_t1_c2","carbamazepine",2,100,"mg/kg",1,"single",0.125,"day",0.075,1.053361036,0.62253608,0.942440122,0.539,1.45296505,0.014190024,0.765174324,NA,NA,NA,NA
"2001","tg_rliver_single_carbamazepine_t1_c3","carbamazepine",3,300,"mg/kg",1,"single",0.125,"day",-0.003,0.997922719,0.973495173,0.995715712,0.478,1.392811481,0.140723442,0.632486666,NA,NA,NA,NA
"2002","tg_rliver_single_carbamazepine_t2_c1","carbamazepine",1,30,"mg/kg",2,"single",0.25,"day",-0.226,0.855002178,0.332260858,0.923138905,-0.054,0.963261894,0.842359774,0.983114706,"no","yes","no","no"
"2003","tg_rliver_single_carbamazepine_t2_c2","carbamazepine",2,100,"mg/kg",2,"single",0.25,"day",-0.107,0.928516852,0.61857282,0.976405496,0.062,1.043911927,0.764424874,0.9844402,NA,NA,NA,NA
"2004","tg_rliver_single_carbamazepine_t2_c3","carbamazepine",3,300,"mg/kg",2,"single",0.25,"day",0.159,1.116512962,0.501112198,0.945445453,0.727,1.655193632,0.051116462,0.67963433,NA,NA,NA,NA
"2005","tg_rliver_single_carbamazepine_t3_c1","carbamazepine",1,30,"mg/kg",3,"single",0.375,"day",0.053,1.037419937,0.744251624,0.893643133,0.219,1.163926534,0.448392332,0.718834181,NA,NA,NA,NA
"2006","tg_rliver_single_carbamazepine_t3_c2","carbamazepine",2,100,"mg/kg",3,"single",0.375,"day",-0.189,0.877213549,0.217836661,0.571518742,-0.019,0.986916546,0.952483644,0.98608514,NA,NA,NA,NA
"2007","tg_rliver_single_carbamazepine_t3_c3","carbamazepine",3,300,"mg/kg",3,"single",0.375,"day",0.063,1.044635763,0.676851932,0.871971923,0.116,1.083725967,0.658249108,0.86170579,NA,NA,NA,NA
"2008","tg_rliver_single_carbamazepine_t4_c1","carbamazepine",1,30,"mg/kg",4,"single",1,"day",0.057,1.040300267,0.616868635,0.979530547,0.306,1.236275261,0.317583502,0.947037491,NA,NA,NA,NA
"2009","tg_rliver_single_carbamazepine_t4_c2","carbamazepine",2,100,"mg/kg",4,"single",1,"day",0.266,1.202469249,0.092506448,0.511238126,0.077,1.054822317,0.68826998,0.905071422,NA,NA,NA,NA
"2010","tg_rliver_single_carbamazepine_t4_c3","carbamazepine",3,300,"mg/kg",4,"single",1,"day",0.176,1.129747215,0.215556569,0.478579547,-0.624,0.648869383,0.002425872,0.029001298,NA,NA,NA,NA
"2011","tg_rliver_single_carbontetrachloride_t1_c1","carbon tetrachloride",1,30,"mg/kg",1,"single",0.125,"day",0.285,1.218410264,0.047468111,0.392950081,0.463,1.378405153,0.202870098,0.568491924,NA,NA,NA,NA
"2012","tg_rliver_single_carbontetrachloride_t1_c2","carbon tetrachloride",2,100,"mg/kg",1,"single",0.125,"day",-0.08,0.946057647,0.479038733,0.883245328,-0.308,0.807760778,0.310449483,0.810530841,NA,NA,NA,NA
"2013","tg_rliver_single_carbontetrachloride_t1_c3","carbon tetrachloride",3,300,"mg/kg",1,"single",0.125,"day",-0.049,0.966606097,0.707572336,0.876539201,-0.164,0.892546971,0.563431974,0.801680907,NA,NA,NA,NA
"2014","tg_rliver_single_carbontetrachloride_t2_c1","carbon tetrachloride",1,30,"mg/kg",2,"single",0.25,"day",0.15,1.109569472,0.138798159,0.999692043,-0.257,0.836826243,0.464640644,0.999692043,NA,NA,NA,NA
"2015","tg_rliver_single_carbontetrachloride_t2_c2","carbon tetrachloride",2,100,"mg/kg",2,"single",0.25,"day",0.117,1.084477409,0.256009404,0.767401346,-0.418,0.748461493,0.262164926,0.771490196,NA,NA,NA,NA
"2016","tg_rliver_single_carbontetrachloride_t2_c3","carbon tetrachloride",3,300,"mg/kg",2,"single",0.25,"day",0.362,1.285206337,0.020040901,0.334031005,-0.215,0.86154616,0.600108185,0.909876144,NA,NA,NA,NA
"2017","tg_rliver_single_carbontetrachloride_t3_c1","carbon tetrachloride",1,30,"mg/kg",3,"single",0.375,"day",-0.25,0.840896415,0.069872694,0.999572248,-0.002,0.998614666,0.993311141,0.999572248,NA,NA,NA,NA
"2018","tg_rliver_single_carbontetrachloride_t3_c2","carbon tetrachloride",2,100,"mg/kg",3,"single",0.375,"day",-0.137,0.909408252,0.249344773,0.850727246,-0.047,0.967947027,0.803505298,0.971782874,NA,NA,NA,NA
"2019","tg_rliver_single_carbontetrachloride_t3_c3","carbon tetrachloride",3,300,"mg/kg",3,"single",0.375,"day",-0.311,0.806082831,0.019393819,0.422900589,-0.21,0.864537231,0.221938131,0.7838975,NA,NA,NA,NA
"2020","tg_rliver_single_carbontetrachloride_t4_c1","carbon tetrachloride",1,30,"mg/kg",4,"single",1,"day",-0.056,0.961927455,0.593464218,0.949421617,0.191,1.141554707,0.478177156,0.926138859,NA,NA,NA,NA
"2021","tg_rliver_single_carbontetrachloride_t4_c2","carbon tetrachloride",2,100,"mg/kg",4,"single",1,"day",-0.145,0.904379378,0.263370173,0.778073558,0.182,1.134455485,0.13069676,0.647085526,NA,NA,NA,NA
"2022","tg_rliver_single_carbontetrachloride_t4_c3","carbon tetrachloride",3,300,"mg/kg",4,"single",1,"day",-0.074,0.950000383,0.594159119,0.897063883,0.113,1.081474763,0.59295367,0.896799788,NA,NA,NA,NA
"2023","tg_rliver_single_carboplatin_t1_c1","carboplatin",1,10,"mg/kg",1,"single",0.125,"day",0.118,1.085229372,0.382044693,0.999697267,-0.115,0.923382311,0.250963402,0.999697267,NA,NA,NA,NA
"2024","tg_rliver_single_carboplatin_t1_c2","carboplatin",2,30,"mg/kg",1,"single",0.125,"day",-0.041,0.971980988,0.793376423,0.999565577,-0.089,0.940174203,0.277453163,0.999565577,NA,NA,NA,NA
"2025","tg_rliver_single_carboplatin_t1_c3","carboplatin",3,100,"mg/kg",1,"single",0.125,"day",-0.153,0.899378312,0.404420919,0.797234008,-0.105,0.929804943,0.437043069,0.814901395,NA,NA,NA,NA
"2026","tg_rliver_single_carboplatin_t2_c1","carboplatin",1,10,"mg/kg",2,"single",0.25,"day",-0.044,0.96996191,0.611502602,0.993076099,0.218,1.163120042,0.357636489,0.989590255,NA,NA,NA,NA
"2027","tg_rliver_single_carboplatin_t2_c2","carboplatin",2,30,"mg/kg",2,"single",0.25,"day",0.158,1.115739322,0.183644705,0.969156278,0.068,1.048262476,0.729320613,0.994837881,NA,NA,NA,NA
"2028","tg_rliver_single_carboplatin_t2_c3","carboplatin",3,100,"mg/kg",2,"single",0.25,"day",0.025,1.017479692,0.785118639,0.987860056,-0.035,0.976031761,0.896965566,0.997671841,NA,NA,NA,NA
"2029","tg_rliver_single_carboplatin_t3_c1","carboplatin",1,10,"mg/kg",3,"single",0.375,"day",-0.04,0.972654947,0.667406271,0.991175554,0.04,1.028113827,0.712353777,0.991175554,NA,NA,NA,NA
"2030","tg_rliver_single_carboplatin_t3_c2","carboplatin",2,30,"mg/kg",3,"single",0.375,"day",-0.274,0.827023368,0.130139311,0.960367366,0.205,1.152686347,0.437593023,0.995502312,NA,NA,NA,NA
"2031","tg_rliver_single_carboplatin_t3_c3","carboplatin",3,100,"mg/kg",3,"single",0.375,"day",-0.187,0.878430468,0.082230582,0.466207464,0.116,1.083725967,0.320574847,0.713674695,NA,NA,NA,NA
"2032","tg_rliver_single_carboplatin_t4_c1","carboplatin",1,10,"mg/kg",4,"single",1,"day",0.067,1.047536127,0.514420812,0.997924436,-0.096,0.935623498,0.562608375,0.997924436,NA,NA,NA,NA
"2033","tg_rliver_single_carboplatin_t4_c2","carboplatin",2,30,"mg/kg",4,"single",1,"day",-0.031,0.97874165,0.766488804,0.975680656,0.156,1.114193651,0.093854685,0.90264013,NA,NA,NA,NA
"2034","tg_rliver_single_carboplatin_t4_c3","carboplatin",3,100,"mg/kg",4,"single",1,"day",0.048,1.033830736,0.682742884,0.951791366,-0.197,0.872362706,0.084405709,0.716644726,NA,NA,NA,NA
"2035","tg_rliver_single_cephalothin_t1_c1","cephalothin",1,300,"mg/kg",1,"single",0.125,"day",-0.174,0.886381699,0.106742587,0.744475107,-0.389,0.763658749,0.040176664,0.691362666,NA,NA,NA,NA
"2036","tg_rliver_single_cephalothin_t1_c2","cephalothin",2,1000,"mg/kg",1,"single",0.125,"day",-0.068,0.953959551,0.557664133,0.915369577,-0.036,0.975355462,0.822720688,0.977221897,NA,NA,NA,NA
"2037","tg_rliver_single_cephalothin_t1_c3","cephalothin",3,2000,"mg/kg",1,"single",0.125,"day",-0.48,0.716977624,0.007590708,0.46267599,0.043,1.030253954,0.847368673,0.996777353,NA,NA,NA,NA
"2038","tg_rliver_single_cephalothin_t2_c1","cephalothin",1,300,"mg/kg",2,"single",0.25,"day",0.192,1.142346247,0.284211669,0.857277945,-0.284,0.821310701,0.228871009,0.857277945,NA,NA,NA,NA
"2039","tg_rliver_single_cephalothin_t2_c2","cephalothin",2,1000,"mg/kg",2,"single",0.25,"day",0.176,1.129747215,0.395113636,0.999883209,0.073,1.051901779,0.730844762,0.999883209,NA,NA,NA,NA
"2040","tg_rliver_single_cephalothin_t2_c3","cephalothin",3,2000,"mg/kg",2,"single",0.25,"day",0.206,1.153485605,0.270982284,0.81027192,-0.457,0.728499557,0.046696927,0.5778641,NA,NA,NA,NA
"2041","tg_rliver_single_cephalothin_t3_c1","cephalothin",1,300,"mg/kg",3,"single",0.375,"day",-0.315,0.803850991,0.003582353,0.593484151,0.08,1.057018041,0.507293107,0.933793746,NA,NA,NA,NA
"2042","tg_rliver_single_cephalothin_t3_c2","cephalothin",2,1000,"mg/kg",3,"single",0.375,"day",-0.251,0.840313752,0.031934816,0.298067848,-0.302,0.811127156,0.00741729,0.184979117,NA,NA,NA,NA
"2043","tg_rliver_single_cephalothin_t3_c3","cephalothin",3,2000,"mg/kg",3,"single",0.375,"day",-0.202,0.86934456,0.081513016,0.472001453,-0.112,0.925304428,0.289012309,0.711878649,NA,NA,NA,NA
"2044","tg_rliver_single_cephalothin_t4_c1","cephalothin",1,300,"mg/kg",4,"single",1,"day",-0.03,0.979420298,0.810093171,0.998525895,-0.171,0.888226796,0.055479845,0.998525895,NA,NA,NA,NA
"2045","tg_rliver_single_cephalothin_t4_c2","cephalothin",2,1000,"mg/kg",4,"single",1,"day",-0.138,0.908778116,0.26355148,0.882418905,-0.296,0.814507563,0.116479348,0.804262082,NA,NA,NA,NA
"2046","tg_rliver_single_cephalothin_t4_c3","cephalothin",3,2000,"mg/kg",4,"single",1,"day",-0.254,0.838568184,0.009038605,0.247199766,0.026,1.0181852,0.823478018,0.955558186,NA,NA,NA,NA
"2047","tg_rliver_single_chloramphenicol_t1_c1","chloramphenicol",1,100,"mg/kg",1,"single",0.125,"day",0.005,1.003471749,0.971574326,0.999987565,0.203,1.151089491,0.066931962,0.999987565,"no","yes","no","no"
"2048","tg_rliver_single_chloramphenicol_t1_c2","chloramphenicol",2,300,"mg/kg",1,"single",0.125,"day",-0.108,0.927873476,0.384604684,0.977156141,0.06,1.042465761,0.444029971,0.981925664,NA,NA,NA,NA
"2049","tg_rliver_single_chloramphenicol_t1_c3","chloramphenicol",3,1000,"mg/kg",1,"single",0.125,"day",-0.106,0.929160674,0.513059671,0.910721036,-0.092,0.938221197,0.616235896,0.933532395,NA,NA,NA,NA
"2050","tg_rliver_single_chloramphenicol_t2_c1","chloramphenicol",1,100,"mg/kg",2,"single",0.25,"day",0.078,1.055553718,0.42390085,0.757455045,0.074,1.052631155,0.767958733,0.91993582,"no","yes","no","no"
"2051","tg_rliver_single_chloramphenicol_t2_c2","chloramphenicol",2,300,"mg/kg",2,"single",0.25,"day",-0.129,0.914465089,0.174898551,0.975621099,0.179,1.132098902,0.452335288,0.994986472,NA,NA,NA,NA
"2052","tg_rliver_single_chloramphenicol_t2_c3","chloramphenicol",3,1000,"mg/kg",2,"single",0.25,"day",-0.035,0.976031761,0.708231993,0.87541068,-0.015,0.989656656,0.952430925,0.982249464,"no","yes","no","no"
"2053","tg_rliver_single_chloramphenicol_t3_c1","chloramphenicol",1,100,"mg/kg",3,"single",0.375,"day",-0.028,0.980779004,0.621946195,0.996857597,-0.081,0.945402117,0.565639028,0.996857597,NA,NA,NA,NA
"2054","tg_rliver_single_chloramphenicol_t3_c2","chloramphenicol",2,300,"mg/kg",3,"single",0.375,"day",-0.032,0.978063473,0.629075296,0.939886743,-0.416,0.749499801,0.034570935,0.556891803,"no","yes","no","no"
"2055","tg_rliver_single_chloramphenicol_t3_c3","chloramphenicol",3,1000,"mg/kg",3,"single",0.375,"day",0.003,1.002081605,0.959619552,0.986306727,0.033,1.02313747,0.829599782,0.942413449,"no","yes","no","no"
"2056","tg_rliver_single_chloramphenicol_t4_c1","chloramphenicol",1,100,"mg/kg",4,"single",1,"day",-0.061,0.958599438,0.479719839,0.908949719,0.221,1.165541198,0.021853514,0.491516272,NA,NA,NA,NA
"2057","tg_rliver_single_chloramphenicol_t4_c2","chloramphenicol",2,300,"mg/kg",4,"single",1,"day",-0.067,0.954621014,0.345019572,0.856213224,0.122,1.088242442,0.296564295,0.841389585,"no","yes","no","no"
"2058","tg_rliver_single_chloramphenicol_t4_c3","chloramphenicol",3,1000,"mg/kg",4,"single",1,"day",-0.251,0.840313752,0.005141926,0.085498325,-0.226,0.855002178,0.014304154,0.136703756,NA,NA,NA,NA
"2059","tg_rliver_single_chlormadinone_t1_c1","chlormadinone",1,300,"mg/kg",1,"single",0.125,"day",-0.439,0.737645729,0.003303361,0.137400085,-0.308,0.807760778,0.028239608,0.338641957,NA,NA,NA,NA
"2060","tg_rliver_single_chlormadinone_t1_c2","chlormadinone",2,1000,"mg/kg",1,"single",0.125,"day",-0.027,0.981459064,0.841423505,0.97289811,-0.184,0.880259014,0.13749341,0.632705805,NA,NA,NA,NA
"2061","tg_rliver_single_chlormadinone_t1_c3","chlormadinone",3,2000,"mg/kg",1,"single",0.125,"day",-0.504,0.70514898,0.008444317,0.140409436,-0.256,0.837406488,0.044274238,0.315558685,NA,NA,NA,NA
"2062","tg_rliver_single_chlormadinone_t2_c1","chlormadinone",1,300,"mg/kg",2,"single",0.25,"day",0.029,1.020304659,0.746078623,0.911118276,0.057,1.040300267,0.728443055,0.901442502,NA,NA,NA,NA
"2063","tg_rliver_single_chlormadinone_t2_c2","chlormadinone",2,1000,"mg/kg",2,"single",0.25,"day",0.103,1.074004472,0.326515541,0.641957598,0.151,1.110338834,0.402777345,0.706305,NA,NA,NA,NA
"2064","tg_rliver_single_chlormadinone_t2_c3","chlormadinone",3,2000,"mg/kg",2,"single",0.25,"day",-0.076,0.948684315,0.367957426,0.644515246,-0.184,0.880259014,0.203186443,0.4802714,NA,NA,NA,NA
"2065","tg_rliver_single_chlormadinone_t3_c1","chlormadinone",1,300,"mg/kg",3,"single",0.375,"day",-0.113,0.924663278,0.422180371,0.703934087,-0.073,0.950659101,0.743548592,0.8984271,NA,NA,NA,NA
"2066","tg_rliver_single_chlormadinone_t3_c2","chlormadinone",2,1000,"mg/kg",3,"single",0.375,"day",-0.107,0.928516852,0.380194572,0.615860401,-0.496,0.709070018,0.025201902,0.128062421,NA,NA,NA,NA
"2067","tg_rliver_single_chlormadinone_t3_c3","chlormadinone",3,2000,"mg/kg",3,"single",0.375,"day",0.01,1.00695555,0.92844071,0.96789562,-0.406,0.754712984,0.04009229,0.181143308,NA,NA,NA,NA
"2068","tg_rliver_single_chlormadinone_t4_c1","chlormadinone",1,300,"mg/kg",4,"single",1,"day",-0.458,0.727994774,0.102399943,0.416969253,-0.267,0.831045862,0.031685045,0.281204489,NA,NA,NA,NA
"2069","tg_rliver_single_chlormadinone_t4_c2","chlormadinone",2,1000,"mg/kg",4,"single",1,"day",-0.127,0.915733686,0.620945594,0.87655558,-0.296,0.814507563,0.00532732,0.198508475,NA,NA,NA,NA
"2070","tg_rliver_single_chlormadinone_t4_c3","chlormadinone",3,2000,"mg/kg",4,"single",1,"day",-0.279,0.824162085,0.274429421,0.643089959,-0.247,0.84264683,0.034605927,0.324276388,NA,NA,NA,NA
"2071","tg_rliver_single_chlormezanone_t1_c1","chlormezanone",1,50,"mg/kg",1,"single",0.125,"day",-0.109,0.927230546,0.456216444,0.815513483,0.313,1.242288282,0.015503885,0.588726572,"no","yes","no","no"
"2072","tg_rliver_single_chlormezanone_t1_c2","chlormezanone",2,150,"mg/kg",1,"single",0.125,"day",0.109,1.078480432,0.468632403,0.793263031,0.302,1.232852325,0.06945234,0.408955839,NA,NA,NA,NA
"2073","tg_rliver_single_chlormezanone_t1_c3","chlormezanone",3,500,"mg/kg",1,"single",0.125,"day",0.042,1.029540083,0.798779105,0.926820555,0.273,1.208317843,0.047469699,0.299430865,NA,NA,NA,NA
"2074","tg_rliver_single_chlormezanone_t2_c1","chlormezanone",1,50,"mg/kg",2,"single",0.25,"day",-0.003,0.997922719,0.972365584,0.994754605,-0.013,0.991029563,0.957876415,0.989770112,NA,NA,NA,NA
"2075","tg_rliver_single_chlormezanone_t2_c2","chlormezanone",2,150,"mg/kg",2,"single",0.25,"day",0.029,1.020304659,0.741497978,0.917847561,-0.105,0.929804943,0.387682903,0.723931061,"no","yes","no","no"
"2076","tg_rliver_single_chlormezanone_t2_c3","chlormezanone",3,500,"mg/kg",2,"single",0.25,"day",0.072,1.051172909,0.242967009,0.420925315,0.074,1.052631155,0.571010861,0.723446567,NA,NA,NA,NA
"2077","tg_rliver_single_chlormezanone_t3_c1","chlormezanone",1,50,"mg/kg",3,"single",0.375,"day",0.157,1.114966219,0.226382325,0.832145272,-0.115,0.923382311,0.588098809,0.924820169,NA,NA,NA,NA
"2078","tg_rliver_single_chlormezanone_t3_c2","chlormezanone",2,150,"mg/kg",3,"single",0.375,"day",0.018,1.012554807,0.799228697,0.964779751,0.315,1.244011653,0.191407588,0.704515587,"no","yes","no","no"
"2079","tg_rliver_single_chlormezanone_t3_c3","chlormezanone",3,500,"mg/kg",3,"single",0.375,"day",0.17,1.125058485,0.114934777,0.409912752,0.08,1.057018041,0.848680252,0.947405113,"no","yes","no","no"
"2080","tg_rliver_single_chlormezanone_t4_c1","chlormezanone",1,50,"mg/kg",4,"single",1,"day",0.384,1.304954948,0.007607948,0.302521934,0.272,1.207480591,0.255637333,0.603021939,NA,NA,NA,NA
"2081","tg_rliver_single_chlormezanone_t4_c2","chlormezanone",2,150,"mg/kg",4,"single",1,"day",0.042,1.029540083,0.649750723,0.906697691,0.219,1.163926534,0.36700029,0.775638107,"no","yes","no","no"
"2082","tg_rliver_single_chlormezanone_t4_c3","chlormezanone",3,500,"mg/kg",4,"single",1,"day",-0.017,0.988285652,0.863566267,0.945539239,-0.512,0.701249625,0.054089292,0.243594118,NA,NA,NA,NA
"2083","tg_rliver_single_chlorpheniramine_t1_c1","chlorpheniramine",1,3,"mg/kg",1,"single",0.125,"day",-0.264,0.832775771,0.164257293,0.709901625,-0.062,0.957935218,0.789780656,0.925317721,NA,NA,NA,NA
"2084","tg_rliver_single_chlorpheniramine_t1_c2","chlorpheniramine",2,10,"mg/kg",1,"single",0.125,"day",-0.13,0.91383145,0.449064508,0.900325879,-0.072,0.951318276,0.757654904,0.951267204,NA,NA,NA,NA
"2085","tg_rliver_single_chlorpheniramine_t1_c3","chlorpheniramine",3,30,"mg/kg",1,"single",0.125,"day",-0.215,0.86154616,0.211097738,0.999553126,-0.253,0.839149637,0.223263043,0.999553126,NA,NA,NA,NA
"2086","tg_rliver_single_chlorpheniramine_t2_c1","chlorpheniramine",1,3,"mg/kg",2,"single",0.25,"day",-0.034,0.976708529,0.736988776,0.97131253,0.029,1.020304659,0.922692258,0.994965564,NA,NA,NA,NA
"2087","tg_rliver_single_chlorpheniramine_t2_c2","chlorpheniramine",2,10,"mg/kg",2,"single",0.25,"day",-0.217,0.860352631,0.062786846,0.999291629,-0.001,0.999307093,0.997473303,0.999444596,NA,NA,NA,NA
"2088","tg_rliver_single_chlorpheniramine_t2_c3","chlorpheniramine",3,30,"mg/kg",2,"single",0.25,"day",0.124,1.089752112,0.268040703,0.746755286,0.1,1.071773463,0.724182216,0.937994566,NA,NA,NA,NA
"2089","tg_rliver_single_chlorpheniramine_t3_c1","chlorpheniramine",1,3,"mg/kg",3,"single",0.375,"day",0.023,1.016070143,0.895850494,0.999527395,-0.424,0.745355193,0.008442604,0.971139659,NA,NA,NA,NA
"2090","tg_rliver_single_chlorpheniramine_t3_c2","chlorpheniramine",2,10,"mg/kg",3,"single",0.375,"day",-0.132,0.912565489,0.173291298,0.919062553,-0.31,0.806641759,0.013443268,0.885945702,NA,NA,NA,NA
"2091","tg_rliver_single_chlorpheniramine_t3_c3","chlorpheniramine",3,30,"mg/kg",3,"single",0.375,"day",-0.019,0.986916546,0.85497122,0.967370603,-0.257,0.836826243,0.074339333,0.541551508,NA,NA,NA,NA
"2092","tg_rliver_single_chlorpheniramine_t4_c1","chlorpheniramine",1,3,"mg/kg",4,"single",1,"day",0.242,1.182631,0.312831866,0.998131759,0.045,1.031683179,0.669228731,0.998131759,NA,NA,NA,NA
"2093","tg_rliver_single_chlorpheniramine_t4_c2","chlorpheniramine",2,10,"mg/kg",4,"single",1,"day",-0.208,0.865736566,0.351314155,0.907356485,0.079,1.056285625,0.507968381,0.932601551,NA,NA,NA,NA
"2094","tg_rliver_single_chlorpheniramine_t4_c3","chlorpheniramine",3,30,"mg/kg",4,"single",1,"day",-0.298,0.813379198,0.323852306,0.716010879,-0.188,0.877821798,0.188023936,0.601268988,NA,NA,NA,NA
"2095","tg_rliver_single_chlorpromazine_t1_c1","chlorpromazine",1,45,"mg/kg",1,"single",0.125,"day",-0.151,0.90062598,0.279144875,0.831170737,-0.065,0.955945318,0.644174997,0.943483251,NA,NA,NA,NA
"2096","tg_rliver_single_chlorpromazine_t1_c2","chlorpromazine",2,150,"mg/kg",1,"single",0.125,"day",0.033,1.02313747,0.857494223,0.961516608,-0.048,0.96727633,0.846853315,0.95839902,NA,NA,NA,NA
"2097","tg_rliver_single_chlorpromazine_t2_c1","chlorpromazine",1,45,"mg/kg",2,"single",0.25,"day",-0.231,0.852044095,0.082796472,0.250855846,0.447,1.363202607,0.218953096,0.424797055,NA,NA,NA,NA
"2098","tg_rliver_single_chlorpromazine_t2_c2","chlorpromazine",2,150,"mg/kg",2,"single",0.25,"day",-0.175,0.885767519,0.175985645,0.418675769,0.303,1.23370717,0.011352861,0.112002977,NA,NA,NA,NA
"2099","tg_rliver_single_chlorpromazine_t3_c1","chlorpromazine",1,45,"mg/kg",3,"single",0.375,"day",0.08,1.057018041,0.599561014,0.875575007,0.287,1.22010051,0.044427029,0.322756109,NA,NA,NA,NA
"2100","tg_rliver_single_chlorpromazine_t3_c2","chlorpromazine",2,150,"mg/kg",3,"single",0.375,"day",-0.183,0.880869374,0.10297498,0.324247368,0.173,1.127400412,0.23191453,0.511574778,NA,NA,NA,NA
"2101","tg_rliver_single_chlorpromazine_t4_c1","chlorpromazine",1,45,"mg/kg",4,"single",1,"day",0.19,1.140763716,0.161768963,0.514249328,-0.299,0.812815602,0.089939181,0.398306762,NA,NA,NA,NA
"2102","tg_rliver_single_chlorpromazine_t4_c2","chlorpromazine",2,150,"mg/kg",4,"single",1,"day",-0.253,0.839149637,0.071815691,0.27317391,-0.89,0.539614118,0.001072795,0.029335073,"no","yes","no","no"
"2103","tg_rliver_single_chlorpropamide_t1_c1","chlorpropamide",1,30,"mg/kg",1,"single",0.125,"day",-0.157,0.89688816,0.256703264,0.999554741,0.14,1.101905116,0.440669333,0.999554741,NA,NA,NA,NA
"2104","tg_rliver_single_chlorpropamide_t1_c2","chlorpropamide",2,100,"mg/kg",1,"single",0.125,"day",-0.3,0.812252396,0.046465134,0.855619367,-0.113,0.924663278,0.495244919,0.941482787,NA,NA,NA,NA
"2105","tg_rliver_single_chlorpropamide_t1_c3","chlorpropamide",3,300,"mg/kg",1,"single",0.125,"day",-0.092,0.938221197,0.585238826,0.998787935,0.08,1.057018041,0.585207992,0.998787935,NA,NA,NA,NA
"2106","tg_rliver_single_chlorpropamide_t2_c1","chlorpropamide",1,30,"mg/kg",2,"single",0.25,"day",-0.025,0.982820599,0.900149449,0.996026138,0.143,1.104198847,0.251596321,0.974959835,NA,NA,NA,NA
"2107","tg_rliver_single_chlorpropamide_t2_c2","chlorpropamide",2,100,"mg/kg",2,"single",0.25,"day",-0.117,0.922103118,0.416306677,0.960063501,0.147,1.107264584,0.428699554,0.962128661,NA,NA,NA,NA
"2108","tg_rliver_single_chlorpropamide_t2_c3","chlorpropamide",3,300,"mg/kg",2,"single",0.25,"day",0.001,1.000693387,0.992185772,0.996803087,-0.151,0.90062598,0.155124753,0.677217027,NA,NA,NA,NA
"2109","tg_rliver_single_chlorpropamide_t3_c1","chlorpropamide",1,30,"mg/kg",3,"single",0.375,"day",0.203,1.151089491,0.280579139,0.927493537,-0.073,0.950659101,0.706977586,0.965992511,NA,NA,NA,NA
"2110","tg_rliver_single_chlorpropamide_t3_c2","chlorpropamide",2,100,"mg/kg",3,"single",0.375,"day",0.109,1.078480432,0.49590177,0.974582853,0.088,1.062895674,0.565253741,0.979294939,NA,NA,NA,NA
"2111","tg_rliver_single_chlorpropamide_t3_c3","chlorpropamide",3,300,"mg/kg",3,"single",0.375,"day",0.327,1.254402205,0.127741838,0.906869168,-0.224,0.856188285,0.302405967,0.92951615,NA,NA,NA,NA
"2112","tg_rliver_single_chlorpropamide_t4_c1","chlorpropamide",1,30,"mg/kg",4,"single",1,"day",-0.274,0.827023368,0.064257795,0.998493002,-0.049,0.966606097,0.815838624,0.998493002,"no","yes","no","no"
"2113","tg_rliver_single_chlorpropamide_t4_c2","chlorpropamide",2,100,"mg/kg",4,"single",1,"day",-0.124,0.917639882,0.321667817,0.999481361,0.099,1.071030823,0.606449686,0.999481361,NA,NA,NA,NA
"2114","tg_rliver_single_chlorpropamide_t4_c3","chlorpropamide",3,300,"mg/kg",4,"single",1,"day",-0.694,0.61813763,0.00266654,0.229355391,-0.375,0.771105413,0.105245499,0.669019518,NA,NA,NA,NA
"2115","tg_rliver_single_cimetidine_t1_c1","cimetidine",1,100,"mg/kg",1,"single",0.125,"day",0.117,1.084477409,0.412890989,0.999271986,-0.05,0.965936329,0.770282525,0.999271986,NA,NA,NA,NA
"2116","tg_rliver_single_cimetidine_t1_c2","cimetidine",2,300,"mg/kg",1,"single",0.125,"day",-0.004,0.997231251,0.977757993,0.998466828,-0.405,0.755236293,0.180640363,0.987250629,NA,NA,NA,NA
"2117","tg_rliver_single_cimetidine_t1_c3","cimetidine",3,1000,"mg/kg",1,"single",0.125,"day",-0.256,0.837406488,0.081646109,0.808561299,-0.845,0.556710809,0.002501844,0.63289067,NA,NA,NA,NA
"2118","tg_rliver_single_cimetidine_t2_c1","cimetidine",1,100,"mg/kg",2,"single",0.25,"day",-0.227,0.854409741,0.018279553,0.928190556,-0.37,0.773782497,0.128186117,0.928190556,NA,NA,NA,NA
"2119","tg_rliver_single_cimetidine_t2_c2","cimetidine",2,300,"mg/kg",2,"single",0.25,"day",-0.109,0.927230546,0.209169817,0.891306493,-0.486,0.71400199,0.016036909,0.809641152,NA,NA,NA,NA
"2120","tg_rliver_single_cimetidine_t2_c3","cimetidine",3,1000,"mg/kg",2,"single",0.25,"day",-0.175,0.885767519,0.035885966,0.547466979,0.283,1.216722359,0.280903864,0.793250164,NA,NA,NA,NA
"2121","tg_rliver_single_cimetidine_t3_c1","cimetidine",1,100,"mg/kg",3,"single",0.375,"day",0.234,1.17609125,0.023652791,0.613043794,0.177,1.130530567,0.420557318,0.88743977,NA,NA,NA,NA
"2122","tg_rliver_single_cimetidine_t3_c2","cimetidine",2,300,"mg/kg",3,"single",0.375,"day",-0.012,0.991716731,0.938406018,0.996870437,-0.017,0.988285652,0.941674732,0.996870437,NA,NA,NA,NA
"2123","tg_rliver_single_cimetidine_t3_c3","cimetidine",3,1000,"mg/kg",3,"single",0.375,"day",0.145,1.105730653,0.212267322,0.946882749,0.564,1.478362431,0.019240746,0.887792152,NA,NA,NA,NA
"2124","tg_rliver_single_cimetidine_t4_c1","cimetidine",1,100,"mg/kg",4,"single",1,"day",0.153,1.111879158,0.191891419,0.967663475,0.07,1.049716684,0.808105884,0.990090759,NA,NA,NA,NA
"2125","tg_rliver_single_cimetidine_t4_c2","cimetidine",2,300,"mg/kg",4,"single",1,"day",-0.046,0.968618189,0.78726798,0.997737242,-0.228,0.853817714,0.401769611,0.990913539,NA,NA,NA,NA
"2126","tg_rliver_single_cimetidine_t4_c3","cimetidine",3,1000,"mg/kg",4,"single",1,"day",0.035,1.024556823,0.725355324,0.997307928,-0.477,0.718470088,0.000781572,0.521902819,NA,NA,NA,NA
"2127","tg_rliver_single_ciprofloxacin_t1_c1","ciprofloxacin",1,100,"mg/kg",1,"single",0.125,"day",-0.06,0.959264119,0.607908083,0.998746661,0.003,1.002081605,0.963568475,0.998746661,NA,NA,NA,NA
"2128","tg_rliver_single_ciprofloxacin_t1_c2","ciprofloxacin",2,300,"mg/kg",1,"single",0.125,"day",-0.095,0.936272247,0.463233733,0.940457257,0.114,1.082224645,0.433913241,0.93837497,NA,NA,NA,NA
"2129","tg_rliver_single_ciprofloxacin_t1_c3","ciprofloxacin",3,1000,"mg/kg",1,"single",0.125,"day",-0.066,0.955282936,0.702310655,0.972184836,0.121,1.087488391,0.041979135,0.657232877,NA,NA,NA,NA
"2130","tg_rliver_single_ciprofloxacin_t2_c1","ciprofloxacin",1,100,"mg/kg",2,"single",0.25,"day",-0.066,0.955282936,0.51216069,0.795990839,0.103,1.074004472,0.438612605,0.76162755,NA,NA,NA,NA
"2131","tg_rliver_single_ciprofloxacin_t2_c2","ciprofloxacin",2,300,"mg/kg",2,"single",0.25,"day",-0.141,0.906890329,0.16390042,0.884439724,-0.024,0.983502074,0.797527783,0.968649144,NA,NA,NA,NA
"2132","tg_rliver_single_ciprofloxacin_t2_c3","ciprofloxacin",3,1000,"mg/kg",2,"single",0.25,"day",-0.043,0.97063447,0.678651661,0.989015627,-0.212,0.863339559,0.250605936,0.9762868,"no","yes","no","no"
"2133","tg_rliver_single_ciprofloxacin_t3_c1","ciprofloxacin",1,100,"mg/kg",3,"single",0.375,"day",0.082,1.058484395,0.384828647,0.897760393,0.084,1.059952783,0.272164008,0.861074991,NA,NA,NA,NA
"2134","tg_rliver_single_ciprofloxacin_t3_c2","ciprofloxacin",2,300,"mg/kg",3,"single",0.375,"day",0.065,1.04608494,0.600820238,0.985044818,0.346,1.271031689,0.003724206,0.969610305,NA,NA,NA,NA
"2135","tg_rliver_single_ciprofloxacin_t3_c3","ciprofloxacin",3,1000,"mg/kg",3,"single",0.375,"day",-0.02,0.986232704,0.808110449,0.979555674,-0.087,0.941478465,0.235924515,0.836338033,NA,NA,NA,NA
"2136","tg_rliver_single_ciprofloxacin_t4_c1","ciprofloxacin",1,100,"mg/kg",4,"single",1,"day",-0.083,0.944092419,0.610679699,0.922304198,-0.267,0.831045862,0.245026863,0.796504369,NA,NA,NA,NA
"2137","tg_rliver_single_ciprofloxacin_t4_c2","ciprofloxacin",2,300,"mg/kg",4,"single",1,"day",-0.083,0.944092419,0.642451674,0.927712962,-0.529,0.693034943,0.000908953,0.152594509,NA,NA,NA,NA
"2138","tg_rliver_single_ciprofloxacin_t4_c3","ciprofloxacin",3,1000,"mg/kg",4,"single",1,"day",-0.143,0.905633983,0.389755188,0.809124625,-0.572,0.672683604,0.000156037,0.197655857,NA,NA,NA,NA
"2139","tg_rliver_single_cisplatin_t1_c1","cisplatin",1,0.1,"mg/kg",1,"single",0.125,"day",0.156,1.114193651,0.23925142,0.993857729,-0.075,0.949342121,0.719280016,0.995174707,NA,NA,NA,NA
"2140","tg_rliver_single_cisplatin_t1_c2","cisplatin",2,1,"mg/kg",1,"single",0.125,"day",0.079,1.056285625,0.51654833,0.821969534,-0.335,0.792784137,0.071760792,0.448542647,NA,NA,NA,NA
"2141","tg_rliver_single_cisplatin_t1_c3","cisplatin",3,3,"mg/kg",1,"single",0.125,"day",0.416,1.33422317,0.015748457,0.890125868,-0.139,0.908148418,0.543412082,0.999341366,NA,NA,NA,NA
"2142","tg_rliver_single_cisplatin_t2_c1","cisplatin",1,0.1,"mg/kg",2,"single",0.25,"day",0.34,1.265756594,0.012350619,0.505247141,-0.274,0.827023368,0.169379778,0.681768585,NA,NA,NA,NA
"2143","tg_rliver_single_cisplatin_t2_c2","cisplatin",2,1,"mg/kg",2,"single",0.25,"day",-0.142,0.906261938,0.257365909,0.997514816,-0.355,0.781869643,0.088860945,0.997514816,NA,NA,NA,NA
"2144","tg_rliver_single_cisplatin_t2_c3","cisplatin",3,3,"mg/kg",2,"single",0.25,"day",-0.078,0.947370071,0.505587524,0.731287687,-0.171,0.888226796,0.322133645,0.586439797,NA,NA,NA,NA
"2145","tg_rliver_single_cisplatin_t3_c1","cisplatin",1,0.1,"mg/kg",3,"single",0.375,"day",0.141,1.102669163,0.350193826,0.835209106,-0.204,0.868140228,0.151255874,0.813694655,NA,NA,NA,NA
"2146","tg_rliver_single_cisplatin_t3_c2","cisplatin",2,1,"mg/kg",3,"single",0.375,"day",0.042,1.029540083,0.743893918,0.959307283,-0.248,0.842062954,0.092073361,0.852219963,NA,NA,NA,NA
"2147","tg_rliver_single_cisplatin_t3_c3","cisplatin",3,3,"mg/kg",3,"single",0.375,"day",-0.164,0.892546971,0.218271761,0.696609876,-0.496,0.709070018,0.00107472,0.129968621,NA,NA,NA,NA
"2148","tg_rliver_single_cisplatin_t4_c1","cisplatin",1,0.1,"mg/kg",4,"single",1,"day",-0.329,0.796088099,0.014755426,0.999780166,-0.299,0.812815602,0.084578138,0.999780166,NA,NA,NA,NA
"2149","tg_rliver_single_cisplatin_t4_c2","cisplatin",2,1,"mg/kg",4,"single",1,"day",-0.547,0.684441907,0.004032334,0.998982994,-0.123,0.918276162,0.495212858,0.998982994,NA,NA,NA,NA
"2150","tg_rliver_single_cisplatin_t4_c3","cisplatin",3,3,"mg/kg",4,"single",1,"day",-0.567,0.675018993,0.000360196,0.119499245,-0.029,0.980099415,0.78212401,0.954419021,NA,NA,NA,NA
"2151","tg_rliver_single_clofibrate_t1_c1","clofibrate",1,30,"mg/kg",1,"single",0.125,"day",-0.039,0.973329374,0.835027211,0.968879104,0.029,1.020304659,0.932107645,0.984894481,NA,NA,NA,NA
"2152","tg_rliver_single_clofibrate_t1_c2","clofibrate",2,100,"mg/kg",1,"single",0.125,"day",-0.317,0.802737389,0.155997553,0.996515366,-0.025,0.982820599,0.942711813,0.997402259,NA,NA,NA,NA
"2153","tg_rliver_single_clofibrate_t1_c3","clofibrate",3,300,"mg/kg",1,"single",0.125,"day",-0.098,0.934327347,0.604446262,0.849984496,0.522,1.435944511,0.234480244,0.631544726,NA,NA,NA,NA
"2154","tg_rliver_single_clofibrate_t2_c1","clofibrate",1,30,"mg/kg",2,"single",0.25,"day",0.258,1.195819797,0.03010655,0.886427242,0.195,1.144724161,0.288529729,0.896290811,NA,NA,NA,NA
"2155","tg_rliver_single_clofibrate_t2_c2","clofibrate",2,100,"mg/kg",2,"single",0.25,"day",0.188,1.139183377,0.093540039,0.771996427,-0.039,0.973329374,0.808964793,0.983868807,NA,NA,NA,NA
"2156","tg_rliver_single_clofibrate_t2_c3","clofibrate",3,300,"mg/kg",2,"single",0.25,"day",0.474,1.388955136,0.010645498,0.244975132,0.556,1.470187336,0.004726176,0.173245694,NA,NA,NA,NA
"2157","tg_rliver_single_clofibrate_t3_c1","clofibrate",1,30,"mg/kg",3,"single",0.375,"day",-0.004,0.997231251,0.984589028,0.999141122,0.395,1.31494276,0.015930758,0.870588865,NA,NA,NA,NA
"2158","tg_rliver_single_clofibrate_t3_c2","clofibrate",2,100,"mg/kg",3,"single",0.375,"day",-0.027,0.981459064,0.907628652,0.995780158,-0.007,0.995159722,0.959710194,0.997372516,NA,NA,NA,NA
"2159","tg_rliver_single_clofibrate_t3_c3","clofibrate",3,300,"mg/kg",3,"single",0.375,"day",0.025,1.017479692,0.901092802,0.977609569,0.064,1.0453601,0.838309908,0.964097909,NA,NA,NA,NA
"2160","tg_rliver_single_clofibrate_t4_c1","clofibrate",1,30,"mg/kg",4,"single",1,"day",-0.088,0.940826108,0.281557292,0.824265827,-0.353,0.782954296,0.063039758,0.7049314,NA,NA,NA,NA
"2161","tg_rliver_single_clofibrate_t4_c2","clofibrate",2,100,"mg/kg",4,"single",1,"day",-0.132,0.912565489,0.143709398,0.74399609,-0.269,0.829894586,0.305908819,0.833333565,NA,NA,NA,NA
"2162","tg_rliver_single_clofibrate_t4_c3","clofibrate",3,300,"mg/kg",4,"single",1,"day",-0.165,0.891928519,0.310865541,0.601193677,-0.479,0.717474767,0.068173982,0.255565312,NA,NA,NA,NA
"2163","tg_rliver_single_clomipramine_t1_c1","clomipramine",1,10,"mg/kg",1,"single",0.125,"day",-0.177,0.884540435,0.13829426,0.906672021,-0.183,0.880869374,0.138005727,0.906672021,NA,NA,NA,NA
"2164","tg_rliver_single_clomipramine_t1_c2","clomipramine",2,30,"mg/kg",1,"single",0.125,"day",0.015,1.010451446,0.88886011,0.999802641,0.128,1.092777739,0.425726933,0.999802641,NA,NA,NA,NA
"2165","tg_rliver_single_clomipramine_t1_c3","clomipramine",3,100,"mg/kg",1,"single",0.125,"day",-0.162,0.893785162,0.094395889,0.820532529,-0.009,0.993781093,0.955073972,0.996402126,NA,NA,NA,NA
"2166","tg_rliver_single_clomipramine_t2_c1","clomipramine",1,10,"mg/kg",2,"single",0.25,"day",0.119,1.085981856,0.140500066,0.985890298,-0.408,0.753667455,0.036787778,0.985890298,NA,NA,NA,NA
"2167","tg_rliver_single_clomipramine_t2_c2","clomipramine",2,30,"mg/kg",2,"single",0.25,"day",-0.082,0.944747041,0.508690281,0.992794308,-0.385,0.765778999,0.068290641,0.992794308,NA,NA,NA,NA
"2168","tg_rliver_single_clomipramine_t2_c3","clomipramine",3,100,"mg/kg",2,"single",0.25,"day",-0.047,0.967947027,0.684043601,0.915714331,-0.343,0.788400174,0.079451281,0.510036094,NA,NA,NA,NA
"2169","tg_rliver_single_clomipramine_t3_c1","clomipramine",1,10,"mg/kg",3,"single",0.375,"day",-0.074,0.950000383,0.601969615,0.990007738,0.185,1.136816973,0.358869868,0.988771379,NA,NA,NA,NA
"2170","tg_rliver_single_clomipramine_t3_c2","clomipramine",2,30,"mg/kg",3,"single",0.375,"day",-0.057,0.961260928,0.653525492,0.952605218,0.3,1.231144413,0.075359278,0.821468048,NA,NA,NA,NA
"2171","tg_rliver_single_clomipramine_t3_c3","clomipramine",3,100,"mg/kg",3,"single",0.375,"day",-0.065,0.955945318,0.620590797,0.91616704,0.45,1.366040257,0.01076952,0.36972304,NA,NA,NA,NA
"2172","tg_rliver_single_clomipramine_t4_c1","clomipramine",1,10,"mg/kg",4,"single",1,"day",-0.189,0.877213549,0.124602366,0.973171062,-0.233,0.85086373,0.132351392,0.973171062,NA,NA,NA,NA
"2173","tg_rliver_single_clomipramine_t4_c2","clomipramine",2,30,"mg/kg",4,"single",1,"day",0.035,1.024556823,0.817537184,0.99898357,-0.107,0.928516852,0.532539054,0.99898357,NA,NA,NA,NA
"2174","tg_rliver_single_clomipramine_t4_c3","clomipramine",3,100,"mg/kg",4,"single",1,"day",-0.233,0.85086373,0.346697434,0.886911648,-0.41,0.752623374,0.042973731,0.716018103,NA,NA,NA,NA
"2175","tg_rliver_single_colchicine_t1_c1","colchicine",1,2,"mg/kg",1,"single",0.125,"day",-0.314,0.804408371,0.111535366,0.813297979,-0.292,0.816768991,0.037071929,0.789827401,NA,NA,NA,NA
"2176","tg_rliver_single_colchicine_t1_c2","colchicine",2,5,"mg/kg",1,"single",0.125,"day",-0.388,0.76418826,0.057943303,0.719086457,0.155,1.113421618,0.346437137,0.868137548,"yes","no","no","no"
"2177","tg_rliver_single_colchicine_t1_c3","colchicine",3,15,"mg/kg",1,"single",0.125,"day",-0.124,0.917639882,0.470920661,0.928530285,-0.068,0.953959551,0.651246669,0.960243586,"yes","yes","no","no"
"2178","tg_rliver_single_colchicine_t2_c1","colchicine",1,2,"mg/kg",2,"single",0.25,"day",-0.008,0.994470169,0.962459577,0.999684331,-0.1,0.933032992,0.526542574,0.999684331,"yes","no","no","no"
"2179","tg_rliver_single_colchicine_t2_c2","colchicine",2,5,"mg/kg",2,"single",0.25,"day",0.093,1.066585781,0.59288073,0.885876317,-0.13,0.91383145,0.508100898,0.851446203,"yes","no","no","no"
"2180","tg_rliver_single_colchicine_t2_c3","colchicine",3,15,"mg/kg",2,"single",0.25,"day",0.619,1.53581027,0.000616149,0.006633565,-0.524,0.695440986,0.054898118,0.158571804,"yes","yes","no","no"
"2181","tg_rliver_single_colchicine_t3_c1","colchicine",1,2,"mg/kg",3,"single",0.375,"day",-0.008,0.994470169,0.951576685,0.994533875,-0.093,0.937571096,0.39842783,0.904266137,"yes","no","no","no"
"2182","tg_rliver_single_colchicine_t3_c2","colchicine",2,5,"mg/kg",3,"single",0.375,"day",0.392,1.312211255,0.096369418,0.372599554,-0.076,0.948684315,0.571430336,0.809941097,"yes","no","no","no"
"2183","tg_rliver_single_colchicine_t3_c3","colchicine",3,15,"mg/kg",3,"single",0.375,"day",1.327,2.508804409,0.000284522,0.003624789,-0.344,0.787853886,0.014154055,0.049854045,"yes","no","no","no"
"2184","tg_rliver_single_colchicine_t4_c1","colchicine",1,2,"mg/kg",4,"single",1,"day",0.084,1.059952783,0.385527983,0.970943332,-0.167,0.890692901,0.348215115,0.966126487,NA,NA,NA,NA
"2185","tg_rliver_single_colchicine_t4_c2","colchicine",2,5,"mg/kg",4,"single",1,"day",0.121,1.087488391,0.251960684,0.621528299,-0.205,0.867538687,0.255871468,0.625822896,NA,NA,NA,NA
"2186","tg_rliver_single_colchicine_t4_c3","colchicine",3,15,"mg/kg",4,"single",1,"day",0.23,1.172834949,0.045865859,0.160334891,-0.002,0.998614666,0.991387174,0.995889905,"yes","no","no","no"
"2187","tg_rliver_single_coumarin_t1_c1","coumarin",1,15,"mg/kg",1,"single",0.125,"day",0.195,1.144724161,0.165525584,0.709542203,-0.019,0.986916546,0.929532929,0.985002289,NA,NA,NA,NA
"2188","tg_rliver_single_coumarin_t1_c2","coumarin",2,50,"mg/kg",1,"single",0.125,"day",0.053,1.037419937,0.665509086,0.925894743,0.109,1.078480432,0.642026726,0.91849723,NA,NA,NA,NA
"2189","tg_rliver_single_coumarin_t1_c3","coumarin",3,150,"mg/kg",1,"single",0.125,"day",0.257,1.194991205,0.170562573,0.415638142,-0.094,0.936921447,0.51271947,0.717076493,NA,NA,NA,NA
"2190","tg_rliver_single_coumarin_t2_c1","coumarin",1,15,"mg/kg",2,"single",0.25,"day",-0.113,0.924663278,0.325451961,0.838479603,-0.109,0.927230546,0.461586783,0.893770923,"no","yes","no","no"
"2191","tg_rliver_single_coumarin_t2_c2","coumarin",2,50,"mg/kg",2,"single",0.25,"day",0.129,1.093535457,0.171247619,0.64894325,-0.188,0.877821798,0.229117379,0.70614237,NA,NA,NA,NA
"2192","tg_rliver_single_coumarin_t2_c3","coumarin",3,150,"mg/kg",2,"single",0.25,"day",0.253,1.191682575,0.081600505,0.246824928,-0.22,0.858565436,0.115458732,0.302065711,"yes","no","no","no"
"2193","tg_rliver_single_coumarin_t3_c1","coumarin",1,15,"mg/kg",3,"single",0.375,"day",0.063,1.044635763,0.474592735,0.898374984,0.061,1.043188594,0.595025925,0.926171943,NA,NA,NA,NA
"2194","tg_rliver_single_coumarin_t3_c2","coumarin",2,50,"mg/kg",3,"single",0.375,"day",-0.048,0.96727633,0.610651212,0.841532484,0.101,1.072516617,0.724082283,0.895320128,"yes","no","no","no"
"2195","tg_rliver_single_coumarin_t3_c3","coumarin",3,150,"mg/kg",3,"single",0.375,"day",-0.146,0.903752727,0.065526694,0.197458684,0.168,1.123499903,0.248183595,0.453040533,"yes","no","no","no"
"2196","tg_rliver_single_coumarin_t4_c1","coumarin",1,15,"mg/kg",4,"single",1,"day",0.126,1.091263877,0.445373984,0.754784856,-0.258,0.8362464,0.032945329,0.464013352,NA,NA,NA,NA
"2197","tg_rliver_single_coumarin_t4_c2","coumarin",2,50,"mg/kg",4,"single",1,"day",0.322,1.250062303,0.055553403,0.388572709,-0.427,0.743806881,0.012160534,0.273852497,NA,NA,NA,NA
"2198","tg_rliver_single_coumarin_t4_c3","coumarin",3,150,"mg/kg",4,"single",1,"day",0.408,1.326845141,0.034054874,0.183913062,-0.744,0.597081594,0.000235925,0.011551058,"yes","no","no","no"
"2199","tg_rliver_single_cycloheximide_t1_c1","cycloheximide",1,1,"mg/kg",1,"single",0.125,"day",0.226,1.169587664,0.179380092,0.315766676,-0.291,0.817335328,0.22828507,0.378727077,"yes","no","no","no"
"2200","tg_rliver_single_cycloheximide_t1_c2","cycloheximide",2,3,"mg/kg",1,"single",0.125,"day",0.68,1.602139755,0.011140145,0.028253565,-0.383,0.76684133,0.029622219,0.063598768,"yes","no","no","no"
"2201","tg_rliver_single_cycloheximide_t1_c3","cycloheximide",3,10,"mg/kg",1,"single",0.125,"day",0.725,1.652900636,0.008016915,0.019725887,-0.546,0.68491649,0.00571321,0.014731499,"yes","no","no","no"
"2202","tg_rliver_single_cycloheximide_t2_c1","cycloheximide",1,1,"mg/kg",2,"single",0.25,"day",0.179,1.132098902,0.111474811,0.188483196,-0.823,0.565265284,0.001929646,0.006410988,NA,NA,NA,NA
"2203","tg_rliver_single_cycloheximide_t2_c2","cycloheximide",2,3,"mg/kg",2,"single",0.25,"day",0.965,1.952063522,0.001124228,0.003616945,-0.823,0.565265284,0.000617109,0.002219618,"yes","no","no","no"
"2204","tg_rliver_single_cycloheximide_t2_c3","cycloheximide",3,10,"mg/kg",2,"single",0.25,"day",1.039,2.054802879,0.004068004,0.010268175,-0.988,0.504176227,4.12279e-05,0.000254754,"yes","no","no","no"
"2205","tg_rliver_single_cycloheximide_t3_c1","cycloheximide",1,1,"mg/kg",3,"single",0.375,"day",0.216,1.161508732,0.080630554,0.152360475,-0.894,0.538120062,0.000131404,0.000858813,NA,NA,NA,NA
"2206","tg_rliver_single_cycloheximide_t3_c2","cycloheximide",2,3,"mg/kg",3,"single",0.375,"day",0.484,1.398616083,0.002835527,0.008281333,-1.245,0.421907898,5.79656e-05,0.000408545,"yes","no","no","no"
"2207","tg_rliver_single_cycloheximide_t3_c3","cycloheximide",3,10,"mg/kg",3,"single",0.375,"day",1.06,2.084931522,3.71143e-05,0.000228592,-0.805,0.57236208,8.72004e-05,0.000440875,"yes","no","no","no"
"2208","tg_rliver_single_cycloheximide_t4_c1","cycloheximide",1,1,"mg/kg",4,"single",1,"day",0.095,1.068065408,0.360898463,0.657593902,-0.211,0.863938187,0.116917668,0.378076301,NA,NA,NA,NA
"2209","tg_rliver_single_cycloheximide_t4_c2","cycloheximide",2,3,"mg/kg",4,"single",1,"day",0.243,1.183451022,0.089965909,0.210004623,-0.622,0.649769531,0.002378882,0.014324696,NA,NA,NA,NA
"2210","tg_rliver_single_cycloheximide_t4_c3","cycloheximide",3,10,"mg/kg",4,"single",1,"day",0.4,1.319507911,0.04819253,0.145812581,-1.356,0.39066394,0.00156999,0.018725538,"yes","no","no","no"
"2211","tg_rliver_single_cyclophosphamide_t1_c1","cyclophosphamide",1,15,"mg/kg",1,"single",0.125,"day",-0.192,0.87539133,0.080545794,0.684677881,-0.208,0.865736566,0.07528174,0.673770111,NA,NA,NA,NA
"2212","tg_rliver_single_cyclophosphamide_t1_c2","cyclophosphamide",2,50,"mg/kg",1,"single",0.125,"day",-0.125,0.917004043,0.14441206,0.936098844,-0.274,0.827023368,0.030050795,0.81569515,NA,NA,NA,NA
"2213","tg_rliver_single_cyclophosphamide_t1_c3","cyclophosphamide",3,150,"mg/kg",1,"single",0.125,"day",0.174,1.128182137,0.060300199,0.415173926,-0.138,0.908778116,0.231401492,0.586196396,NA,NA,NA,NA
"2214","tg_rliver_single_cyclophosphamide_t2_c1","cyclophosphamide",1,15,"mg/kg",2,"single",0.25,"day",0.025,1.017479692,0.832433231,0.999361277,-0.016,0.988970916,0.919872305,0.999361277,NA,NA,NA,NA
"2215","tg_rliver_single_cyclophosphamide_t2_c2","cyclophosphamide",2,50,"mg/kg",2,"single",0.25,"day",0.022,1.015366101,0.860498663,0.99503638,0.623,1.540074348,0.003804319,0.894543602,NA,NA,NA,NA
"2216","tg_rliver_single_cyclophosphamide_t2_c3","cyclophosphamide",3,150,"mg/kg",2,"single",0.25,"day",0.042,1.029540083,0.610488169,0.876299376,0.195,1.144724161,0.324472291,0.729698161,NA,NA,NA,NA
"2217","tg_rliver_single_cyclophosphamide_t3_c1","cyclophosphamide",1,15,"mg/kg",3,"single",0.375,"day",-0.021,0.985549337,0.870334532,0.999397374,0.152,1.111108729,0.293518551,0.999397374,NA,NA,NA,NA
"2218","tg_rliver_single_cyclophosphamide_t3_c2","cyclophosphamide",2,50,"mg/kg",3,"single",0.375,"day",-0.109,0.927230546,0.507818077,0.986222948,0.025,1.017479692,0.915941752,0.995108261,NA,NA,NA,NA
"2219","tg_rliver_single_cyclophosphamide_t3_c3","cyclophosphamide",3,150,"mg/kg",3,"single",0.375,"day",-0.067,0.954621014,0.587181938,0.905992826,0.06,1.042465761,0.640055129,0.91678949,NA,NA,NA,NA
"2220","tg_rliver_single_cyclophosphamide_t4_c1","cyclophosphamide",1,15,"mg/kg",4,"single",1,"day",-0.108,0.927873476,0.486412517,0.912311568,0.131,1.095052471,0.385162539,0.88431763,NA,NA,NA,NA
"2221","tg_rliver_single_cyclophosphamide_t4_c2","cyclophosphamide",2,50,"mg/kg",4,"single",1,"day",0.07,1.049716684,0.548530514,0.904309533,0.269,1.204972315,0.256159072,0.774194962,NA,NA,NA,NA
"2222","tg_rliver_single_cyclophosphamide_t4_c3","cyclophosphamide",3,150,"mg/kg",4,"single",1,"day",-0.096,0.935623498,0.483146316,0.760421377,-0.325,0.798298386,0.09933145,0.403829085,NA,NA,NA,NA
"2223","tg_rliver_single_cyclosporinea_t1_c1","cyclosporine a",1,30,"mg/kg",1,"single",0.125,"day",-0.005,0.996540263,0.976311231,0.990961588,0.371,1.293248932,0.154662382,0.461778839,NA,NA,NA,NA
"2224","tg_rliver_single_cyclosporinea_t1_c2","cyclosporine a",2,100,"mg/kg",1,"single",0.125,"day",-0.098,0.934327347,0.458672325,0.677889285,0.117,1.084477409,0.625531597,0.794701574,NA,NA,NA,NA
"2225","tg_rliver_single_cyclosporinea_t1_c3","cyclosporine a",3,300,"mg/kg",1,"single",0.125,"day",-0.147,0.90312651,0.358334982,0.652236858,0.491,1.4054187,0.064908343,0.381939546,NA,NA,NA,NA
"2226","tg_rliver_single_cyclosporinea_t2_c1","cyclosporine a",1,30,"mg/kg",2,"single",0.25,"day",-0.044,0.96996191,0.653927812,0.992684206,0.087,1.062159186,0.639810164,0.992684206,NA,NA,NA,NA
"2227","tg_rliver_single_cyclosporinea_t2_c2","cyclosporine a",2,100,"mg/kg",2,"single",0.25,"day",0.107,1.076986376,0.438764403,0.999468131,-0.067,0.954621014,0.779792074,0.999468131,NA,NA,NA,NA
"2228","tg_rliver_single_cyclosporinea_t2_c3","cyclosporine a",3,300,"mg/kg",2,"single",0.25,"day",0.158,1.115739322,0.115700485,0.482934591,-0.025,0.982820599,0.886943437,0.970775159,NA,NA,NA,NA
"2229","tg_rliver_single_cyclosporinea_t3_c1","cyclosporine a",1,30,"mg/kg",3,"single",0.375,"day",0.027,1.018891197,0.889970627,0.987120547,0.035,1.024556823,0.900307553,0.988285398,NA,NA,NA,NA
"2230","tg_rliver_single_cyclosporinea_t3_c2","cyclosporine a",2,100,"mg/kg",3,"single",0.375,"day",-0.037,0.974679631,0.841998774,0.957669653,-0.32,0.801069878,0.181011214,0.563609611,NA,NA,NA,NA
"2231","tg_rliver_single_cyclosporinea_t3_c3","cyclosporine a",3,300,"mg/kg",3,"single",0.375,"day",0.142,1.10343374,0.432751988,0.728325328,-0.042,0.971307496,0.849710481,0.945113487,NA,NA,NA,NA
"2232","tg_rliver_single_cyclosporinea_t4_c1","cyclosporine a",1,30,"mg/kg",4,"single",1,"day",-0.025,0.982820599,0.829545399,0.991574042,0.119,1.085981856,0.41963972,0.981346061,NA,NA,NA,NA
"2233","tg_rliver_single_cyclosporinea_t4_c2","cyclosporine a",2,100,"mg/kg",4,"single",1,"day",0.135,1.098092814,0.249067812,0.684122489,0.196,1.145517898,0.094574541,0.490521874,NA,NA,NA,NA
"2234","tg_rliver_single_cyclosporinea_t4_c3","cyclosporine a",3,300,"mg/kg",4,"single",1,"day",0.076,1.054091423,0.514627683,0.791230812,0.333,1.25962998,0.049602304,0.283377823,NA,NA,NA,NA
"2235","tg_rliver_single_danazol_t1_c1","danazol",1,300,"mg/kg",1,"single",0.125,"day",0.157,1.114966219,0.449434463,0.999315963,-0.006,0.995849753,0.965077326,0.999315963,NA,NA,NA,NA
"2236","tg_rliver_single_danazol_t1_c2","danazol",2,1000,"mg/kg",1,"single",0.125,"day",-0.002,0.998614666,0.99404768,0.999246935,0.024,1.016774673,0.80997723,0.963095391,NA,NA,NA,NA
"2237","tg_rliver_single_danazol_t1_c3","danazol",3,2000,"mg/kg",1,"single",0.125,"day",0.096,1.068805991,0.62915186,0.884800366,-0.038,0.974004269,0.81428599,0.951787684,NA,NA,NA,NA
"2238","tg_rliver_single_danazol_t2_c1","danazol",1,300,"mg/kg",2,"single",0.25,"day",0.052,1.036701101,0.754052763,0.93780822,-0.089,0.940174203,0.579142376,0.889312766,NA,NA,NA,NA
"2239","tg_rliver_single_danazol_t2_c2","danazol",2,1000,"mg/kg",2,"single",0.25,"day",0.064,1.0453601,0.594020182,0.891254142,-0.057,0.961260928,0.658842672,0.916644016,NA,NA,NA,NA
"2240","tg_rliver_single_danazol_t2_c3","danazol",3,2000,"mg/kg",2,"single",0.25,"day",0.127,1.092020546,0.266500125,0.453463518,0.133,1.096571589,0.567301536,0.717657111,NA,NA,NA,NA
"2241","tg_rliver_single_danazol_t3_c1","danazol",1,300,"mg/kg",3,"single",0.375,"day",-0.06,0.959264119,0.575321081,0.896153442,-0.02,0.986232704,0.891627453,0.98571857,NA,NA,NA,NA
"2242","tg_rliver_single_danazol_t3_c2","danazol",2,1000,"mg/kg",3,"single",0.375,"day",-0.241,0.846158597,0.078528652,0.496055196,0.043,1.030253954,0.66520757,0.925162161,NA,NA,NA,NA
"2243","tg_rliver_single_danazol_t3_c3","danazol",3,2000,"mg/kg",3,"single",0.375,"day",-0.132,0.912565489,0.132202258,0.431507673,-0.101,0.932386486,0.562259217,0.823229694,NA,NA,NA,NA
"2244","tg_rliver_single_danazol_t4_c1","danazol",1,300,"mg/kg",4,"single",1,"day",-0.091,0.938871747,0.506462378,0.801379181,-0.196,0.872967591,0.141332212,0.495676577,NA,NA,NA,NA
"2245","tg_rliver_single_danazol_t4_c2","danazol",2,1000,"mg/kg",4,"single",1,"day",-0.078,0.947370071,0.576807805,0.759089531,-0.449,0.732550437,0.015433854,0.107958703,NA,NA,NA,NA
"2246","tg_rliver_single_danazol_t4_c3","danazol",3,2000,"mg/kg",4,"single",1,"day",0.015,1.010451446,0.915874794,0.959617001,-0.558,0.679243142,0.007631105,0.057820459,NA,NA,NA,NA
"2247","tg_rliver_single_dantrolene_t1_c1","dantrolene",1,25,"mg/kg",1,"single",0.125,"day",0.032,1.022428531,0.714706826,0.951061065,-0.047,0.967947027,0.688971872,0.944319926,NA,NA,NA,NA
"2248","tg_rliver_single_dantrolene_t1_c2","dantrolene",2,75,"mg/kg",1,"single",0.125,"day",0.104,1.074749173,0.312124743,0.770826591,-0.156,0.897510051,0.164809236,0.656155159,NA,NA,NA,NA
"2249","tg_rliver_single_dantrolene_t1_c3","dantrolene",3,250,"mg/kg",1,"single",0.125,"day",0.212,1.158292806,0.068834516,0.489148761,-0.014,0.990342872,0.896407504,0.981932947,NA,NA,NA,NA
"2250","tg_rliver_single_dantrolene_t2_c1","dantrolene",1,25,"mg/kg",2,"single",0.25,"day",0.038,1.026689546,0.754359937,0.986824399,0.139,1.101141598,0.459812235,0.97230403,NA,NA,NA,NA
"2251","tg_rliver_single_dantrolene_t2_c2","dantrolene",2,75,"mg/kg",2,"single",0.25,"day",-0.142,0.906261938,0.276146608,0.781867139,0.266,1.202469249,0.314518403,0.817020157,NA,NA,NA,NA
"2252","tg_rliver_single_dantrolene_t2_c3","dantrolene",3,250,"mg/kg",2,"single",0.25,"day",0.049,1.034547582,0.756239611,0.917638523,0,1,0.998832124,0.999530027,"no","yes","no","no"
"2253","tg_rliver_single_dantrolene_t3_c1","dantrolene",1,25,"mg/kg",3,"single",0.375,"day",0.059,1.041743429,0.568451781,0.974781347,-0.414,0.750539549,0.041934218,0.87554526,NA,NA,NA,NA
"2254","tg_rliver_single_dantrolene_t3_c2","dantrolene",2,75,"mg/kg",3,"single",0.375,"day",0.002,1.001387256,0.99311024,0.999133436,-0.018,0.987600861,0.961438667,0.991903241,NA,NA,NA,NA
"2255","tg_rliver_single_dantrolene_t3_c3","dantrolene",3,250,"mg/kg",3,"single",0.375,"day",-0.145,0.904379378,0.248527663,0.607541132,-0.431,0.741747467,0.014829323,0.161208226,NA,NA,NA,NA
"2256","tg_rliver_single_dantrolene_t4_c1","dantrolene",1,25,"mg/kg",4,"single",1,"day",-0.223,0.856781955,0.136866073,0.937921833,-0.447,0.733566672,0.002883886,0.613532481,NA,NA,NA,NA
"2257","tg_rliver_single_dantrolene_t4_c2","dantrolene",2,75,"mg/kg",4,"single",1,"day",-0.239,0.847332435,0.115563329,0.572842201,-0.784,0.580754366,0.000190011,0.061572455,"no","yes","no","no"
"2258","tg_rliver_single_dantrolene_t4_c3","dantrolene",3,250,"mg/kg",4,"single",1,"day",-0.308,0.807760778,0.052685192,0.291662876,-1.224,0.428094142,4.03359e-06,0.003667516,NA,NA,NA,NA
"2259","tg_rliver_single_desmopressinacetate_t1_c1","desmopressin acetate",1,20,"g/kg",1,"single",0.125,"day",0.192,1.142346247,0.136133451,0.832877204,-0.021,0.985549337,0.839746361,0.977159336,"no","yes","no","no"
"2260","tg_rliver_single_desmopressinacetate_t1_c2","desmopressin acetate",2,200,"g/kg",1,"single",0.125,"day",0.495,1.409320755,0.003779076,0.475728468,0.306,1.236275261,0.108922299,0.686987512,NA,NA,NA,NA
"2261","tg_rliver_single_desmopressinacetate_t1_c3","desmopressin acetate",3,2000,"g/kg",1,"single",0.125,"day",0.38,1.301341855,0.053812627,0.384516808,-0.015,0.989656656,0.943066123,0.981352924,NA,NA,NA,NA
"2262","tg_rliver_single_desmopressinacetate_t2_c1","desmopressin acetate",1,20,"g/kg",2,"single",0.25,"day",0.193,1.143138335,0.10420945,0.995657307,-0.123,0.918276162,0.508238893,0.995657307,NA,NA,NA,NA
"2263","tg_rliver_single_desmopressinacetate_t2_c2","desmopressin acetate",2,200,"g/kg",2,"single",0.25,"day",0.064,1.0453601,0.539289891,0.934533177,0.239,1.180174343,0.19406999,0.810359977,NA,NA,NA,NA
"2264","tg_rliver_single_desmopressinacetate_t2_c3","desmopressin acetate",3,2000,"g/kg",2,"single",0.25,"day",0.167,1.122721422,0.21244111,0.771480474,0.286,1.219255094,0.141632729,0.733812668,NA,NA,NA,NA
"2265","tg_rliver_single_desmopressinacetate_t3_c1","desmopressin acetate",1,20,"g/kg",3,"single",0.375,"day",-0.126,0.916368645,0.171354747,0.992371321,0.152,1.111108729,0.219116793,0.992371321,NA,NA,NA,NA
"2266","tg_rliver_single_desmopressinacetate_t3_c2","desmopressin acetate",2,200,"g/kg",3,"single",0.375,"day",0.045,1.031683179,0.602746087,0.939230995,-0.036,0.975355462,0.75127037,0.965930797,NA,NA,NA,NA
"2267","tg_rliver_single_desmopressinacetate_t3_c3","desmopressin acetate",3,2000,"g/kg",3,"single",0.375,"day",-0.09,0.939522749,0.384091783,0.817777288,0.135,1.098092814,0.361579068,0.807314628,NA,NA,NA,NA
"2268","tg_rliver_single_desmopressinacetate_t4_c1","desmopressin acetate",1,20,"g/kg",4,"single",1,"day",0.001,1.000693387,0.997427154,0.999432428,0.041,1.028826708,0.801469693,0.998266527,NA,NA,NA,NA
"2269","tg_rliver_single_desmopressinacetate_t4_c2","desmopressin acetate",2,200,"g/kg",4,"single",1,"day",-0.302,0.811127156,0.120658777,0.95753847,-0.013,0.991029563,0.948061504,0.99574162,"no","yes","no","no"
"2270","tg_rliver_single_desmopressinacetate_t4_c3","desmopressin acetate",3,2000,"g/kg",4,"single",1,"day",-0.403,0.756283999,0.07184121,0.733993585,0.064,1.0453601,0.739641961,0.96032157,NA,NA,NA,NA
"2271","tg_rliver_single_dexamethasone_t1_c1","dexamethasone",1,1,"mg/kg",1,"single",0.125,"day",-0.462,0.72597914,0.04858025,0.160444939,-0.569,0.674083866,0.001558197,0.015300862,NA,NA,NA,NA
"2272","tg_rliver_single_dexamethasone_t1_c2","dexamethasone",2,5,"mg/kg",1,"single",0.125,"day",-0.139,0.908148418,0.714830519,0.850520746,-0.266,0.831622098,0.072284067,0.205762244,NA,NA,NA,NA
"2273","tg_rliver_single_dexamethasone_t1_c3","dexamethasone",3,50,"mg/kg",1,"single",0.125,"day",-0.485,0.71449707,0.040986134,0.139633444,-0.326,0.79774524,0.026748755,0.104314904,NA,NA,NA,NA
"2274","tg_rliver_single_dexamethasone_t2_c1","dexamethasone",1,1,"mg/kg",2,"single",0.25,"day",-0.251,0.840313752,0.114540241,0.28187985,-0.188,0.877821798,0.299792702,0.522425152,NA,NA,NA,NA
"2275","tg_rliver_single_dexamethasone_t2_c2","dexamethasone",2,5,"mg/kg",2,"single",0.25,"day",-0.579,0.669427628,0.014590907,0.05730262,-0.216,0.860949188,0.148294165,0.305308939,NA,NA,NA,NA
"2276","tg_rliver_single_dexamethasone_t2_c3","dexamethasone",3,50,"mg/kg",2,"single",0.25,"day",-0.172,0.887611337,0.25915192,0.442690064,-0.205,0.867538687,0.177403393,0.34175845,NA,NA,NA,NA
"2277","tg_rliver_single_dexamethasone_t3_c1","dexamethasone",1,1,"mg/kg",3,"single",0.375,"day",-0.452,0.731028724,0.001163115,0.007587472,-0.472,0.720964436,0.004093808,0.01901066,NA,NA,NA,NA
"2278","tg_rliver_single_dexamethasone_t3_c2","dexamethasone",2,5,"mg/kg",3,"single",0.375,"day",-0.329,0.796088099,0.033414422,0.084916387,-0.703,0.61429349,4.58214e-05,0.000672332,NA,NA,NA,NA
"2279","tg_rliver_single_dexamethasone_t3_c3","dexamethasone",3,50,"mg/kg",3,"single",0.375,"day",0.019,1.0132569,0.923375769,0.948863143,-0.617,0.652025368,0.001421417,0.008190929,NA,NA,NA,NA
"2280","tg_rliver_single_dexamethasone_t4_c1","dexamethasone",1,1,"mg/kg",4,"single",1,"day",-0.575,0.671286251,0.04896566,0.273434285,-0.338,0.791137301,0.053680032,0.283552554,NA,NA,NA,NA
"2281","tg_rliver_single_dexamethasone_t4_c2","dexamethasone",2,5,"mg/kg",4,"single",1,"day",-0.288,0.819036698,0.235764589,0.498126426,-0.177,0.884540435,0.083124521,0.282226954,NA,NA,NA,NA
"2282","tg_rliver_single_dexamethasone_t4_c3","dexamethasone",3,50,"mg/kg",4,"single",1,"day",-0.217,0.860352631,0.40316324,0.601013864,-0.531,0.692074858,0.000966349,0.012872957,NA,NA,NA,NA
"2283","tg_rliver_single_diazepam_t1_c1","diazepam",1,25,"mg/kg",1,"single",0.125,"day",0.122,1.088242442,0.322032736,0.925051808,0.202,1.150291893,0.344031908,0.929323546,NA,NA,NA,NA
"2284","tg_rliver_single_diazepam_t1_c2","diazepam",2,75,"mg/kg",1,"single",0.125,"day",0.036,1.025267238,0.758999815,0.968400643,-0.25,0.840896415,0.166278044,0.809368049,NA,NA,NA,NA
"2285","tg_rliver_single_diazepam_t1_c3","diazepam",3,250,"mg/kg",1,"single",0.125,"day",0.065,1.04608494,0.749424159,0.946399332,-0.276,0.825877665,0.225239854,0.708463232,NA,NA,NA,NA
"2286","tg_rliver_single_diazepam_t2_c1","diazepam",1,25,"mg/kg",2,"single",0.25,"day",-0.111,0.925946023,0.313300393,0.99962502,-0.057,0.961260928,0.727913615,0.99962502,NA,NA,NA,NA
"2287","tg_rliver_single_diazepam_t2_c2","diazepam",2,75,"mg/kg",2,"single",0.25,"day",-0.164,0.892546971,0.187560469,0.771483093,0.103,1.074004472,0.437061295,0.880346682,NA,NA,NA,NA
"2288","tg_rliver_single_diazepam_t2_c3","diazepam",3,250,"mg/kg",2,"single",0.25,"day",0.002,1.001387256,0.989017386,0.996416583,-0.098,0.934327347,0.472629186,0.709045551,NA,NA,NA,NA
"2289","tg_rliver_single_diazepam_t3_c1","diazepam",1,25,"mg/kg",3,"single",0.375,"day",0.02,1.01395948,0.851068947,0.97675601,-0.156,0.897510051,0.466221248,0.889907791,NA,NA,NA,NA
"2290","tg_rliver_single_diazepam_t3_c2","diazepam",2,75,"mg/kg",3,"single",0.375,"day",0.067,1.047536127,0.50837014,0.849988106,0.203,1.151089491,0.418275765,0.81425152,NA,NA,NA,NA
"2291","tg_rliver_single_diazepam_t3_c3","diazepam",3,250,"mg/kg",3,"single",0.375,"day",0.172,1.126619228,0.140125352,0.50799089,-0.109,0.927230546,0.380316994,0.708356725,NA,NA,NA,NA
"2292","tg_rliver_single_diazepam_t4_c1","diazepam",1,25,"mg/kg",4,"single",1,"day",0.14,1.101905116,0.356494315,0.997117945,-0.128,0.915099168,0.253237744,0.997117945,NA,NA,NA,NA
"2293","tg_rliver_single_diazepam_t4_c2","diazepam",2,75,"mg/kg",4,"single",1,"day",0.283,1.216722359,0.159704776,0.993270736,0.174,1.128182137,0.18465348,0.993270736,NA,NA,NA,NA
"2294","tg_rliver_single_diazepam_t4_c3","diazepam",3,250,"mg/kg",4,"single",1,"day",0.203,1.151089491,0.198643684,0.642950313,-0.069,0.953298545,0.556207865,0.858557703,NA,NA,NA,NA
"2295","tg_rliver_single_diclofenac_t1_c1","diclofenac",1,10,"mg/kg",1,"single",0.125,"day",0.087,1.062159186,0.49118546,0.999954069,-0.129,0.914465089,0.351359183,0.999954069,NA,NA,NA,NA
"2296","tg_rliver_single_diclofenac_t1_c2","diclofenac",2,30,"mg/kg",1,"single",0.125,"day",0.063,1.044635763,0.586567592,0.999468405,-0.1,0.933032992,0.335886097,0.999468405,NA,NA,NA,NA
"2297","tg_rliver_single_diclofenac_t1_c3","diclofenac",3,100,"mg/kg",1,"single",0.125,"day",0.09,1.064370182,0.636191206,0.956454406,-0.192,0.87539133,0.10061615,0.839429106,NA,NA,NA,NA
"2298","tg_rliver_single_diclofenac_t2_c1","diclofenac",1,10,"mg/kg",2,"single",0.25,"day",-0.008,0.994470169,0.955465878,0.997095334,-0.359,0.779704843,0.069667722,0.940364217,NA,NA,NA,NA
"2299","tg_rliver_single_diclofenac_t2_c2","diclofenac",2,30,"mg/kg",2,"single",0.25,"day",-0.177,0.884540435,0.167763286,0.770146487,-0.149,0.901875378,0.384298607,0.868054003,NA,NA,NA,NA
"2300","tg_rliver_single_diclofenac_t2_c3","diclofenac",3,100,"mg/kg",2,"single",0.25,"day",0.018,1.012554807,0.891006978,0.978266097,0.071,1.050444544,0.699911016,0.932841658,NA,NA,NA,NA
"2301","tg_rliver_single_diclofenac_t3_c1","diclofenac",1,10,"mg/kg",3,"single",0.375,"day",0.086,1.061423209,0.376224129,0.813668081,-0.102,0.931740429,0.374768837,0.813523309,NA,NA,NA,NA
"2302","tg_rliver_single_diclofenac_t3_c2","diclofenac",2,30,"mg/kg",3,"single",0.375,"day",0.143,1.104198847,0.124746029,0.638786698,-0.355,0.781869643,0.05333648,0.517458929,NA,NA,NA,NA
"2303","tg_rliver_single_diclofenac_t3_c3","diclofenac",3,100,"mg/kg",3,"single",0.375,"day",0,1,0.997273339,0.998480361,-0.714,0.609627547,0.000790435,0.172808202,NA,NA,NA,NA
"2304","tg_rliver_single_diclofenac_t4_c1","diclofenac",1,10,"mg/kg",4,"single",1,"day",0.227,1.170398641,0.037014938,0.733012173,-0.138,0.908778116,0.289184199,0.802009243,NA,NA,NA,NA
"2305","tg_rliver_single_diclofenac_t4_c2","diclofenac",2,30,"mg/kg",4,"single",1,"day",0.129,1.093535457,0.402373123,0.936918312,-0.055,0.962594443,0.692407511,0.974495989,NA,NA,NA,NA
"2306","tg_rliver_single_diclofenac_t4_c3","diclofenac",3,100,"mg/kg",4,"single",1,"day",0.027,1.018891197,0.806338993,0.883658134,-0.252,0.839731493,0.112640502,0.238298356,NA,NA,NA,NA
"2307","tg_rliver_single_diethylmaleate_t1_c1","diethyl maleate",1,80,"mg/kg",1,"single",0.125,"day",-0.141,0.906890329,0.276110308,0.82348481,-0.473,0.720464874,0.054502683,0.669872078,NA,NA,NA,NA
"2308","tg_rliver_single_diethylmaleate_t1_c2","diethyl maleate",2,240,"mg/kg",1,"single",0.125,"day",-0.405,0.755236293,0.017359087,0.33166493,-0.767,0.587638164,0.016012359,0.331605134,NA,NA,NA,NA
"2309","tg_rliver_single_diethylmaleate_t1_c3","diethyl maleate",3,800,"mg/kg",1,"single",0.125,"day",0.291,1.223488041,0.117676561,0.399343694,-0.612,0.654289036,0.07871136,0.324654639,"yes","yes","no","no"
"2310","tg_rliver_single_diethylmaleate_t2_c1","diethyl maleate",1,80,"mg/kg",2,"single",0.25,"day",0.222,1.16634937,0.166012317,0.992291889,0.078,1.055553718,0.672490317,0.992291889,NA,NA,NA,NA
"2311","tg_rliver_single_diethylmaleate_t2_c2","diethyl maleate",2,240,"mg/kg",2,"single",0.25,"day",-0.108,0.927873476,0.540048869,0.875981611,-0.034,0.976708529,0.880011588,0.976980437,"no","yes","no","no"
"2312","tg_rliver_single_diethylmaleate_t2_c3","diethyl maleate",3,800,"mg/kg",2,"single",0.25,"day",0.234,1.17609125,0.173803788,0.446493729,-0.472,0.720964436,0.196211056,0.474283961,"yes","yes","no","no"
"2313","tg_rliver_single_diethylmaleate_t3_c1","diethyl maleate",1,80,"mg/kg",3,"single",0.375,"day",0.116,1.083725967,0.390039308,0.719816218,-0.196,0.872967591,0.17400982,0.547109822,NA,NA,NA,NA
"2314","tg_rliver_single_diethylmaleate_t3_c2","diethyl maleate",2,240,"mg/kg",3,"single",0.375,"day",0.084,1.059952783,0.444175485,0.747751746,-0.104,0.930449658,0.569565584,0.819445209,"no","yes","no","no"
"2315","tg_rliver_single_diethylmaleate_t3_c3","diethyl maleate",3,800,"mg/kg",3,"single",0.375,"day",0.072,1.051172909,0.55978192,0.750649723,-0.352,0.783497187,0.070354765,0.240242309,"yes","yes","no","no"
"2316","tg_rliver_single_diethylmaleate_t4_c1","diethyl maleate",1,80,"mg/kg",4,"single",1,"day",-0.071,0.951977908,0.478666492,0.999070962,-0.034,0.976708529,0.89911058,0.999070962,NA,NA,NA,NA
"2317","tg_rliver_single_diethylmaleate_t4_c2","diethyl maleate",2,240,"mg/kg",4,"single",1,"day",0.005,1.003471749,0.952849577,0.990304021,-0.282,0.822450069,0.21976291,0.751269969,"no","yes","no","no"
"2318","tg_rliver_single_diethylmaleate_t4_c3","diethyl maleate",3,800,"mg/kg",4,"single",1,"day",-0.189,0.877213549,0.103500707,0.377641404,-0.971,0.51015233,0.008836636,0.134537486,NA,NA,NA,NA
"2319","tg_rliver_single_diltiazem_t1_c1","diltiazem",1,80,"mg/kg",1,"single",0.125,"day",0.422,1.339783602,0.004216396,0.264068444,-0.088,0.940826108,0.595670199,0.839975014,NA,NA,NA,NA
"2320","tg_rliver_single_diltiazem_t1_c2","diltiazem",2,240,"mg/kg",1,"single",0.125,"day",0.22,1.164733586,0.14607848,0.750992361,-0.489,0.712518807,0.005843662,0.434928013,NA,NA,NA,NA
"2321","tg_rliver_single_diltiazem_t1_c3","diltiazem",3,800,"mg/kg",1,"single",0.125,"day",0.836,1.785093943,0.000925198,0.077660862,-0.561,0.677832163,0.008516152,0.175538548,NA,NA,NA,NA
"2322","tg_rliver_single_diltiazem_t2_c1","diltiazem",1,80,"mg/kg",2,"single",0.25,"day",0.305,1.235418637,0.007467417,0.940055293,-0.303,0.81056512,0.179293494,0.947688542,NA,NA,NA,NA
"2323","tg_rliver_single_diltiazem_t2_c2","diltiazem",2,240,"mg/kg",2,"single",0.25,"day",0.678,1.599920257,0.030008798,0.547886374,-0.329,0.796088099,0.251876007,0.822050358,NA,NA,NA,NA
"2324","tg_rliver_single_diltiazem_t2_c3","diltiazem",3,800,"mg/kg",2,"single",0.25,"day",1.127,2.184041091,0.000926979,0.100243033,-0.466,0.723969086,0.025010033,0.265812069,NA,NA,NA,NA
"2325","tg_rliver_single_diltiazem_t3_c1","diltiazem",1,80,"mg/kg",3,"single",0.375,"day",-0.057,0.961260928,0.654149587,0.970346243,0.547,1.461044379,0.000459067,0.68104476,NA,NA,NA,NA
"2326","tg_rliver_single_diltiazem_t3_c2","diltiazem",2,240,"mg/kg",3,"single",0.375,"day",0.347,1.271913007,0.011602477,0.464117994,0.369,1.29145735,0.062503321,0.624837471,NA,NA,NA,NA
"2327","tg_rliver_single_diltiazem_t3_c3","diltiazem",3,800,"mg/kg",3,"single",0.375,"day",0.362,1.285206337,0.024763253,0.456625108,0.312,1.241427492,0.055674664,0.56958206,NA,NA,NA,NA
"2328","tg_rliver_single_diltiazem_t4_c1","diltiazem",1,80,"mg/kg",4,"single",1,"day",0.034,1.0238469,0.867142036,0.999729613,0.016,1.011152081,0.921522496,0.999729613,NA,NA,NA,NA
"2329","tg_rliver_single_diltiazem_t4_c2","diltiazem",2,240,"mg/kg",4,"single",1,"day",-0.502,0.706127202,0.021491024,0.775517471,-0.133,0.911933166,0.42702801,0.993750635,NA,NA,NA,NA
"2330","tg_rliver_single_diltiazem_t4_c3","diltiazem",3,800,"mg/kg",4,"single",1,"day",-0.404,0.755759964,0.109520091,0.561461719,-0.214,0.862143545,0.256227118,0.73416999,"no","yes","no","no"
"2331","tg_rliver_single_disopyramide_t1_c1","disopyramide",1,40,"mg/kg",1,"single",0.125,"day",0.295,1.226884977,0.058131238,0.907971265,0.483,1.397646972,0.040816656,0.907971265,NA,NA,NA,NA
"2332","tg_rliver_single_disopyramide_t1_c2","disopyramide",2,120,"mg/kg",1,"single",0.125,"day",0.007,1.00486382,0.960726897,0.992599278,-0.118,0.921464186,0.557112795,0.916453266,NA,NA,NA,NA
"2333","tg_rliver_single_disopyramide_t1_c3","disopyramide",3,400,"mg/kg",1,"single",0.125,"day",-0.101,0.932386486,0.270422197,0.730103255,-0.067,0.954621014,0.709496613,0.9277032,NA,NA,NA,NA
"2334","tg_rliver_single_disopyramide_t2_c1","disopyramide",1,40,"mg/kg",2,"single",0.25,"day",-0.103,0.93109482,0.204887577,0.686831182,-0.017,0.988285652,0.84447104,0.95961992,NA,NA,NA,NA
"2335","tg_rliver_single_disopyramide_t2_c2","disopyramide",2,120,"mg/kg",2,"single",0.25,"day",0.003,1.002081605,0.963142738,0.995434307,-0.025,0.982820599,0.866165064,0.988282373,NA,NA,NA,NA
"2336","tg_rliver_single_disopyramide_t2_c3","disopyramide",3,400,"mg/kg",2,"single",0.25,"day",0.027,1.018891197,0.87111953,0.966415568,-0.334,0.793333843,0.032098541,0.382855401,NA,NA,NA,NA
"2337","tg_rliver_single_disopyramide_t3_c1","disopyramide",1,40,"mg/kg",3,"single",0.375,"day",0.094,1.067325338,0.511551374,0.874361156,-0.05,0.965936329,0.615513151,0.911139939,NA,NA,NA,NA
"2338","tg_rliver_single_disopyramide_t3_c2","disopyramide",2,120,"mg/kg",3,"single",0.375,"day",0.166,1.121943481,0.314360148,0.889038827,-0.313,0.804966138,0.009320226,0.51682394,NA,NA,NA,NA
"2339","tg_rliver_single_disopyramide_t3_c3","disopyramide",3,400,"mg/kg",3,"single",0.375,"day",0.294,1.22603486,0.094853289,0.451087278,-0.198,0.87175824,0.089136527,0.438987158,NA,NA,NA,NA
"2340","tg_rliver_single_disopyramide_t4_c1","disopyramide",1,40,"mg/kg",4,"single",1,"day",-0.377,0.770037174,0.012471369,0.992011538,-0.056,0.961927455,0.486336721,0.996961469,NA,NA,NA,NA
"2341","tg_rliver_single_disopyramide_t4_c2","disopyramide",2,120,"mg/kg",4,"single",1,"day",-0.521,0.696888619,0.003684711,0.488978692,0.205,1.152686347,0.18047488,0.924112565,NA,NA,NA,NA
"2342","tg_rliver_single_disopyramide_t4_c3","disopyramide",3,400,"mg/kg",4,"single",1,"day",-0.355,0.781869643,0.027748024,0.360336406,-0.086,0.942131274,0.335320932,0.775003896,NA,NA,NA,NA
"2343","tg_rliver_single_disulfiram_t1_c1","disulfiram",1,60,"mg/kg",1,"single",0.125,"day",-0.088,0.940826108,0.633068799,0.951204607,-0.141,0.906890329,0.482437338,0.932021682,NA,NA,NA,NA
"2344","tg_rliver_single_disulfiram_t1_c2","disulfiram",2,200,"mg/kg",1,"single",0.125,"day",-0.095,0.936272247,0.59475209,0.913984938,-0.27,0.829319546,0.200389351,0.826136741,NA,NA,NA,NA
"2345","tg_rliver_single_disulfiram_t1_c3","disulfiram",3,600,"mg/kg",1,"single",0.125,"day",-0.127,0.915733686,0.398496976,0.892930345,-0.425,0.744838732,0.096932395,0.809243663,NA,NA,NA,NA
"2346","tg_rliver_single_disulfiram_t2_c1","disulfiram",1,60,"mg/kg",2,"single",0.25,"day",-0.032,0.978063473,0.883684681,0.981421541,-0.353,0.782954296,0.107000308,0.585853784,NA,NA,NA,NA
"2347","tg_rliver_single_disulfiram_t2_c2","disulfiram",2,200,"mg/kg",2,"single",0.25,"day",0.096,1.068805991,0.553933762,0.859510213,-0.16,0.895025071,0.395643399,0.76831361,NA,NA,NA,NA
"2348","tg_rliver_single_disulfiram_t2_c3","disulfiram",3,600,"mg/kg",2,"single",0.25,"day",0.286,1.219255094,0.152047398,0.524489199,0.076,1.054091423,0.755281419,0.933058869,NA,NA,NA,NA
"2349","tg_rliver_single_disulfiram_t3_c1","disulfiram",1,60,"mg/kg",3,"single",0.375,"day",-0.133,0.911933166,0.355848082,0.753330277,-0.326,0.79774524,0.111051605,0.554912199,NA,NA,NA,NA
"2350","tg_rliver_single_disulfiram_t3_c2","disulfiram",2,200,"mg/kg",3,"single",0.375,"day",-0.142,0.906261938,0.23291449,0.554367977,-0.269,0.829894586,0.033322562,0.247677149,NA,NA,NA,NA
"2351","tg_rliver_single_disulfiram_t3_c3","disulfiram",3,600,"mg/kg",3,"single",0.375,"day",0.003,1.002081605,0.984541483,0.994732138,-0.316,0.803293997,0.097274547,0.345388749,NA,NA,NA,NA
"2352","tg_rliver_single_disulfiram_t4_c1","disulfiram",1,60,"mg/kg",4,"single",1,"day",-0.294,0.815637493,0.047048292,0.386767491,-0.52,0.697371833,0.010698154,0.222158084,NA,NA,NA,NA
"2353","tg_rliver_single_disulfiram_t4_c2","disulfiram",2,200,"mg/kg",4,"single",1,"day",-0.11,0.926588062,0.407859,0.703790378,-0.741,0.598324482,0.011578543,0.140908363,NA,NA,NA,NA
"2354","tg_rliver_single_disulfiram_t4_c3","disulfiram",3,600,"mg/kg",4,"single",1,"day",-0.176,0.885153765,0.320661201,0.59039675,-0.912,0.531447837,0.002875809,0.037946521,NA,NA,NA,NA
"2355","tg_rliver_single_doxorubicin_t1_c1","doxorubicin",1,1,"mg/kg",1,"single",0.125,"day",-0.537,0.689202576,0.002708449,0.591818574,-0.254,0.838568184,0.32642669,0.864884863,NA,NA,NA,NA
"2356","tg_rliver_single_doxorubicin_t1_c2","doxorubicin",2,3,"mg/kg",1,"single",0.125,"day",-0.423,0.745872013,0.007061122,0.451808211,0.193,1.143138335,0.429350884,0.919889338,NA,NA,NA,NA
"2357","tg_rliver_single_doxorubicin_t1_c3","doxorubicin",3,10,"mg/kg",1,"single",0.125,"day",-0.501,0.706616822,0.003316564,0.091692478,-0.646,0.639049682,0.019549928,0.18016448,NA,NA,NA,NA
"2358","tg_rliver_single_doxorubicin_t2_c1","doxorubicin",1,1,"mg/kg",2,"single",0.25,"day",-0.286,0.820172911,0.085469112,0.998961952,-0.157,0.89688816,0.711997094,0.998961952,NA,NA,NA,NA
"2359","tg_rliver_single_doxorubicin_t2_c2","doxorubicin",2,3,"mg/kg",2,"single",0.25,"day",-0.351,0.784040454,0.043504094,0.758658214,-0.377,0.770037174,0.433920469,0.923474796,NA,NA,NA,NA
"2360","tg_rliver_single_doxorubicin_t2_c3","doxorubicin",3,10,"mg/kg",2,"single",0.25,"day",-0.197,0.872362706,0.224343013,0.683845068,-0.328,0.796640096,0.440781586,0.838936022,NA,NA,NA,NA
"2361","tg_rliver_single_doxorubicin_t3_c1","doxorubicin",1,1,"mg/kg",3,"single",0.375,"day",0.017,1.011853201,0.906884376,0.9903445,-0.002,0.998614666,0.992642373,0.998407061,NA,NA,NA,NA
"2362","tg_rliver_single_doxorubicin_t3_c2","doxorubicin",2,3,"mg/kg",3,"single",0.375,"day",-0.258,0.8362464,0.041953252,0.625116989,0.047,1.033114388,0.694987362,0.967145449,NA,NA,NA,NA
"2363","tg_rliver_single_doxorubicin_t3_c3","doxorubicin",3,10,"mg/kg",3,"single",0.375,"day",-0.105,0.929804943,0.535042614,0.852330182,0.205,1.152686347,0.235237577,0.660048408,NA,NA,NA,NA
"2364","tg_rliver_single_doxorubicin_t4_c1","doxorubicin",1,1,"mg/kg",4,"single",1,"day",-0.004,0.997231251,0.978134114,0.999832915,-0.148,0.902500727,0.508757285,0.998636394,NA,NA,NA,NA
"2365","tg_rliver_single_doxorubicin_t4_c2","doxorubicin",2,3,"mg/kg",4,"single",1,"day",0.006,1.004167543,0.964584837,0.996907181,-0.066,0.955282936,0.561037512,0.990430968,NA,NA,NA,NA
"2366","tg_rliver_single_doxorubicin_t4_c3","doxorubicin",3,10,"mg/kg",4,"single",1,"day",0.145,1.105730653,0.384031562,0.675046774,-0.372,0.77271055,0.000631507,0.040179995,NA,NA,NA,NA
"2367","tg_rliver_single_enalapril_t1_c1","enalapril",1,60,"mg/kg",1,"single",0.125,"day",-0.109,0.927230546,0.26505574,0.999957835,0.216,1.161508732,0.047165706,0.999957835,NA,NA,NA,NA
"2368","tg_rliver_single_enalapril_t1_c2","enalapril",2,200,"mg/kg",1,"single",0.125,"day",-0.062,0.957935218,0.604458334,0.99846885,0.001,1.000693387,0.996015427,0.999595742,"no","yes","no","no"
"2369","tg_rliver_single_enalapril_t1_c3","enalapril",3,600,"mg/kg",1,"single",0.125,"day",-0.344,0.787853886,0.009362715,0.612488578,-0.072,0.951318276,0.513273135,0.966862663,NA,NA,NA,NA
"2370","tg_rliver_single_enalapril_t2_c1","enalapril",1,60,"mg/kg",2,"single",0.25,"day",0.093,1.066585781,0.518921499,0.999457272,-0.096,0.935623498,0.4980761,0.999457272,NA,NA,NA,NA
"2371","tg_rliver_single_enalapril_t2_c2","enalapril",2,200,"mg/kg",2,"single",0.25,"day",0.156,1.114193651,0.193814821,0.567714046,-0.158,0.8962667,0.436852604,0.72909656,NA,NA,NA,NA
"2372","tg_rliver_single_enalapril_t2_c3","enalapril",3,600,"mg/kg",2,"single",0.25,"day",0.028,1.019597683,0.846229888,0.982306152,0.016,1.011152081,0.911742543,0.986823177,NA,NA,NA,NA
"2373","tg_rliver_single_enalapril_t3_c1","enalapril",1,60,"mg/kg",3,"single",0.375,"day",0.135,1.098092814,0.400817718,0.998583527,-0.449,0.732550437,0.08232209,0.998583527,NA,NA,NA,NA
"2374","tg_rliver_single_enalapril_t3_c2","enalapril",2,200,"mg/kg",3,"single",0.375,"day",0.032,1.022428531,0.784794003,0.981828425,-0.5,0.707106781,0.077548104,0.845747099,NA,NA,NA,NA
"2375","tg_rliver_single_enalapril_t3_c3","enalapril",3,600,"mg/kg",3,"single",0.375,"day",-0.104,0.930449658,0.384222264,0.921726903,-0.684,0.622437118,0.011723842,0.622566247,NA,NA,NA,NA
"2376","tg_rliver_single_enalapril_t4_c1","enalapril",1,60,"mg/kg",4,"single",1,"day",0.018,1.012554807,0.887770304,0.996013886,0.142,1.10343374,0.232391608,0.930680038,NA,NA,NA,NA
"2377","tg_rliver_single_enalapril_t4_c2","enalapril",2,200,"mg/kg",4,"single",1,"day",-0.027,0.981459064,0.860806736,0.981984837,-0.327,0.797192477,0.067807725,0.706681259,NA,NA,NA,NA
"2378","tg_rliver_single_enalapril_t4_c3","enalapril",3,600,"mg/kg",4,"single",1,"day",0.328,1.255271991,0.045145579,0.718687769,0.113,1.081474763,0.458676583,0.942404127,NA,NA,NA,NA
"2379","tg_rliver_single_erythromycinethylsuccinate_t1_c1","erythromycin ethylsuccinate",1,100,"mg/kg",1,"single",0.125,"day",0.113,1.081474763,0.338191833,0.948560283,-0.07,0.952637998,0.500538575,0.968240533,NA,NA,NA,NA
"2380","tg_rliver_single_erythromycinethylsuccinate_t1_c2","erythromycin ethylsuccinate",2,300,"mg/kg",1,"single",0.125,"day",0.374,1.295940965,0.065498851,0.907771454,0.136,1.098854218,0.278202203,0.980143816,NA,NA,NA,NA
"2381","tg_rliver_single_erythromycinethylsuccinate_t1_c3","erythromycin ethylsuccinate",3,1000,"mg/kg",1,"single",0.125,"day",-0.18,0.882702996,0.073939342,0.780523373,-0.194,0.87417862,0.055039183,0.757007777,NA,NA,NA,NA
"2382","tg_rliver_single_erythromycinethylsuccinate_t2_c1","erythromycin ethylsuccinate",1,100,"mg/kg",2,"single",0.25,"day",0.177,1.130530567,0.200030493,0.836805351,0.215,1.160703914,0.416386072,0.890620713,NA,NA,NA,NA
"2383","tg_rliver_single_erythromycinethylsuccinate_t2_c2","erythromycin ethylsuccinate",2,300,"mg/kg",2,"single",0.25,"day",0.303,1.23370717,0.156077493,0.938227203,-0.05,0.965936329,0.810923955,0.990107557,NA,NA,NA,NA
"2384","tg_rliver_single_erythromycinethylsuccinate_t2_c3","erythromycin ethylsuccinate",3,1000,"mg/kg",2,"single",0.25,"day",-0.148,0.902500727,0.236206696,0.685172755,-0.051,0.965267025,0.815274103,0.951505935,NA,NA,NA,NA
"2385","tg_rliver_single_erythromycinethylsuccinate_t3_c1","erythromycin ethylsuccinate",1,100,"mg/kg",3,"single",0.375,"day",0.025,1.017479692,0.801132313,0.950497707,-0.428,0.743291492,0.011663688,0.457807967,NA,NA,NA,NA
"2386","tg_rliver_single_erythromycinethylsuccinate_t3_c2","erythromycin ethylsuccinate",2,300,"mg/kg",3,"single",0.375,"day",-0.059,0.959929261,0.415549939,0.870068595,-0.234,0.85027416,0.01321763,0.57116707,NA,NA,NA,NA
"2387","tg_rliver_single_erythromycinethylsuccinate_t3_c3","erythromycin ethylsuccinate",3,1000,"mg/kg",3,"single",0.375,"day",-0.098,0.934327347,0.352436344,0.774826131,-0.191,0.875998315,0.122285242,0.60249905,NA,NA,NA,NA
"2388","tg_rliver_single_erythromycinethylsuccinate_t4_c1","erythromycin ethylsuccinate",1,100,"mg/kg",4,"single",1,"day",0.029,1.020304659,0.752041277,0.999912002,-0.128,0.915099168,0.327665117,0.999912002,NA,NA,NA,NA
"2389","tg_rliver_single_erythromycinethylsuccinate_t4_c2","erythromycin ethylsuccinate",2,300,"mg/kg",4,"single",1,"day",0.093,1.066585781,0.245865546,0.896002546,0.075,1.053361036,0.514757057,0.957323477,NA,NA,NA,NA
"2390","tg_rliver_single_erythromycinethylsuccinate_t4_c3","erythromycin ethylsuccinate",3,1000,"mg/kg",4,"single",1,"day",-0.089,0.940174203,0.41642754,0.864683141,-0.373,0.772175133,0.047793261,0.640954094,NA,NA,NA,NA
"2391","tg_rliver_single_ethambutol_t1_c1","ethambutol",1,100,"mg/kg",1,"single",0.125,"day",-0.115,0.923382311,0.36213475,0.994030353,0.106,1.076240125,0.269467127,0.994030353,NA,NA,NA,NA
"2392","tg_rliver_single_ethambutol_t1_c2","ethambutol",2,300,"mg/kg",1,"single",0.125,"day",-0.351,0.784040454,0.030268849,0.998510128,0.062,1.043911927,0.526139305,0.998510128,NA,NA,NA,NA
"2393","tg_rliver_single_ethambutol_t1_c3","ethambutol",3,1000,"mg/kg",1,"single",0.125,"day",-0.502,0.706127202,0.003850994,0.511045293,0.146,1.106497353,0.360066005,0.92721488,NA,NA,NA,NA
"2394","tg_rliver_single_ethambutol_t2_c1","ethambutol",1,100,"mg/kg",2,"single",0.25,"day",0.075,1.053361036,0.359648784,0.930588565,0.037,1.025978145,0.656311234,0.969270758,NA,NA,NA,NA
"2395","tg_rliver_single_ethambutol_t2_c2","ethambutol",2,300,"mg/kg",2,"single",0.25,"day",0.207,1.154285418,0.052458975,0.529192581,-0.045,0.969289817,0.64145933,0.909763933,NA,NA,NA,NA
"2396","tg_rliver_single_ethambutol_t2_c3","ethambutol",3,1000,"mg/kg",2,"single",0.25,"day",0.089,1.063632673,0.38764566,0.88217926,-0.211,0.863938187,0.033803762,0.553957402,NA,NA,NA,NA
"2397","tg_rliver_single_ethambutol_t3_c1","ethambutol",1,100,"mg/kg",3,"single",0.375,"day",-0.111,0.925946023,0.379639003,0.918410009,-0.09,0.939522749,0.569360882,0.957597959,NA,NA,NA,NA
"2398","tg_rliver_single_ethambutol_t3_c2","ethambutol",2,300,"mg/kg",3,"single",0.375,"day",-0.135,0.910669834,0.1054542,0.606406184,-0.086,0.942131274,0.552235492,0.891123259,NA,NA,NA,NA
"2399","tg_rliver_single_ethambutol_t3_c3","ethambutol",3,1000,"mg/kg",3,"single",0.375,"day",-0.201,0.869947353,0.069465529,0.423502391,-0.146,0.903752727,0.309134506,0.722717715,NA,NA,NA,NA
"2400","tg_rliver_single_ethambutol_t4_c1","ethambutol",1,100,"mg/kg",4,"single",1,"day",-0.083,0.944092419,0.569345809,0.997658251,0.043,1.030253954,0.649261252,0.99814884,NA,NA,NA,NA
"2401","tg_rliver_single_ethambutol_t4_c2","ethambutol",2,300,"mg/kg",4,"single",1,"day",0.14,1.101905116,0.591981191,0.890514615,0.239,1.180174343,0.08351453,0.582873497,NA,NA,NA,NA
"2402","tg_rliver_single_ethambutol_t4_c3","ethambutol",3,1000,"mg/kg",4,"single",1,"day",0.149,1.108800644,0.365360756,0.636020068,-0.307,0.808320869,0.01279021,0.109202689,NA,NA,NA,NA
"2403","tg_rliver_single_ethanol_t1_c1","ethanol",1,400,"mg/kg",1,"single",0.125,"day",-0.191,0.875998315,0.13551721,0.712227513,-0.13,0.91383145,0.494607107,0.878220718,NA,NA,NA,NA
"2404","tg_rliver_single_ethanol_t1_c2","ethanol",2,1200,"mg/kg",1,"single",0.125,"day",-0.028,0.980779004,0.777679442,0.936399111,-0.161,0.894404902,0.117944969,0.577422546,NA,NA,NA,NA
"2405","tg_rliver_single_ethanol_t1_c3","ethanol",3,4000,"mg/kg",1,"single",0.125,"day",0.109,1.078480432,0.282007582,0.71512032,-0.115,0.923382311,0.350571548,0.754709959,NA,NA,NA,NA
"2406","tg_rliver_single_ethanol_t2_c1","ethanol",1,400,"mg/kg",2,"single",0.25,"day",-0.052,0.964598185,0.693325562,0.956917077,-0.118,0.921464186,0.45799339,0.91043649,NA,NA,NA,NA
"2407","tg_rliver_single_ethanol_t2_c2","ethanol",2,1200,"mg/kg",2,"single",0.25,"day",0.031,1.021720083,0.740225287,0.990524609,0.019,1.0132569,0.880768983,0.993562537,NA,NA,NA,NA
"2408","tg_rliver_single_ethanol_t2_c3","ethanol",3,4000,"mg/kg",2,"single",0.25,"day",0.087,1.062159186,0.375213451,0.794289434,0.001,1.000693387,0.993312002,0.998054688,NA,NA,NA,NA
"2409","tg_rliver_single_ethanol_t3_c1","ethanol",1,400,"mg/kg",3,"single",0.375,"day",0.02,1.01395948,0.87021189,0.951544572,0.004,1.002776436,0.970703313,0.989170912,NA,NA,NA,NA
"2410","tg_rliver_single_ethanol_t3_c2","ethanol",2,1200,"mg/kg",3,"single",0.375,"day",0.076,1.054091423,0.408662419,0.893072115,0.352,1.276328769,0.274208882,0.842107801,NA,NA,NA,NA
"2411","tg_rliver_single_ethanol_t3_c3","ethanol",3,4000,"mg/kg",3,"single",0.375,"day",-0.024,0.983502074,0.740318124,0.955928243,-0.002,0.998614666,0.987872534,0.997220768,NA,NA,NA,NA
"2412","tg_rliver_single_ethanol_t4_c1","ethanol",1,400,"mg/kg",4,"single",1,"day",0.078,1.055553718,0.45425729,0.77970203,0.288,1.220946513,0.082726876,0.492046937,NA,NA,NA,NA
"2413","tg_rliver_single_ethanol_t4_c2","ethanol",2,1200,"mg/kg",4,"single",1,"day",0.134,1.097331938,0.359878785,0.913066637,0.351,1.275444392,0.029130332,0.88209629,"no","yes","no","no"
"2414","tg_rliver_single_ethanol_t4_c3","ethanol",3,4000,"mg/kg",4,"single",1,"day",0.213,1.159095952,0.048887177,0.392671913,-0.054,0.963261894,0.728320617,0.905623726,NA,NA,NA,NA
"2415","tg_rliver_single_ethinylestradiol_t1_c1","ethinylestradiol",1,1,"mg/kg",1,"single",0.125,"day",0.144,1.104964485,0.289413634,0.845462894,0.279,1.21335356,0.073096152,0.687928254,"no","yes","no","no"
"2416","tg_rliver_single_ethinylestradiol_t1_c2","ethinylestradiol",2,3,"mg/kg",1,"single",0.125,"day",0.23,1.172834949,0.144981579,0.929470904,0.642,1.56049096,0.009263493,0.384462938,"no","yes","no","no"
"2417","tg_rliver_single_ethinylestradiol_t1_c3","ethinylestradiol",3,10,"mg/kg",1,"single",0.125,"day",0.055,1.038859103,0.616201693,0.940797331,0.431,1.348167732,0.034147553,0.480016677,NA,NA,NA,NA
"2418","tg_rliver_single_ethinylestradiol_t2_c1","ethinylestradiol",1,1,"mg/kg",2,"single",0.25,"day",-0.015,0.989656656,0.893407868,0.971403437,0.109,1.078480432,0.192930977,0.636998184,"no","yes","no","no"
"2419","tg_rliver_single_ethinylestradiol_t2_c2","ethinylestradiol",2,3,"mg/kg",2,"single",0.25,"day",-0.115,0.923382311,0.234264198,0.511230972,0.032,1.022428531,0.821497143,0.914764909,"no","yes","no","no"
"2420","tg_rliver_single_ethinylestradiol_t2_c3","ethinylestradiol",3,10,"mg/kg",2,"single",0.25,"day",-0.073,0.950659101,0.426272398,0.815053231,-0.215,0.86154616,0.141398243,0.56505721,NA,NA,NA,NA
"2421","tg_rliver_single_ethinylestradiol_t3_c1","ethinylestradiol",1,1,"mg/kg",3,"single",0.375,"day",-0.05,0.965936329,0.481013515,0.737632886,0.09,1.064370182,0.587628441,0.802358931,"no","yes","no","no"
"2422","tg_rliver_single_ethinylestradiol_t3_c2","ethinylestradiol",2,3,"mg/kg",3,"single",0.375,"day",-0.005,0.996540263,0.962507585,0.986653475,-0.183,0.880869374,0.287925703,0.591385134,NA,NA,NA,NA
"2423","tg_rliver_single_ethinylestradiol_t3_c3","ethinylestradiol",3,10,"mg/kg",3,"single",0.375,"day",-0.203,0.868742185,0.129601927,0.298146483,0.071,1.050444544,0.640232676,0.776484085,NA,NA,NA,NA
"2424","tg_rliver_single_ethinylestradiol_t4_c1","ethinylestradiol",1,1,"mg/kg",4,"single",1,"day",-0.067,0.954621014,0.54567314,0.872651157,0.021,1.014662547,0.884306894,0.970716598,"no","yes","no","no"
"2425","tg_rliver_single_ethinylestradiol_t4_c2","ethinylestradiol",2,3,"mg/kg",4,"single",1,"day",-0.085,0.942784536,0.556145937,0.813177745,-0.281,0.823020345,0.085495288,0.321970633,NA,NA,NA,NA
"2426","tg_rliver_single_ethinylestradiol_t4_c3","ethinylestradiol",3,10,"mg/kg",4,"single",1,"day",-0.113,0.924663278,0.268141809,0.532841981,-0.14,0.907519155,0.231190046,0.48941431,"no","yes","no","no"
"2427","tg_rliver_single_ethionamide_t1_c1","ethionamide",1,100,"mg/kg",1,"single",0.125,"day",0.001,1.000693387,0.992663273,0.99745944,0.245,1.185092771,0.395146019,0.654614746,"yes","yes","no","no"
"2428","tg_rliver_single_ethionamide_t1_c2","ethionamide",2,300,"mg/kg",1,"single",0.125,"day",-0.243,0.844986384,0.011646103,0.077496085,0.001,1.000693387,0.997751743,0.998755229,"yes","yes","no","no"
"2429","tg_rliver_single_ethionamide_t1_c3","ethionamide",3,1000,"mg/kg",1,"single",0.125,"day",-0.08,0.946057647,0.438992322,0.662577884,-0.338,0.791137301,0.13240671,0.325044944,"yes","no","no","no"
"2430","tg_rliver_single_ethionamide_t2_c1","ethionamide",1,100,"mg/kg",2,"single",0.25,"day",0.184,1.136029265,0.149744831,0.363947185,0.018,1.012554807,0.923154978,0.964405568,"yes","no","no","no"
"2431","tg_rliver_single_ethionamide_t2_c2","ethionamide",2,300,"mg/kg",2,"single",0.25,"day",-0.046,0.968618189,0.599529119,0.751988365,-0.113,0.924663278,0.444288937,0.627062771,"yes","no","no","no"
"2432","tg_rliver_single_ethionamide_t2_c3","ethionamide",3,1000,"mg/kg",2,"single",0.25,"day",0.093,1.066585781,0.3561978,0.517653332,-0.118,0.921464186,0.547590919,0.689764522,"yes","no","no","no"
"2433","tg_rliver_single_ethionamide_t3_c1","ethionamide",1,100,"mg/kg",3,"single",0.375,"day",0.155,1.113421618,0.241984731,0.411297298,0.089,1.063632673,0.438496654,0.599079555,"yes","no","no","no"
"2434","tg_rliver_single_ethionamide_t3_c2","ethionamide",2,300,"mg/kg",3,"single",0.375,"day",0.068,1.048262476,0.465847219,0.592471263,-0.111,0.925946023,0.472904642,0.598511049,"yes","no","no","no"
"2435","tg_rliver_single_ethionamide_t3_c3","ethionamide",3,1000,"mg/kg",3,"single",0.375,"day",0.067,1.047536127,0.514906963,0.646720176,-0.009,0.993781093,0.93278881,0.956893122,"yes","no","no","no"
"2436","tg_rliver_single_ethionamide_t4_c1","ethionamide",1,100,"mg/kg",4,"single",1,"day",0.212,1.158292806,0.030250654,0.227108087,-0.346,0.786762445,0.012171077,0.159013829,"yes","no","no","no"
"2437","tg_rliver_single_ethionamide_t4_c2","ethionamide",2,300,"mg/kg",4,"single",1,"day",0.178,1.131314463,0.199148572,0.374098632,-0.355,0.781869643,0.058077514,0.186851092,"yes","yes","no","no"
"2438","tg_rliver_single_ethionamide_t4_c3","ethionamide",3,1000,"mg/kg",4,"single",1,"day",-0.075,0.949342121,0.554605857,0.653437112,-0.962,0.513344773,0.001846147,0.009135021,"yes","yes","no","no"
"2439","tg_rliver_single_ethionine_t1_c1","ethionine",1,25,"mg/kg",1,"single",0.125,"day",0.019,1.0132569,0.893343995,0.975766656,-0.234,0.85027416,0.239125854,0.659406225,NA,NA,NA,NA
"2440","tg_rliver_single_ethionine_t1_c2","ethionine",2,80,"mg/kg",1,"single",0.125,"day",-0.078,0.947370071,0.574754453,0.85490527,0.122,1.088242442,0.600711486,0.864741017,NA,NA,NA,NA
"2441","tg_rliver_single_ethionine_t1_c3","ethionine",3,250,"mg/kg",1,"single",0.125,"day",-0.024,0.983502074,0.86409312,0.931693379,-0.155,0.898132373,0.533771075,0.71810965,NA,NA,NA,NA
"2442","tg_rliver_single_ethionine_t2_c1","ethionine",1,25,"mg/kg",2,"single",0.25,"day",-0.197,0.872362706,0.318116932,0.67580978,0.408,1.326845141,0.079940916,0.445512638,NA,NA,NA,NA
"2443","tg_rliver_single_ethionine_t2_c2","ethionine",2,80,"mg/kg",2,"single",0.25,"day",0.149,1.108800644,0.262174231,0.633306069,0.128,1.092777739,0.58844812,0.855502003,NA,NA,NA,NA
"2444","tg_rliver_single_ethionine_t2_c3","ethionine",3,250,"mg/kg",2,"single",0.25,"day",-0.146,0.903752727,0.316891257,0.622436253,0.572,1.486582984,0.011455176,0.103512595,NA,NA,NA,NA
"2445","tg_rliver_single_ethionine_t3_c1","ethionine",1,25,"mg/kg",3,"single",0.375,"day",-0.026,0.982139595,0.790566083,0.94873377,0.327,1.254402205,0.157090759,0.588452004,NA,NA,NA,NA
"2446","tg_rliver_single_ethionine_t3_c2","ethionine",2,80,"mg/kg",3,"single",0.375,"day",-0.024,0.983502074,0.886994779,0.960250583,0.197,1.146312186,0.392140226,0.700702988,NA,NA,NA,NA
"2447","tg_rliver_single_ethionine_t3_c3","ethionine",3,250,"mg/kg",3,"single",0.375,"day",0.224,1.167967395,0.036000303,0.152982074,0.262,1.199139914,0.13036608,0.34659816,NA,NA,NA,NA
"2448","tg_rliver_single_ethionine_t4_c1","ethionine",1,25,"mg/kg",4,"single",1,"day",0.131,1.095052471,0.132580442,0.767665343,0.461,1.376495602,0.082439821,0.700002379,NA,NA,NA,NA
"2449","tg_rliver_single_ethionine_t4_c2","ethionine",2,80,"mg/kg",4,"single",1,"day",0.193,1.143138335,0.243825144,0.597183565,0.243,1.183451022,0.298454064,0.652101541,"no","yes","no","no"
"2450","tg_rliver_single_ethionine_t4_c3","ethionine",3,250,"mg/kg",4,"single",1,"day",0.003,1.002081605,0.964488125,0.984092891,-0.244,0.844400887,0.107573546,0.291167403,NA,NA,NA,NA
"2451","tg_rliver_single_etoposide_t1_c1","etoposide",1,10,"mg/kg",1,"single",0.125,"day",0.31,1.2397077,0.038520148,0.093281152,0.096,1.068805991,0.802736618,0.865335915,"no","yes","no","no"
"2452","tg_rliver_single_etoposide_t1_c2","etoposide",2,100,"mg/kg",1,"single",0.125,"day",-0.052,0.964598185,0.743584683,0.895592444,-0.063,0.957271458,0.880895027,0.95123468,"no","yes","no","no"
"2453","tg_rliver_single_etoposide_t1_c3","etoposide",3,1000,"mg/kg",1,"single",0.125,"day",0.27,1.205807828,0.047067033,0.11734336,0.302,1.232852325,0.460724134,0.590808953,NA,NA,NA,NA
"2454","tg_rliver_single_etoposide_t2_c1","etoposide",1,10,"mg/kg",2,"single",0.25,"day",-0.032,0.978063473,0.818138647,0.999963932,0.341,1.266634254,0.174692205,0.999963932,NA,NA,NA,NA
"2455","tg_rliver_single_etoposide_t2_c2","etoposide",2,100,"mg/kg",2,"single",0.25,"day",-0.16,0.895025071,0.221016009,0.999945142,-0.187,0.878430468,0.082903175,0.999945142,NA,NA,NA,NA
"2456","tg_rliver_single_etoposide_t2_c3","etoposide",3,1000,"mg/kg",2,"single",0.25,"day",0.073,1.051901779,0.551428387,0.930639073,0.145,1.105730653,0.236323033,0.876135971,NA,NA,NA,NA
"2457","tg_rliver_single_etoposide_t3_c1","etoposide",1,10,"mg/kg",3,"single",0.375,"day",0.07,1.049716684,0.594095782,0.959358609,-0.132,0.912565489,0.570810253,0.957033824,NA,NA,NA,NA
"2458","tg_rliver_single_etoposide_t3_c2","etoposide",2,100,"mg/kg",3,"single",0.375,"day",0.075,1.053361036,0.590594844,0.999993731,0.145,1.105730653,0.517603423,0.999993731,NA,NA,NA,NA
"2459","tg_rliver_single_etoposide_t3_c3","etoposide",3,1000,"mg/kg",3,"single",0.375,"day",0.127,1.092020546,0.421751617,0.910113954,-0.188,0.877821798,0.378013891,0.897927985,NA,NA,NA,NA
"2460","tg_rliver_single_etoposide_t4_c1","etoposide",1,10,"mg/kg",4,"single",1,"day",0.064,1.0453601,0.717023594,0.927480909,-0.148,0.902500727,0.216229878,0.715472825,NA,NA,NA,NA
"2461","tg_rliver_single_etoposide_t4_c2","etoposide",2,100,"mg/kg",4,"single",1,"day",-0.099,0.933679945,0.565988986,0.891229862,0.004,1.002776436,0.970390109,0.994628681,NA,NA,NA,NA
"2462","tg_rliver_single_etoposide_t4_c3","etoposide",3,1000,"mg/kg",4,"single",1,"day",-0.197,0.872362706,0.108783153,0.643918628,-0.187,0.878430468,0.26088157,0.761446564,NA,NA,NA,NA
"2463","tg_rliver_single_famotidine_t1_c1","famotidine",1,100,"mg/kg",1,"single",0.125,"day",-0.325,0.798298386,0.061997832,0.970245319,-0.328,0.796640096,0.180090508,0.970245319,NA,NA,NA,NA
"2464","tg_rliver_single_famotidine_t1_c2","famotidine",2,300,"mg/kg",1,"single",0.125,"day",-0.4,0.757858283,0.013556164,0.999996315,-0.329,0.796088099,0.184442512,0.999996315,NA,NA,NA,NA
"2465","tg_rliver_single_famotidine_t1_c3","famotidine",3,1000,"mg/kg",1,"single",0.125,"day",-0.065,0.955945318,0.6057573,0.936348107,0.157,1.114966219,0.558410897,0.92691971,NA,NA,NA,NA
"2466","tg_rliver_single_famotidine_t2_c1","famotidine",1,100,"mg/kg",2,"single",0.25,"day",-0.134,0.911301281,0.211867031,0.91645171,-0.241,0.846158597,0.106167879,0.911599306,NA,NA,NA,NA
"2467","tg_rliver_single_famotidine_t2_c2","famotidine",2,300,"mg/kg",2,"single",0.25,"day",0.114,1.082224645,0.43515971,0.999654566,0.262,1.199139914,0.084537614,0.999654566,NA,NA,NA,NA
"2468","tg_rliver_single_famotidine_t2_c3","famotidine",3,1000,"mg/kg",2,"single",0.25,"day",0.035,1.024556823,0.78769811,0.984884355,0.091,1.065108203,0.530894448,0.973066703,NA,NA,NA,NA
"2469","tg_rliver_single_famotidine_t3_c1","famotidine",1,100,"mg/kg",3,"single",0.375,"day",-0.122,0.918912883,0.347790296,0.999816793,-0.027,0.981459064,0.891756446,0.999816793,NA,NA,NA,NA
"2470","tg_rliver_single_famotidine_t3_c2","famotidine",2,300,"mg/kg",3,"single",0.375,"day",-0.361,0.778624691,0.011038578,0.895895649,-0.256,0.837406488,0.127667798,0.895895649,NA,NA,NA,NA
"2471","tg_rliver_single_famotidine_t3_c3","famotidine",3,1000,"mg/kg",3,"single",0.375,"day",-0.14,0.907519155,0.223550209,0.757465981,-0.102,0.931740429,0.748796457,0.954644039,NA,NA,NA,NA
"2472","tg_rliver_single_famotidine_t4_c1","famotidine",1,100,"mg/kg",4,"single",1,"day",0.003,1.002081605,0.985130913,0.999880233,0.675,1.596596773,0.111050595,0.999684703,NA,NA,NA,NA
"2473","tg_rliver_single_famotidine_t4_c2","famotidine",2,300,"mg/kg",4,"single",1,"day",0.017,1.011853201,0.847577537,0.999111839,0.618,1.534746096,0.036981194,0.999111839,NA,NA,NA,NA
"2474","tg_rliver_single_famotidine_t4_c3","famotidine",3,1000,"mg/kg",4,"single",1,"day",0.033,1.02313747,0.793237615,0.982960723,0.336,1.262252032,0.064561091,0.81021343,NA,NA,NA,NA
"2475","tg_rliver_single_fenofibrate_t1_c1","fenofibrate",1,10,"mg/kg",1,"single",0.125,"day",-0.095,0.936272247,0.565425778,0.967306632,0.295,1.226884977,0.084799988,0.81050859,NA,NA,NA,NA
"2476","tg_rliver_single_fenofibrate_t1_c2","fenofibrate",2,100,"mg/kg",1,"single",0.125,"day",-0.315,0.803850991,0.085348354,0.737270302,0.032,1.022428531,0.868467946,0.987869426,NA,NA,NA,NA
"2477","tg_rliver_single_fenofibrate_t1_c3","fenofibrate",3,1000,"mg/kg",1,"single",0.125,"day",-0.295,0.815072332,0.097047214,0.557875114,-0.185,0.879649076,0.351193579,0.780230599,NA,NA,NA,NA
"2478","tg_rliver_single_fenofibrate_t2_c1","fenofibrate",1,10,"mg/kg",2,"single",0.25,"day",0.04,1.028113827,0.830414828,0.980618987,-0.17,0.888842681,0.526674379,0.956121449,NA,NA,NA,NA
"2479","tg_rliver_single_fenofibrate_t2_c2","fenofibrate",2,100,"mg/kg",2,"single",0.25,"day",-0.021,0.985549337,0.810491547,0.963344964,-0.023,0.984184022,0.932141322,0.987446705,NA,NA,NA,NA
"2480","tg_rliver_single_fenofibrate_t2_c3","fenofibrate",3,1000,"mg/kg",2,"single",0.25,"day",0.673,1.594384953,0.002980641,0.074510562,0.909,1.877743495,0.013047408,0.142478516,NA,NA,NA,NA
"2481","tg_rliver_single_fenofibrate_t3_c1","fenofibrate",1,10,"mg/kg",3,"single",0.375,"day",0.083,1.059218335,0.430414635,0.918113964,0.142,1.10343374,0.420060505,0.916690854,NA,NA,NA,NA
"2482","tg_rliver_single_fenofibrate_t3_c2","fenofibrate",2,100,"mg/kg",3,"single",0.375,"day",0.056,1.039579435,0.706816772,0.942518307,-0.018,0.987600861,0.911903377,0.989464562,NA,NA,NA,NA
"2483","tg_rliver_single_fenofibrate_t3_c3","fenofibrate",3,1000,"mg/kg",3,"single",0.375,"day",-0.039,0.973329374,0.812890114,0.946662001,0.18,1.132883885,0.595088362,0.86417617,NA,NA,NA,NA
"2484","tg_rliver_single_fenofibrate_t4_c1","fenofibrate",1,10,"mg/kg",4,"single",1,"day",0.244,1.184271612,0.373693197,0.882065941,0.173,1.127400412,0.381002117,0.886656363,NA,NA,NA,NA
"2485","tg_rliver_single_fenofibrate_t4_c2","fenofibrate",2,100,"mg/kg",4,"single",1,"day",0.334,1.260503392,0.300864512,0.55733131,-0.176,0.885153765,0.154751735,0.38831839,NA,NA,NA,NA
"2486","tg_rliver_single_fenofibrate_t4_c3","fenofibrate",3,1000,"mg/kg",4,"single",1,"day",-0.059,0.959929261,0.683543773,0.820723733,-0.09,0.939522749,0.475495863,0.67182715,NA,NA,NA,NA
"2487","tg_rliver_single_fluoxetinehydrochloride_t1_c1","fluoxetine hydrochloride",1,3,"mg/kg",1,"single",0.125,"day",0.188,1.139183377,0.356106095,0.768465592,0.151,1.110338834,0.521831873,0.863636922,NA,NA,NA,NA
"2488","tg_rliver_single_fluoxetinehydrochloride_t1_c2","fluoxetine hydrochloride",2,10,"mg/kg",1,"single",0.125,"day",0.22,1.164733586,0.19665517,0.942862242,0.163,1.119612889,0.254789796,0.943412171,NA,NA,NA,NA
"2489","tg_rliver_single_fluoxetinehydrochloride_t1_c3","fluoxetine hydrochloride",3,30,"mg/kg",1,"single",0.125,"day",0.507,1.421092043,0.026476922,0.524400859,0.1,1.071773463,0.611494459,0.886733251,NA,NA,NA,NA
"2490","tg_rliver_single_fluoxetinehydrochloride_t2_c1","fluoxetine hydrochloride",1,3,"mg/kg",2,"single",0.25,"day",-0.13,0.91383145,0.28560174,0.979528463,0.338,1.264003098,0.009816427,0.979528463,NA,NA,NA,NA
"2491","tg_rliver_single_fluoxetinehydrochloride_t2_c2","fluoxetine hydrochloride",2,10,"mg/kg",2,"single",0.25,"day",0.155,1.113421618,0.287313548,0.738912326,0.521,1.434949535,0.057761532,0.523190374,NA,NA,NA,NA
"2492","tg_rliver_single_fluoxetinehydrochloride_t2_c3","fluoxetine hydrochloride",3,30,"mg/kg",2,"single",0.25,"day",0.075,1.053361036,0.617903191,0.863780407,-0.273,0.827596816,0.076169697,0.461656614,NA,NA,NA,NA
"2493","tg_rliver_single_fluoxetinehydrochloride_t3_c1","fluoxetine hydrochloride",1,3,"mg/kg",3,"single",0.375,"day",-0.037,0.974679631,0.752199941,0.999335576,0.223,1.167158102,0.324937175,0.999335576,NA,NA,NA,NA
"2494","tg_rliver_single_fluoxetinehydrochloride_t3_c2","fluoxetine hydrochloride",2,10,"mg/kg",3,"single",0.375,"day",-0.213,0.862741345,0.026183363,0.541304115,0.334,1.260503392,0.247701863,0.762719649,NA,NA,NA,NA
"2495","tg_rliver_single_fluoxetinehydrochloride_t3_c3","fluoxetine hydrochloride",3,30,"mg/kg",3,"single",0.375,"day",-0.13,0.91383145,0.217250581,0.852470696,0.1,1.071773463,0.669534635,0.958237637,NA,NA,NA,NA
"2496","tg_rliver_single_fluoxetinehydrochloride_t4_c1","fluoxetine hydrochloride",1,3,"mg/kg",4,"single",1,"day",-0.221,0.85797053,0.205976166,0.999804041,-0.338,0.791137301,0.026217805,0.999804041,NA,NA,NA,NA
"2497","tg_rliver_single_fluoxetinehydrochloride_t4_c2","fluoxetine hydrochloride",2,10,"mg/kg",4,"single",1,"day",0.09,1.064370182,0.625371672,0.980549315,-0.105,0.929804943,0.138052851,0.956820021,"no","yes","no","no"
"2498","tg_rliver_single_fluoxetinehydrochloride_t4_c3","fluoxetine hydrochloride",3,30,"mg/kg",4,"single",1,"day",0.264,1.200803427,0.546467212,0.935935607,-0.343,0.788400174,0.032067692,0.776874938,NA,NA,NA,NA
"2499","tg_rliver_single_fluphenazine_t1_c1","fluphenazine",1,2,"mg/kg",1,"single",0.125,"day",-0.086,0.942131274,0.375952003,0.682299872,0.123,1.088997015,0.502851667,0.76610893,NA,NA,NA,NA
"2500","tg_rliver_single_fluphenazine_t1_c2","fluphenazine",2,6,"mg/kg",1,"single",0.125,"day",-0.054,0.963261894,0.513814699,0.978054497,-0.146,0.903752727,0.149092316,0.944827773,NA,NA,NA,NA
"2501","tg_rliver_single_fluphenazine_t1_c3","fluphenazine",3,20,"mg/kg",1,"single",0.125,"day",-0.111,0.925946023,0.435121415,0.774311995,-0.082,0.944747041,0.206662663,0.610754239,NA,NA,NA,NA
"2502","tg_rliver_single_fluphenazine_t2_c1","fluphenazine",1,2,"mg/kg",2,"single",0.25,"day",-0.008,0.994470169,0.931431829,0.99956067,-0.324,0.798851916,0.312687076,0.99956067,NA,NA,NA,NA
"2503","tg_rliver_single_fluphenazine_t2_c2","fluphenazine",2,6,"mg/kg",2,"single",0.25,"day",0.075,1.053361036,0.443527948,0.999774762,-0.426,0.744322628,0.172734849,0.999774762,NA,NA,NA,NA
"2504","tg_rliver_single_fluphenazine_t2_c3","fluphenazine",3,20,"mg/kg",2,"single",0.25,"day",-0.105,0.929804943,0.255225239,0.68469551,-0.51,0.702222438,0.117494046,0.543713702,NA,NA,NA,NA
"2505","tg_rliver_single_fluphenazine_t3_c1","fluphenazine",1,2,"mg/kg",3,"single",0.375,"day",0.014,1.009751298,0.881781958,0.985590146,0.514,1.42800398,0.051203597,0.825861698,NA,NA,NA,NA
"2506","tg_rliver_single_fluphenazine_t3_c2","fluphenazine",2,6,"mg/kg",3,"single",0.375,"day",-0.105,0.929804943,0.310463876,0.707626984,-0.129,0.914465089,0.342847964,0.731216312,NA,NA,NA,NA
"2507","tg_rliver_single_fluphenazine_t3_c3","fluphenazine",3,20,"mg/kg",3,"single",0.375,"day",-0.056,0.961927455,0.579327198,0.81623288,0.228,1.171210181,0.231740447,0.558455531,NA,NA,NA,NA
"2508","tg_rliver_single_fluphenazine_t4_c1","fluphenazine",1,2,"mg/kg",4,"single",1,"day",-0.026,0.982139595,0.868566541,0.959028557,-0.326,0.79774524,0.123359072,0.515841718,NA,NA,NA,NA
"2509","tg_rliver_single_fluphenazine_t4_c2","fluphenazine",2,6,"mg/kg",4,"single",1,"day",0.058,1.041021598,0.78323686,0.963091276,-0.615,0.652929894,0.014082214,0.233875522,NA,NA,NA,NA
"2510","tg_rliver_single_fluphenazine_t4_c3","fluphenazine",3,20,"mg/kg",4,"single",1,"day",-0.232,0.851453708,0.196975429,0.49089498,-0.657,0.6341957,0.009174576,0.110110711,NA,NA,NA,NA
"2511","tg_rliver_single_flutamide_t1_c1","flutamide",1,15,"mg/kg",1,"single",0.125,"day",0.068,1.048262476,0.295389659,0.765267019,0.421,1.338855257,0.004633407,0.443339037,NA,NA,NA,NA
"2512","tg_rliver_single_flutamide_t1_c2","flutamide",2,50,"mg/kg",1,"single",0.125,"day",-0.049,0.966606097,0.634623107,0.929553949,0.271,1.20664392,0.031628941,0.575104179,NA,NA,NA,NA
"2513","tg_rliver_single_flutamide_t1_c3","flutamide",3,150,"mg/kg",1,"single",0.125,"day",0.076,1.054091423,0.283145148,0.699033396,0.283,1.216722359,0.020069923,0.375390111,NA,NA,NA,NA
"2514","tg_rliver_single_flutamide_t2_c1","flutamide",1,15,"mg/kg",2,"single",0.25,"day",0.111,1.07997656,0.397209456,0.810235186,0.275,1.209994089,0.19821107,0.732824754,NA,NA,NA,NA
"2515","tg_rliver_single_flutamide_t2_c2","flutamide",2,50,"mg/kg",2,"single",0.25,"day",-0.083,0.944092419,0.597776974,0.975139551,0.201,1.149494848,0.284929638,0.899866179,NA,NA,NA,NA
"2516","tg_rliver_single_flutamide_t2_c3","flutamide",3,150,"mg/kg",2,"single",0.25,"day",-0.045,0.969289817,0.757021894,0.91084345,-0.209,0.865136691,0.404802396,0.697798065,NA,NA,NA,NA
"2517","tg_rliver_single_flutamide_t3_c1","flutamide",1,15,"mg/kg",3,"single",0.375,"day",-0.1,0.933032992,0.367319856,0.949261424,-0.564,0.676424116,0.003700135,0.849809049,NA,NA,NA,NA
"2518","tg_rliver_single_flutamide_t3_c2","flutamide",2,50,"mg/kg",3,"single",0.375,"day",0.013,1.009051634,0.882457875,0.99362974,-0.332,0.7944344,0.105142585,0.751948818,"no","yes","no","no"
"2519","tg_rliver_single_flutamide_t3_c3","flutamide",3,150,"mg/kg",3,"single",0.375,"day",0.093,1.066585781,0.307710285,0.72506451,-0.565,0.675955417,0.002580246,0.179295466,NA,NA,NA,NA
"2520","tg_rliver_single_flutamide_t4_c1","flutamide",1,15,"mg/kg",4,"single",1,"day",0.079,1.056285625,0.457852408,0.998405542,-0.055,0.962594443,0.810802444,0.999823555,NA,NA,NA,NA
"2521","tg_rliver_single_flutamide_t4_c2","flutamide",2,50,"mg/kg",4,"single",1,"day",0.096,1.068805991,0.34790862,0.630250282,-0.053,0.963929808,0.873216213,0.949815467,NA,NA,NA,NA
"2522","tg_rliver_single_flutamide_t4_c3","flutamide",3,150,"mg/kg",4,"single",1,"day",-0.07,0.952637998,0.324132838,0.619577144,-0.07,0.952637998,0.699418911,0.877912179,NA,NA,NA,NA
"2523","tg_rliver_single_furosemide_t1_c1","furosemide",1,30,"mg/kg",1,"single",0.125,"day",0.18,1.132883885,0.071931241,0.906662243,0.096,1.068805991,0.365843777,0.94311141,NA,NA,NA,NA
"2524","tg_rliver_single_furosemide_t1_c2","furosemide",2,100,"mg/kg",1,"single",0.125,"day",0.052,1.036701101,0.618966847,0.999609891,0.22,1.164733586,0.08170159,0.999609891,NA,NA,NA,NA
"2525","tg_rliver_single_furosemide_t1_c3","furosemide",3,300,"mg/kg",1,"single",0.125,"day",-0.018,0.987600861,0.874207672,0.992828038,0.031,1.021720083,0.752919014,0.988583109,"no","yes","no","no"
"2526","tg_rliver_single_furosemide_t2_c1","furosemide",1,30,"mg/kg",2,"single",0.25,"day",-0.228,0.853817714,0.0540106,0.838253445,-0.691,0.619424349,0.012714718,0.838253445,NA,NA,NA,NA
"2527","tg_rliver_single_furosemide_t2_c2","furosemide",2,100,"mg/kg",2,"single",0.25,"day",-0.006,0.995849753,0.967217233,0.995125135,-0.303,0.81056512,0.068456663,0.546958839,NA,NA,NA,NA
"2528","tg_rliver_single_furosemide_t2_c3","furosemide",3,300,"mg/kg",2,"single",0.25,"day",-0.027,0.981459064,0.83662222,0.980362796,-0.409,0.753145233,0.08398233,0.61259415,NA,NA,NA,NA
"2529","tg_rliver_single_furosemide_t3_c1","furosemide",1,30,"mg/kg",3,"single",0.375,"day",-0.122,0.918912883,0.254719336,0.92759289,-0.106,0.929160674,0.389820715,0.948555671,NA,NA,NA,NA
"2530","tg_rliver_single_furosemide_t3_c2","furosemide",2,100,"mg/kg",3,"single",0.375,"day",-0.301,0.811689581,0.016612793,0.430320392,0.086,1.061423209,0.56598785,0.883539626,NA,NA,NA,NA
"2531","tg_rliver_single_furosemide_t3_c3","furosemide",3,300,"mg/kg",3,"single",0.375,"day",-0.304,0.810003474,0.020402317,0.388346661,-0.179,0.883315051,0.110255125,0.603086689,NA,NA,NA,NA
"2532","tg_rliver_single_furosemide_t4_c1","furosemide",1,30,"mg/kg",4,"single",1,"day",0.035,1.024556823,0.753164329,0.995502904,0.014,1.009751298,0.944601025,0.997794524,NA,NA,NA,NA
"2533","tg_rliver_single_furosemide_t4_c2","furosemide",2,100,"mg/kg",4,"single",1,"day",-0.112,0.925304428,0.328138937,0.736352437,-0.427,0.743806881,0.036115882,0.396251226,"no","yes","no","no"
"2534","tg_rliver_single_furosemide_t4_c3","furosemide",3,300,"mg/kg",4,"single",1,"day",-0.411,0.752101876,0.041492065,0.277823372,-0.713,0.610050255,0.004864606,0.123242593,NA,NA,NA,NA
"2535","tg_rliver_single_galactosamine_t1_c1","galactosamine",1,100,"mg/kg",1,"single",0.125,"day",0.302,1.232852325,0.05611632,0.93254826,0.271,1.20664392,0.316280715,0.93254826,"no","yes","no","no"
"2536","tg_rliver_single_galactosamine_t1_c2","galactosamine",2,300,"mg/kg",1,"single",0.125,"day",0.024,1.016774673,0.873319295,0.953072608,0.327,1.254402205,0.203585042,0.55189766,"yes","no","no","no"
"2537","tg_rliver_single_galactosamine_t1_c3","galactosamine",3,1000,"mg/kg",1,"single",0.125,"day",0.227,1.170398641,0.079750924,0.385240103,0.432,1.349102534,0.099052574,0.397510297,"yes","no","no","no"
"2538","tg_rliver_single_galactosamine_t2_c1","galactosamine",1,100,"mg/kg",2,"single",0.25,"day",0.18,1.132883885,0.175622044,0.384162882,-0.355,0.781869643,0.11012392,0.300169541,"yes","no","no","no"
"2539","tg_rliver_single_galactosamine_t2_c2","galactosamine",2,300,"mg/kg",2,"single",0.25,"day",1.222,2.33269874,0.000726978,0.005009746,0.352,1.276328769,0.244732412,0.346695957,"yes","no","no","no"
"2540","tg_rliver_single_galactosamine_t2_c3","galactosamine",3,1000,"mg/kg",2,"single",0.25,"day",1.071,2.100889088,1.01736e-05,0.000238652,0.206,1.153485605,0.317200314,0.39668544,"yes","no","no","no"
"2541","tg_rliver_single_galactosamine_t3_c1","galactosamine",1,100,"mg/kg",3,"single",0.375,"day",0.115,1.082975046,0.321154771,0.98524375,0.158,1.115739322,0.283126704,0.98524375,NA,NA,NA,NA
"2542","tg_rliver_single_galactosamine_t3_c2","galactosamine",2,300,"mg/kg",3,"single",0.375,"day",-0.035,0.976031761,0.750971413,0.999954015,0.122,1.088242442,0.378485545,0.999954015,"yes","no","no","no"
"2543","tg_rliver_single_galactosamine_t3_c3","galactosamine",3,1000,"mg/kg",3,"single",0.375,"day",0.445,1.361314116,0.203478699,0.87219847,0.262,1.199139914,0.329185868,0.87219847,"yes","no","no","no"
"2544","tg_rliver_single_galactosamine_t4_c1","galactosamine",1,100,"mg/kg",4,"single",1,"day",-0.238,0.847919965,0.324256259,0.927718967,-0.113,0.924663278,0.383597396,0.929705664,NA,NA,NA,NA
"2545","tg_rliver_single_galactosamine_t4_c2","galactosamine",2,300,"mg/kg",4,"single",1,"day",1.727,3.310387264,7.04923e-05,0.00076978,0.575,1.489677463,0.076078247,0.160539244,"yes","no","no","no"
"2546","tg_rliver_single_galactosamine_t4_c3","galactosamine",3,1000,"mg/kg",4,"single",1,"day",2.127,4.368082183,0.000293615,0.002658371,1.104,2.149498346,0.001351329,0.007767913,"yes","no","no","no"
"2547","tg_rliver_single_gefitinib_t1_c1","gefitinib",1,200,"mg/kg",1,"single",0.125,"day",0.102,1.073260286,0.284654369,0.818612892,0.188,1.139183377,0.206628368,0.787085751,NA,NA,NA,NA
"2548","tg_rliver_single_gefitinib_t1_c2","gefitinib",2,600,"mg/kg",1,"single",0.125,"day",0.145,1.105730653,0.203883729,0.816824577,-0.37,0.773782497,0.075823837,0.699910478,NA,NA,NA,NA
"2549","tg_rliver_single_gefitinib_t1_c3","gefitinib",3,2000,"mg/kg",1,"single",0.125,"day",-0.118,0.921464186,0.309105479,0.765158241,0.003,1.002081605,0.989696574,0.998053901,"yes","no","no","no"
"2550","tg_rliver_single_gefitinib_t2_c1","gefitinib",1,200,"mg/kg",2,"single",0.25,"day",0.069,1.048989328,0.56106021,0.855521277,0.334,1.260503392,0.195944524,0.656951635,NA,NA,NA,NA
"2551","tg_rliver_single_gefitinib_t2_c2","gefitinib",2,600,"mg/kg",2,"single",0.25,"day",0.056,1.039579435,0.685705327,0.932613458,0.259,1.196648963,0.262773909,0.765146114,NA,NA,NA,NA
"2552","tg_rliver_single_gefitinib_t2_c3","gefitinib",3,2000,"mg/kg",2,"single",0.25,"day",0.272,1.207480591,0.112238777,0.655635365,-0.039,0.973329374,0.827593025,0.968765449,"yes","no","no","no"
"2553","tg_rliver_single_gefitinib_t3_c1","gefitinib",1,200,"mg/kg",3,"single",0.375,"day",-0.076,0.948684315,0.500263952,0.819503412,0.441,1.35754498,0.011638027,0.427608919,NA,NA,NA,NA
"2554","tg_rliver_single_gefitinib_t3_c2","gefitinib",2,600,"mg/kg",3,"single",0.375,"day",-0.349,0.785128119,0.010065286,0.481889265,-0.068,0.953959551,0.583921052,0.889872627,"yes","no","no","no"
"2555","tg_rliver_single_gefitinib_t3_c3","gefitinib",3,2000,"mg/kg",3,"single",0.375,"day",-0.299,0.812815602,0.079090625,0.538899152,0.029,1.020304659,0.874860257,0.971860315,"yes","no","no","no"
"2556","tg_rliver_single_gefitinib_t4_c1","gefitinib",1,200,"mg/kg",4,"single",1,"day",-0.293,0.816203046,0.101367222,0.72462397,-0.202,0.86934456,0.092157847,0.713224885,NA,NA,NA,NA
"2557","tg_rliver_single_gefitinib_t4_c2","gefitinib",2,600,"mg/kg",4,"single",1,"day",-0.148,0.902500727,0.382967463,0.791610458,0.163,1.119612889,0.226532562,0.694906228,"yes","no","no","no"
"2558","tg_rliver_single_gefitinib_t4_c3","gefitinib",3,2000,"mg/kg",4,"single",1,"day",-0.266,0.831622098,0.138946638,0.321554967,-0.041,0.971980988,0.762022262,0.861153139,"yes","no","no","no"
"2559","tg_rliver_single_gemfibrozil_t1_c1","gemfibrozil",1,30,"mg/kg",1,"single",0.125,"day",-0.17,0.888842681,0.151415511,0.783239368,-0.112,0.925304428,0.559255198,0.913571994,NA,NA,NA,NA
"2560","tg_rliver_single_gemfibrozil_t1_c2","gemfibrozil",2,100,"mg/kg",1,"single",0.125,"day",-0.097,0.934975198,0.349395088,0.900776235,-0.084,0.943438251,0.374650721,0.907070039,NA,NA,NA,NA
"2561","tg_rliver_single_gemfibrozil_t1_c3","gemfibrozil",3,300,"mg/kg",1,"single",0.125,"day",0.339,1.264879542,0.070397544,0.400880309,0.259,1.196648963,0.397700069,0.737607044,NA,NA,NA,NA
"2562","tg_rliver_single_gemfibrozil_t2_c1","gemfibrozil",1,30,"mg/kg",2,"single",0.25,"day",-0.131,0.91319825,0.382236836,0.999672735,-0.243,0.844986384,0.151487025,0.999672735,NA,NA,NA,NA
"2563","tg_rliver_single_gemfibrozil_t2_c2","gemfibrozil",2,100,"mg/kg",2,"single",0.25,"day",-0.049,0.966606097,0.675940065,0.955234024,-0.394,0.76101669,0.02784742,0.67584672,"no","yes","no","no"
"2564","tg_rliver_single_gemfibrozil_t2_c3","gemfibrozil",3,300,"mg/kg",2,"single",0.25,"day",-0.067,0.954621014,0.65341407,0.912506065,-0.168,0.890075733,0.590390815,0.890314461,NA,NA,NA,NA
"2565","tg_rliver_single_gemfibrozil_t3_c1","gemfibrozil",1,30,"mg/kg",3,"single",0.375,"day",0.056,1.039579435,0.60045847,0.995056121,0.216,1.161508732,0.449277632,0.995056121,NA,NA,NA,NA
"2566","tg_rliver_single_gemfibrozil_t3_c2","gemfibrozil",2,100,"mg/kg",3,"single",0.375,"day",-0.261,0.834509281,0.028213741,0.82004838,-0.183,0.880869374,0.526330126,0.918519291,NA,NA,NA,NA
"2567","tg_rliver_single_gemfibrozil_t3_c3","gemfibrozil",3,300,"mg/kg",3,"single",0.375,"day",0.014,1.009751298,0.87551112,0.951848547,-0.153,0.899378312,0.618685962,0.818538899,NA,NA,NA,NA
"2568","tg_rliver_single_gemfibrozil_t4_c1","gemfibrozil",1,30,"mg/kg",4,"single",1,"day",-0.101,0.932386486,0.417693347,0.772413948,-0.124,0.917639882,0.672862142,0.895992076,NA,NA,NA,NA
"2569","tg_rliver_single_gemfibrozil_t4_c2","gemfibrozil",2,100,"mg/kg",4,"single",1,"day",0.027,1.018891197,0.848264804,0.954942288,-0.373,0.772175133,0.018577989,0.247523178,"no","yes","no","no"
"2570","tg_rliver_single_gemfibrozil_t4_c3","gemfibrozil",3,300,"mg/kg",4,"single",1,"day",0.054,1.038139271,0.656124786,0.87104066,-0.736,0.600401714,0.000193293,0.022888806,NA,NA,NA,NA
"2571","tg_rliver_single_gentamicin_t1_c1","gentamicin",1,10,"mg/kg",1,"single",0.125,"day",-0.185,0.879649076,0.225236222,0.988297951,-0.007,0.995159722,0.958233466,0.999344929,NA,NA,NA,NA
"2572","tg_rliver_single_gentamicin_t1_c2","gentamicin",2,30,"mg/kg",1,"single",0.125,"day",-0.069,0.953298545,0.570132398,0.95349765,-0.019,0.986916546,0.849019893,0.982381088,NA,NA,NA,NA
"2573","tg_rliver_single_gentamicin_t1_c3","gentamicin",3,100,"mg/kg",1,"single",0.125,"day",-0.282,0.822450069,0.038707261,0.600895565,0.06,1.042465761,0.753086183,0.977408723,NA,NA,NA,NA
"2574","tg_rliver_single_gentamicin_t2_c1","gentamicin",1,10,"mg/kg",2,"single",0.25,"day",-0.192,0.87539133,0.11757186,0.911096731,0.222,1.16634937,0.272443572,0.916730884,NA,NA,NA,NA
"2575","tg_rliver_single_gentamicin_t2_c2","gentamicin",2,30,"mg/kg",2,"single",0.25,"day",-0.056,0.961927455,0.69346003,0.999548801,-0.062,0.957935218,0.77818035,0.999548801,NA,NA,NA,NA
"2576","tg_rliver_single_gentamicin_t2_c3","gentamicin",3,100,"mg/kg",2,"single",0.25,"day",-0.109,0.927230546,0.488368171,0.969512212,-0.033,0.977385766,0.862279198,0.990392813,NA,NA,NA,NA
"2577","tg_rliver_single_gentamicin_t3_c1","gentamicin",1,10,"mg/kg",3,"single",0.375,"day",-0.05,0.965936329,0.730618666,0.942872287,0.225,1.168777249,0.077955436,0.715881945,NA,NA,NA,NA
"2578","tg_rliver_single_gentamicin_t3_c2","gentamicin",2,30,"mg/kg",3,"single",0.375,"day",-0.208,0.865736566,0.064286643,0.931817891,-0.072,0.951318276,0.442488443,0.970505445,NA,NA,NA,NA
"2579","tg_rliver_single_gentamicin_t3_c3","gentamicin",3,100,"mg/kg",3,"single",0.375,"day",-0.257,0.836826243,0.067347146,0.544877994,0.098,1.070288698,0.361337723,0.783395027,NA,NA,NA,NA
"2580","tg_rliver_single_gentamicin_t4_c1","gentamicin",1,10,"mg/kg",4,"single",1,"day",-0.15,0.901250463,0.138371749,0.879315337,-0.14,0.907519155,0.388709638,0.932563628,NA,NA,NA,NA
"2581","tg_rliver_single_gentamicin_t4_c2","gentamicin",2,30,"mg/kg",4,"single",1,"day",-0.05,0.965936329,0.643879984,0.935226771,-0.122,0.918912883,0.497557465,0.894813686,NA,NA,NA,NA
"2582","tg_rliver_single_gentamicin_t4_c3","gentamicin",3,100,"mg/kg",4,"single",1,"day",0.039,1.027401439,0.773884683,0.964651684,-0.003,0.997922719,0.980735152,0.996582471,NA,NA,NA,NA
"2583","tg_rliver_single_glibenclamide_t1_c1","glibenclamide",1,100,"mg/kg",1,"single",0.125,"day",0.146,1.106497353,0.181751314,0.977371558,0.115,1.082975046,0.63806674,0.998831682,NA,NA,NA,NA
"2584","tg_rliver_single_glibenclamide_t1_c2","glibenclamide",2,300,"mg/kg",1,"single",0.125,"day",0.098,1.070288698,0.57086276,0.93780093,0.465,1.380317353,0.101494585,0.709462501,NA,NA,NA,NA
"2585","tg_rliver_single_glibenclamide_t1_c3","glibenclamide",3,1000,"mg/kg",1,"single",0.125,"day",-0.021,0.985549337,0.856040988,0.97449113,-0.097,0.934975198,0.471164023,0.866843672,NA,NA,NA,NA
"2586","tg_rliver_single_glibenclamide_t2_c1","glibenclamide",1,100,"mg/kg",2,"single",0.25,"day",0.179,1.132098902,0.341866238,0.764452946,0.089,1.063632673,0.658730921,0.903954762,NA,NA,NA,NA
"2587","tg_rliver_single_glibenclamide_t2_c2","glibenclamide",2,300,"mg/kg",2,"single",0.25,"day",-0.082,0.944747041,0.425671743,0.886213474,0.369,1.29145735,0.228048083,0.811775527,NA,NA,NA,NA
"2588","tg_rliver_single_glibenclamide_t2_c3","glibenclamide",3,1000,"mg/kg",2,"single",0.25,"day",0.188,1.139183377,0.102911238,0.798369253,0.242,1.182631,0.482954428,0.920870672,NA,NA,NA,NA
"2589","tg_rliver_single_glibenclamide_t3_c1","glibenclamide",1,100,"mg/kg",3,"single",0.375,"day",0.004,1.002776436,0.950727978,0.983524746,-0.153,0.899378312,0.43110872,0.749620077,"no","yes","no","no"
"2590","tg_rliver_single_glibenclamide_t3_c2","glibenclamide",2,300,"mg/kg",3,"single",0.375,"day",-0.01,0.993092495,0.883241025,0.980087191,0.291,1.223488041,0.225646474,0.751922192,NA,NA,NA,NA
"2591","tg_rliver_single_glibenclamide_t3_c3","glibenclamide",3,1000,"mg/kg",3,"single",0.375,"day",0.196,1.145517898,0.042078874,0.441523938,-0.365,0.776468875,0.092916881,0.532448891,NA,NA,NA,NA
"2592","tg_rliver_single_glibenclamide_t4_c1","glibenclamide",1,100,"mg/kg",4,"single",1,"day",-0.104,0.930449658,0.2143363,0.918369947,-0.212,0.863339559,0.438683341,0.95043878,NA,NA,NA,NA
"2593","tg_rliver_single_glibenclamide_t4_c2","glibenclamide",2,300,"mg/kg",4,"single",1,"day",-0.089,0.940174203,0.44172621,0.965490155,0.264,1.200803427,0.439608023,0.965490155,NA,NA,NA,NA
"2594","tg_rliver_single_glibenclamide_t4_c3","glibenclamide",3,1000,"mg/kg",4,"single",1,"day",-0.052,0.964598185,0.615213498,0.885018357,-0.016,0.988970916,0.942284295,0.987194422,NA,NA,NA,NA
"2595","tg_rliver_single_griseofulvin_t1_c1","griseofulvin",1,100,"mg/kg",1,"single",0.125,"day",-0.081,0.945402117,0.418553653,0.985637893,0.177,1.130530567,0.154742302,0.985637893,NA,NA,NA,NA
"2596","tg_rliver_single_griseofulvin_t1_c2","griseofulvin",2,300,"mg/kg",1,"single",0.125,"day",0.07,1.049716684,0.431283122,0.999240182,0.308,1.237990291,0.008256144,0.729661176,NA,NA,NA,NA
"2597","tg_rliver_single_griseofulvin_t1_c3","griseofulvin",3,1000,"mg/kg",1,"single",0.125,"day",0.137,1.099616149,0.250538838,0.811748811,0.348,1.272794935,0.074813741,0.631270376,NA,NA,NA,NA
"2598","tg_rliver_single_griseofulvin_t2_c1","griseofulvin",1,100,"mg/kg",2,"single",0.25,"day",0.021,1.014662547,0.838094084,0.966496764,-0.018,0.987600861,0.908412492,0.980978375,NA,NA,NA,NA
"2599","tg_rliver_single_griseofulvin_t2_c2","griseofulvin",2,300,"mg/kg",2,"single",0.25,"day",0.023,1.016070143,0.843531369,0.970955697,-0.438,0.738157203,0.107666289,0.588443343,"no","yes","no","no"
"2600","tg_rliver_single_griseofulvin_t2_c3","griseofulvin",3,1000,"mg/kg",2,"single",0.25,"day",-0.147,0.90312651,0.170094714,0.588844658,-0.241,0.846158597,0.166900457,0.585442031,"no","yes","no","no"
"2601","tg_rliver_single_griseofulvin_t3_c1","griseofulvin",1,100,"mg/kg",3,"single",0.375,"day",0.124,1.089752112,0.158371702,0.400572028,-0.418,0.748461493,0.000171883,0.116611357,NA,NA,NA,NA
"2602","tg_rliver_single_griseofulvin_t3_c2","griseofulvin",2,300,"mg/kg",3,"single",0.375,"day",0.017,1.011853201,0.851458056,0.996122537,-0.171,0.888226796,0.078999893,0.862724399,NA,NA,NA,NA
"2603","tg_rliver_single_griseofulvin_t3_c3","griseofulvin",3,1000,"mg/kg",3,"single",0.375,"day",0.021,1.014662547,0.825846552,0.965341817,0.252,1.190856849,0.446898712,0.837342931,NA,NA,NA,NA
"2604","tg_rliver_single_griseofulvin_t4_c1","griseofulvin",1,100,"mg/kg",4,"single",1,"day",-0.06,0.959264119,0.444523164,0.996572804,-0.417,0.748980467,0.234661684,0.996572804,NA,NA,NA,NA
"2605","tg_rliver_single_griseofulvin_t4_c2","griseofulvin",2,300,"mg/kg",4,"single",1,"day",-0.137,0.909408252,0.059831118,0.644606165,-0.099,0.933679945,0.767807124,0.95807062,NA,NA,NA,NA
"2606","tg_rliver_single_griseofulvin_t4_c3","griseofulvin",3,1000,"mg/kg",4,"single",1,"day",0.145,1.105730653,0.275387806,0.869731116,0.339,1.264879542,0.300626239,0.885763987,NA,NA,NA,NA
"2607","tg_rliver_single_haloperidol_t1_c1","haloperidol",1,3,"mg/kg",1,"single",0.125,"day",0.082,1.058484395,0.623634702,0.806633497,-0.082,0.944747041,0.661539223,0.828104856,NA,NA,NA,NA
"2608","tg_rliver_single_haloperidol_t1_c2","haloperidol",2,10,"mg/kg",1,"single",0.125,"day",0.076,1.054091423,0.636666657,0.836916339,-0.462,0.72597914,0.103058723,0.46755318,NA,NA,NA,NA
"2609","tg_rliver_single_haloperidol_t1_c3","haloperidol",3,30,"mg/kg",1,"single",0.125,"day",0.019,1.0132569,0.908650167,0.981185231,0.17,1.125058485,0.231131549,0.711103335,NA,NA,NA,NA
"2610","tg_rliver_single_haloperidol_t2_c1","haloperidol",1,3,"mg/kg",2,"single",0.25,"day",-0.076,0.948684315,0.466940821,0.99478373,0.259,1.196648963,0.149715915,0.99478373,NA,NA,NA,NA
"2611","tg_rliver_single_haloperidol_t2_c2","haloperidol",2,10,"mg/kg",2,"single",0.25,"day",-0.21,0.864537231,0.182607422,0.791699595,0.232,1.174461971,0.116967335,0.791699595,NA,NA,NA,NA
"2612","tg_rliver_single_haloperidol_t2_c3","haloperidol",3,30,"mg/kg",2,"single",0.25,"day",-0.144,0.905006463,0.088424483,0.350030328,0.308,1.237990291,0.044781394,0.256668317,NA,NA,NA,NA
"2613","tg_rliver_single_haloperidol_t3_c1","haloperidol",1,3,"mg/kg",3,"single",0.375,"day",0.049,1.034547582,0.721721236,0.998832733,0.278,1.212512819,0.207740411,0.998832733,NA,NA,NA,NA
"2614","tg_rliver_single_haloperidol_t3_c2","haloperidol",2,10,"mg/kg",3,"single",0.375,"day",0.069,1.048989328,0.475517866,0.826961377,0.418,1.336074078,0.026890104,0.420505471,NA,NA,NA,NA
"2615","tg_rliver_single_haloperidol_t3_c3","haloperidol",3,30,"mg/kg",3,"single",0.375,"day",-0.065,0.955945318,0.590426707,0.904804915,0.295,1.226884977,0.201986555,0.713650282,NA,NA,NA,NA
"2616","tg_rliver_single_haloperidol_t4_c1","haloperidol",1,3,"mg/kg",4,"single",1,"day",-0.137,0.909408252,0.227639846,0.918736231,0.068,1.048262476,0.638572987,0.971028352,NA,NA,NA,NA
"2617","tg_rliver_single_haloperidol_t4_c2","haloperidol",2,10,"mg/kg",4,"single",1,"day",0.193,1.143138335,0.073649974,0.660657296,0.135,1.098092814,0.381468976,0.821670846,NA,NA,NA,NA
"2618","tg_rliver_single_haloperidol_t4_c3","haloperidol",3,30,"mg/kg",4,"single",1,"day",-0.099,0.933679945,0.675904024,0.918941425,-0.114,0.924022572,0.507911353,0.862457999,NA,NA,NA,NA
"2619","tg_rliver_single_hexachlorobenzene_t1_c1","hexachlorobenzene",1,300,"mg/kg",1,"single",0.125,"day",0.259,1.196648963,0.147680675,0.952356484,-0.302,0.811127156,0.242640319,0.952356484,NA,NA,NA,NA
"2620","tg_rliver_single_hexachlorobenzene_t1_c2","hexachlorobenzene",2,1000,"mg/kg",1,"single",0.125,"day",0.018,1.012554807,0.909078955,0.988403942,0.317,1.245737416,0.064986626,0.795306916,"no","yes","no","no"
"2621","tg_rliver_single_hexachlorobenzene_t1_c3","hexachlorobenzene",3,2000,"mg/kg",1,"single",0.125,"day",0.128,1.092777739,0.480659131,0.904007618,-0.058,0.960594864,0.750658433,0.961450667,NA,NA,NA,NA
"2622","tg_rliver_single_hexachlorobenzene_t2_c1","hexachlorobenzene",1,300,"mg/kg",2,"single",0.25,"day",0.053,1.037419937,0.672220685,0.998718058,0.081,1.057750964,0.549955333,0.995146541,NA,NA,NA,NA
"2623","tg_rliver_single_hexachlorobenzene_t2_c2","hexachlorobenzene",2,1000,"mg/kg",2,"single",0.25,"day",0.026,1.0181852,0.815342985,0.99298638,-0.11,0.926588062,0.392442003,0.973847826,NA,NA,NA,NA
"2624","tg_rliver_single_hexachlorobenzene_t2_c3","hexachlorobenzene",3,2000,"mg/kg",2,"single",0.25,"day",0.212,1.158292806,0.029672246,0.509153542,-0.05,0.965936329,0.716992353,0.914217739,NA,NA,NA,NA
"2625","tg_rliver_single_hexachlorobenzene_t3_c1","hexachlorobenzene",1,300,"mg/kg",3,"single",0.375,"day",0.022,1.015366101,0.8783552,0.999040467,-0.07,0.952637998,0.750393837,0.997392125,NA,NA,NA,NA
"2626","tg_rliver_single_hexachlorobenzene_t3_c2","hexachlorobenzene",2,1000,"mg/kg",3,"single",0.375,"day",-0.115,0.923382311,0.277040353,0.816911842,-0.08,0.946057647,0.732199714,0.953386306,NA,NA,NA,NA
"2627","tg_rliver_single_hexachlorobenzene_t3_c3","hexachlorobenzene",3,2000,"mg/kg",3,"single",0.375,"day",-0.091,0.938871747,0.261628548,0.813319391,-0.105,0.929804943,0.753814729,0.955184901,NA,NA,NA,NA
"2628","tg_rliver_single_hexachlorobenzene_t4_c1","hexachlorobenzene",1,300,"mg/kg",4,"single",1,"day",-0.001,0.999307093,0.989850991,0.998181977,0.133,1.096571589,0.336683181,0.935479285,NA,NA,NA,NA
"2629","tg_rliver_single_hexachlorobenzene_t4_c2","hexachlorobenzene",2,1000,"mg/kg",4,"single",1,"day",0.229,1.172022284,0.0567973,0.839559468,0.646,1.564823563,0.065592146,0.840358007,NA,NA,NA,NA
"2630","tg_rliver_single_hexachlorobenzene_t4_c3","hexachlorobenzene",3,2000,"mg/kg",4,"single",1,"day",0.078,1.055553718,0.336616251,0.990891102,0.159,1.116512962,0.352765709,0.990891102,NA,NA,NA,NA
"2631","tg_rliver_single_hydroxyzine_t1_c1","hydroxyzine",1,10,"mg/kg",1,"single",0.125,"day",-0.194,0.87417862,0.16975393,0.934799754,-0.414,0.750539549,0.001180697,0.933486397,NA,NA,NA,NA
"2632","tg_rliver_single_hydroxyzine_t1_c2","hydroxyzine",2,30,"mg/kg",1,"single",0.125,"day",-0.087,0.941478465,0.56952532,0.999906799,-0.158,0.8962667,0.061694194,0.999906799,NA,NA,NA,NA
"2633","tg_rliver_single_hydroxyzine_t1_c3","hydroxyzine",3,100,"mg/kg",1,"single",0.125,"day",-0.073,0.950659101,0.609876112,0.958775716,-0.112,0.925304428,0.239789013,0.862776911,NA,NA,NA,NA
"2634","tg_rliver_single_hydroxyzine_t2_c1","hydroxyzine",1,10,"mg/kg",2,"single",0.25,"day",0.147,1.107264584,0.194224355,0.999331175,-0.28,0.823591017,0.170810852,0.999331175,NA,NA,NA,NA
"2635","tg_rliver_single_hydroxyzine_t2_c2","hydroxyzine",2,30,"mg/kg",2,"single",0.25,"day",-0.024,0.983502074,0.84428176,0.959590119,-0.446,0.734075318,0.013824245,0.591142389,NA,NA,NA,NA
"2636","tg_rliver_single_hydroxyzine_t2_c3","hydroxyzine",3,100,"mg/kg",2,"single",0.25,"day",0.233,1.175276328,0.060028979,0.769767311,-0.041,0.971980988,0.872507091,0.980575865,NA,NA,NA,NA
"2637","tg_rliver_single_hydroxyzine_t3_c1","hydroxyzine",1,10,"mg/kg",3,"single",0.375,"day",0.248,1.187559666,0.015811492,0.99938066,0.044,1.030968319,0.731199389,0.99938066,NA,NA,NA,NA
"2638","tg_rliver_single_hydroxyzine_t3_c2","hydroxyzine",2,30,"mg/kg",3,"single",0.375,"day",-0.098,0.934327347,0.348676562,0.882768046,-0.106,0.929160674,0.408174571,0.90500643,NA,NA,NA,NA
"2639","tg_rliver_single_hydroxyzine_t3_c3","hydroxyzine",3,100,"mg/kg",3,"single",0.375,"day",-0.143,0.905633983,0.184058363,0.782648792,-0.017,0.988285652,0.88575856,0.98597429,NA,NA,NA,NA
"2640","tg_rliver_single_hydroxyzine_t4_c1","hydroxyzine",1,10,"mg/kg",4,"single",1,"day",0.113,1.081474763,0.299627356,0.981998497,0.007,1.00486382,0.938661497,0.9991826,NA,NA,NA,NA
"2641","tg_rliver_single_hydroxyzine_t4_c2","hydroxyzine",2,30,"mg/kg",4,"single",1,"day",0.277,1.21167266,0.173929697,0.826507907,0.241,1.181811547,0.18833603,0.828144275,NA,NA,NA,NA
"2642","tg_rliver_single_hydroxyzine_t4_c3","hydroxyzine",3,100,"mg/kg",4,"single",1,"day",-0.125,0.917004043,0.193017651,0.855417761,0.062,1.043911927,0.60539669,0.961102625,NA,NA,NA,NA
"2643","tg_rliver_single_ibuprofen_t1_c1","ibuprofen",1,60,"mg/kg",1,"single",0.125,"day",-0.152,0.90000193,0.481549898,0.932779434,-0.298,0.813379198,0.096752536,0.929963621,NA,NA,NA,NA
"2644","tg_rliver_single_ibuprofen_t1_c2","ibuprofen",2,200,"mg/kg",1,"single",0.125,"day",-0.109,0.927230546,0.613714731,0.90587226,0.075,1.053361036,0.592215213,0.898706903,NA,NA,NA,NA
"2645","tg_rliver_single_ibuprofen_t1_c3","ibuprofen",3,400,"mg/kg",1,"single",0.125,"day",-0.095,0.936272247,0.672156374,0.872001481,0.177,1.130530567,0.23827294,0.619121427,NA,NA,NA,NA
"2646","tg_rliver_single_ibuprofen_t2_c1","ibuprofen",1,60,"mg/kg",2,"single",0.25,"day",-0.232,0.851453708,0.035422662,0.681865897,-0.087,0.941478465,0.457409496,0.858505377,NA,NA,NA,NA
"2647","tg_rliver_single_ibuprofen_t2_c2","ibuprofen",2,200,"mg/kg",2,"single",0.25,"day",-0.221,0.85797053,0.080518526,0.329596106,-0.18,0.882702996,0.318945434,0.598301788,NA,NA,NA,NA
"2648","tg_rliver_single_ibuprofen_t2_c3","ibuprofen",3,400,"mg/kg",2,"single",0.25,"day",-0.255,0.837987135,0.015166326,0.15651775,-0.078,0.947370071,0.55651907,0.782145763,NA,NA,NA,NA
"2649","tg_rliver_single_ibuprofen_t3_c1","ibuprofen",1,60,"mg/kg",3,"single",0.375,"day",0.192,1.142346247,0.177991834,0.986720557,0.373,1.295042999,0.194896979,0.986720557,NA,NA,NA,NA
"2650","tg_rliver_single_ibuprofen_t3_c2","ibuprofen",2,200,"mg/kg",3,"single",0.375,"day",0.102,1.073260286,0.473695693,0.850309646,-0.082,0.944747041,0.732656527,0.94195132,NA,NA,NA,NA
"2651","tg_rliver_single_ibuprofen_t3_c3","ibuprofen",3,400,"mg/kg",3,"single",0.375,"day",0.272,1.207480591,0.074125441,0.34982207,-0.188,0.877821798,0.413023788,0.710867291,NA,NA,NA,NA
"2652","tg_rliver_single_ibuprofen_t4_c1","ibuprofen",1,60,"mg/kg",4,"single",1,"day",-0.259,0.835666959,0.118433505,0.636301128,-0.157,0.89688816,0.209723148,0.687389408,NA,NA,NA,NA
"2653","tg_rliver_single_ibuprofen_t4_c2","ibuprofen",2,200,"mg/kg",4,"single",1,"day",-0.242,0.845572287,0.104963149,0.33089514,-0.198,0.87175824,0.029980867,0.221099276,NA,NA,NA,NA
"2654","tg_rliver_single_ibuprofen_t4_c3","ibuprofen",3,400,"mg/kg",4,"single",1,"day",-0.122,0.918912883,0.375208928,0.560480403,-0.321,0.800514811,0.043348316,0.181550071,NA,NA,NA,NA
"2655","tg_rliver_single_imatinibmethanesulfonatesalt_t1_c1","imatinib methanesulfonate salt",1,60,"mg/kg",1,"single",0.125,"day",-0.131,0.91319825,0.109605196,0.774021368,-0.006,0.995849753,0.982543508,0.996950737,NA,NA,NA,NA
"2656","tg_rliver_single_imatinibmethanesulfonatesalt_t1_c2","imatinib methanesulfonate salt",2,200,"mg/kg",1,"single",0.125,"day",-0.077,0.948026965,0.31397828,0.752877878,0.089,1.063632673,0.73876755,0.930053698,NA,NA,NA,NA
"2657","tg_rliver_single_imatinibmethanesulfonatesalt_t1_c3","imatinib methanesulfonate salt",3,600,"mg/kg",1,"single",0.125,"day",-0.107,0.928516852,0.527549763,0.872343313,0.151,1.110338834,0.598442985,0.896345755,NA,NA,NA,NA
"2658","tg_rliver_single_imatinibmethanesulfonatesalt_t2_c1","imatinib methanesulfonate salt",1,60,"mg/kg",2,"single",0.25,"day",0.035,1.024556823,0.731913648,0.959338704,-0.337,0.791685866,0.131644223,0.75244866,NA,NA,NA,NA
"2659","tg_rliver_single_imatinibmethanesulfonatesalt_t2_c2","imatinib methanesulfonate salt",2,200,"mg/kg",2,"single",0.25,"day",0.226,1.169587664,0.075430227,0.564380802,-0.348,0.785672517,0.11440965,0.606609168,NA,NA,NA,NA
"2660","tg_rliver_single_imatinibmethanesulfonatesalt_t2_c3","imatinib methanesulfonate salt",3,600,"mg/kg",2,"single",0.25,"day",0.111,1.07997656,0.266000778,0.837621963,-0.215,0.86154616,0.302202975,0.848141288,NA,NA,NA,NA
"2661","tg_rliver_single_imatinibmethanesulfonatesalt_t3_c1","imatinib methanesulfonate salt",1,60,"mg/kg",3,"single",0.375,"day",-0.042,0.971307496,0.66798297,0.99102441,0.108,1.077733145,0.393396531,0.97504808,NA,NA,NA,NA
"2662","tg_rliver_single_imatinibmethanesulfonatesalt_t3_c2","imatinib methanesulfonate salt",2,200,"mg/kg",3,"single",0.375,"day",0.078,1.055553718,0.387314246,0.899732732,-0.12,0.920187651,0.455403739,0.916922149,NA,NA,NA,NA
"2663","tg_rliver_single_imatinibmethanesulfonatesalt_t3_c3","imatinib methanesulfonate salt",3,600,"mg/kg",3,"single",0.375,"day",0.03,1.021012126,0.826078607,0.965531352,-0.167,0.890692901,0.203663645,0.710964519,NA,NA,NA,NA
"2664","tg_rliver_single_imatinibmethanesulfonatesalt_t4_c1","imatinib methanesulfonate salt",1,60,"mg/kg",4,"single",1,"day",0.085,1.060687741,0.431454973,0.981102762,-0.125,0.917004043,0.273278806,0.981102762,NA,NA,NA,NA
"2665","tg_rliver_single_imatinibmethanesulfonatesalt_t4_c2","imatinib methanesulfonate salt",2,200,"mg/kg",4,"single",1,"day",0.003,1.002081605,0.978747291,0.999212948,-0.102,0.931740429,0.396122782,0.868868775,NA,NA,NA,NA
"2666","tg_rliver_single_imatinibmethanesulfonatesalt_t4_c3","imatinib methanesulfonate salt",3,600,"mg/kg",4,"single",1,"day",-0.003,0.997922719,0.976859941,0.993820423,-0.242,0.845572287,0.053920804,0.324399493,NA,NA,NA,NA
"2667","tg_rliver_single_imipramine_t1_c1","imipramine",1,10,"mg/kg",1,"single",0.125,"day",0.245,1.185092771,0.018890885,0.22483811,0.103,1.074004472,0.498158791,0.739463576,NA,NA,NA,NA
"2668","tg_rliver_single_imipramine_t1_c2","imipramine",2,30,"mg/kg",1,"single",0.125,"day",0.051,1.035982764,0.6441332,0.94033547,-0.067,0.954621014,0.698823155,0.953900168,NA,NA,NA,NA
"2669","tg_rliver_single_imipramine_t1_c3","imipramine",3,100,"mg/kg",1,"single",0.125,"day",0.094,1.067325338,0.321104872,0.693720624,0.054,1.038139271,0.729392388,0.904871519,NA,NA,NA,NA
"2670","tg_rliver_single_imipramine_t2_c1","imipramine",1,10,"mg/kg",2,"single",0.25,"day",-0.193,0.874784765,0.228025879,0.559581254,0.117,1.084477409,0.396594986,0.693647974,NA,NA,NA,NA
"2671","tg_rliver_single_imipramine_t2_c2","imipramine",2,30,"mg/kg",2,"single",0.25,"day",-0.127,0.915733686,0.376439722,0.736612099,0.149,1.108800644,0.329692243,0.706381188,NA,NA,NA,NA
"2672","tg_rliver_single_imipramine_t2_c3","imipramine",3,100,"mg/kg",2,"single",0.25,"day",-0.212,0.863339559,0.157596804,0.689160932,-0.288,0.819036698,0.102738345,0.613348798,NA,NA,NA,NA
"2673","tg_rliver_single_imipramine_t3_c1","imipramine",1,10,"mg/kg",3,"single",0.375,"day",-0.12,0.920187651,0.598609369,0.954877448,-0.19,0.876605721,0.411438814,0.941700033,NA,NA,NA,NA
"2674","tg_rliver_single_imipramine_t3_c2","imipramine",2,30,"mg/kg",3,"single",0.375,"day",-0.321,0.800514811,0.125354108,0.747729565,-0.296,0.814507563,0.039917504,0.683974514,NA,NA,NA,NA
"2675","tg_rliver_single_imipramine_t3_c3","imipramine",3,100,"mg/kg",3,"single",0.375,"day",-0.317,0.802737389,0.157232369,0.818889554,-0.07,0.952637998,0.535444635,0.924756338,NA,NA,NA,NA
"2676","tg_rliver_single_imipramine_t4_c1","imipramine",1,10,"mg/kg",4,"single",1,"day",-0.048,0.96727633,0.762949996,0.999463394,-0.174,0.886381699,0.358217042,0.999463394,NA,NA,NA,NA
"2677","tg_rliver_single_imipramine_t4_c2","imipramine",2,30,"mg/kg",4,"single",1,"day",-0.294,0.815637493,0.097947618,0.99463293,0.06,1.042465761,0.716753674,0.998142229,NA,NA,NA,NA
"2678","tg_rliver_single_imipramine_t4_c3","imipramine",3,100,"mg/kg",4,"single",1,"day",-0.313,0.804966138,0.10512118,0.479776782,-0.092,0.938221197,0.555705468,0.81253076,NA,NA,NA,NA
"2679","tg_rliver_single_indomethacin_t1_c1","indomethacin",1,5,"mg/kg",1,"single",0.125,"day",-0.004,0.997231251,0.978634493,0.99941929,0.16,1.117287138,0.259744639,0.99941929,NA,NA,NA,NA
"2680","tg_rliver_single_indomethacin_t1_c2","indomethacin",2,15,"mg/kg",1,"single",0.125,"day",-0.089,0.940174203,0.558104342,0.999829985,0.071,1.050444544,0.577043351,0.999829985,NA,NA,NA,NA
"2681","tg_rliver_single_indomethacin_t1_c3","indomethacin",3,50,"mg/kg",1,"single",0.125,"day",-0.02,0.986232704,0.891671087,0.998767575,0.411,1.329607108,0.193619172,0.998767575,NA,NA,NA,NA
"2682","tg_rliver_single_indomethacin_t2_c1","indomethacin",1,5,"mg/kg",2,"single",0.25,"day",0.036,1.025267238,0.839212871,0.999775191,-0.176,0.885153765,0.419845056,0.999775191,NA,NA,NA,NA
"2683","tg_rliver_single_indomethacin_t2_c2","indomethacin",2,15,"mg/kg",2,"single",0.25,"day",-0.18,0.882702996,0.315174852,0.829309858,-0.108,0.927873476,0.670502617,0.938973213,NA,NA,NA,NA
"2684","tg_rliver_single_indomethacin_t2_c3","indomethacin",3,50,"mg/kg",2,"single",0.25,"day",0.037,1.025978145,0.843819133,0.983005645,0.1,1.071773463,0.712725716,0.962131382,NA,NA,NA,NA
"2685","tg_rliver_single_indomethacin_t3_c1","indomethacin",1,5,"mg/kg",3,"single",0.375,"day",0.069,1.048989328,0.470737841,0.795640597,0.241,1.181811547,0.062785532,0.510502501,"no","yes","no","no"
"2686","tg_rliver_single_indomethacin_t3_c2","indomethacin",2,15,"mg/kg",3,"single",0.375,"day",-0.102,0.931740429,0.354989183,0.993365995,0.117,1.084477409,0.333570655,0.993365995,NA,NA,NA,NA
"2687","tg_rliver_single_indomethacin_t3_c3","indomethacin",3,50,"mg/kg",3,"single",0.375,"day",-0.055,0.962594443,0.603706489,0.838881095,-0.385,0.765778999,0.091187901,0.414236789,NA,NA,NA,NA
"2688","tg_rliver_single_indomethacin_t4_c1","indomethacin",1,5,"mg/kg",4,"single",1,"day",-0.15,0.901250463,0.133429201,0.997729758,-0.225,0.855595026,0.017566932,0.997729758,NA,NA,NA,NA
"2689","tg_rliver_single_indomethacin_t4_c2","indomethacin",2,15,"mg/kg",4,"single",1,"day",0.209,1.155886707,0.193014238,0.404332618,-0.471,0.721464343,0.013646094,0.063742768,NA,NA,NA,NA
"2690","tg_rliver_single_indomethacin_t4_c3","indomethacin",3,50,"mg/kg",4,"single",1,"day",0.058,1.041021598,0.527665707,0.697646263,-0.32,0.801069878,0.010490667,0.042952923,NA,NA,NA,NA
"2691","tg_rliver_single_iproniazid_t1_c1","iproniazid",1,6,"mg/kg",1,"single",0.125,"day",-0.085,0.942784536,0.610813637,0.999491911,0.294,1.22603486,0.12949646,0.999491911,NA,NA,NA,NA
"2692","tg_rliver_single_iproniazid_t1_c2","iproniazid",2,20,"mg/kg",1,"single",0.125,"day",-0.032,0.978063473,0.876643504,0.999817756,0.315,1.244011653,0.178899722,0.999817756,NA,NA,NA,NA
"2693","tg_rliver_single_iproniazid_t1_c3","iproniazid",3,60,"mg/kg",1,"single",0.125,"day",-0.024,0.983502074,0.873767657,0.999979965,0.175,1.128964405,0.358463765,0.997974014,NA,NA,NA,NA
"2694","tg_rliver_single_iproniazid_t2_c1","iproniazid",1,6,"mg/kg",2,"single",0.25,"day",0.037,1.025978145,0.613640238,0.843519947,0.365,1.28788163,0.018569055,0.434200326,NA,NA,NA,NA
"2695","tg_rliver_single_iproniazid_t2_c2","iproniazid",2,20,"mg/kg",2,"single",0.25,"day",0.078,1.055553718,0.411417281,0.88694612,0.154,1.112650121,0.057543133,0.674353251,NA,NA,NA,NA
"2696","tg_rliver_single_iproniazid_t2_c3","iproniazid",3,60,"mg/kg",2,"single",0.25,"day",0.12,1.086734863,0.169182468,0.616056504,0.154,1.112650121,0.153148602,0.597936364,NA,NA,NA,NA
"2697","tg_rliver_single_iproniazid_t3_c1","iproniazid",1,6,"mg/kg",3,"single",0.375,"day",0.059,1.041743429,0.459559386,0.876106628,0.143,1.104198847,0.103227259,0.834372992,NA,NA,NA,NA
"2698","tg_rliver_single_iproniazid_t3_c2","iproniazid",2,20,"mg/kg",3,"single",0.375,"day",0.062,1.043911927,0.481247556,0.989084262,0.08,1.057018041,0.448838371,0.988551125,NA,NA,NA,NA
"2699","tg_rliver_single_iproniazid_t3_c3","iproniazid",3,60,"mg/kg",3,"single",0.375,"day",-0.097,0.934975198,0.15556315,0.730513164,-0.179,0.883315051,0.200471949,0.76363481,NA,NA,NA,NA
"2700","tg_rliver_single_iproniazid_t4_c1","iproniazid",1,6,"mg/kg",4,"single",1,"day",-0.121,0.919550046,0.243568968,0.947794106,0.085,1.060687741,0.670330756,0.984886451,NA,NA,NA,NA
"2701","tg_rliver_single_iproniazid_t4_c2","iproniazid",2,20,"mg/kg",4,"single",1,"day",-0.065,0.955945318,0.652929579,0.901814786,0.146,1.106497353,0.485843322,0.836687003,NA,NA,NA,NA
"2702","tg_rliver_single_iproniazid_t4_c3","iproniazid",3,60,"mg/kg",4,"single",1,"day",-0.112,0.925304428,0.498954965,0.862705266,-0.081,0.945402117,0.690299157,0.929752447,NA,NA,NA,NA
"2703","tg_rliver_single_isoniazid_t1_c1","isoniazid",1,200,"mg/kg",1,"single",0.125,"day",-0.064,0.956608158,0.68573336,0.912957064,0.167,1.122721422,0.250262775,0.680164514,NA,NA,NA,NA
"2704","tg_rliver_single_isoniazid_t1_c2","isoniazid",2,600,"mg/kg",1,"single",0.125,"day",0.014,1.009751298,0.925838066,0.998500589,0.366,1.28877463,0.073135268,0.735110871,NA,NA,NA,NA
"2705","tg_rliver_single_isoniazid_t1_c3","isoniazid",3,2000,"mg/kg",1,"single",0.125,"day",-0.047,0.967947027,0.729568158,0.925881387,0.094,1.067325338,0.601133711,0.876315096,NA,NA,NA,NA
"2706","tg_rliver_single_isoniazid_t2_c1","isoniazid",1,200,"mg/kg",2,"single",0.25,"day",-0.172,0.887611337,0.121536631,0.667813326,-0.148,0.902500727,0.190585918,0.739728186,NA,NA,NA,NA
"2707","tg_rliver_single_isoniazid_t2_c2","isoniazid",2,600,"mg/kg",2,"single",0.25,"day",0.052,1.036701101,0.546046746,0.865500553,0.013,1.009051634,0.903152584,0.979340709,NA,NA,NA,NA
"2708","tg_rliver_single_isoniazid_t2_c3","isoniazid",3,2000,"mg/kg",2,"single",0.25,"day",-0.002,0.998614666,0.988311143,0.994754162,-0.162,0.893785162,0.207351336,0.5008298,NA,NA,NA,NA
"2709","tg_rliver_single_isoniazid_t3_c1","isoniazid",1,200,"mg/kg",3,"single",0.375,"day",0.07,1.049716684,0.394220571,0.830300528,-0.442,0.736113431,0.004275229,0.567431657,NA,NA,NA,NA
"2710","tg_rliver_single_isoniazid_t3_c2","isoniazid",2,600,"mg/kg",3,"single",0.375,"day",0.084,1.059952783,0.438584894,0.850788526,-0.252,0.839731493,0.041355577,0.480984728,NA,NA,NA,NA
"2711","tg_rliver_single_isoniazid_t3_c3","isoniazid",3,2000,"mg/kg",3,"single",0.375,"day",0.328,1.255271991,0.017062274,0.175587687,-0.333,0.793883931,0.003865113,0.111504114,NA,NA,NA,NA
"2712","tg_rliver_single_isoniazid_t4_c1","isoniazid",1,200,"mg/kg",4,"single",1,"day",-0.103,0.93109482,0.462339535,0.981499664,0.119,1.085981856,0.441545563,0.981499664,"no","yes","no","no"
"2713","tg_rliver_single_isoniazid_t4_c2","isoniazid",2,600,"mg/kg",4,"single",1,"day",-0.04,0.972654947,0.812068136,0.938722201,-0.1,0.933032992,0.607222751,0.856907928,NA,NA,NA,NA
"2714","tg_rliver_single_isoniazid_t4_c3","isoniazid",3,2000,"mg/kg",4,"single",1,"day",-0.015,0.989656656,0.858517366,0.941484773,-0.133,0.911933166,0.267243064,0.508711046,NA,NA,NA,NA
"2715","tg_rliver_single_ketoconazole_t1_c1","ketoconazole",1,10,"mg/kg",1,"single",0.125,"day",0.174,1.128182137,0.010697893,0.573800462,0.242,1.182631,0.139693003,0.676801911,NA,NA,NA,NA
"2716","tg_rliver_single_ketoconazole_t1_c2","ketoconazole",2,30,"mg/kg",1,"single",0.125,"day",0.124,1.089752112,0.206630864,0.734109841,-0.026,0.982139595,0.826258552,0.962954723,NA,NA,NA,NA
"2717","tg_rliver_single_ketoconazole_t1_c3","ketoconazole",3,100,"mg/kg",1,"single",0.125,"day",0.102,1.073260286,0.104651373,0.628322095,0.084,1.059952783,0.554074471,0.871877321,NA,NA,NA,NA
"2718","tg_rliver_single_ketoconazole_t2_c1","ketoconazole",1,10,"mg/kg",2,"single",0.25,"day",-0.079,0.946713631,0.271791483,0.955280264,-0.423,0.745872013,0.041086302,0.870910329,NA,NA,NA,NA
"2719","tg_rliver_single_ketoconazole_t2_c2","ketoconazole",2,30,"mg/kg",2,"single",0.25,"day",-0.013,0.991029563,0.889901752,0.999923484,-0.151,0.90062598,0.319531686,0.974287543,NA,NA,NA,NA
"2720","tg_rliver_single_ketoconazole_t2_c3","ketoconazole",3,100,"mg/kg",2,"single",0.25,"day",0.024,1.016774673,0.781421349,0.952719228,-0.392,0.762072415,0.008672765,0.311709194,NA,NA,NA,NA
"2721","tg_rliver_single_ketoconazole_t3_c1","ketoconazole",1,10,"mg/kg",3,"single",0.375,"day",-0.112,0.925304428,0.227724506,0.742826259,0.343,1.268391399,0.006235827,0.692630837,NA,NA,NA,NA
"2722","tg_rliver_single_ketoconazole_t3_c2","ketoconazole",2,30,"mg/kg",3,"single",0.375,"day",0.015,1.010451446,0.883511793,0.999289184,-0.013,0.991029563,0.943564977,0.999289184,NA,NA,NA,NA
"2723","tg_rliver_single_ketoconazole_t3_c3","ketoconazole",3,100,"mg/kg",3,"single",0.375,"day",0.119,1.085981856,0.271115846,0.706477958,0.271,1.20664392,0.159198229,0.600668326,NA,NA,NA,NA
"2724","tg_rliver_single_ketoconazole_t4_c1","ketoconazole",1,10,"mg/kg",4,"single",1,"day",0.029,1.020304659,0.761221414,0.972761803,-0.145,0.904379378,0.207597725,0.937844957,NA,NA,NA,NA
"2725","tg_rliver_single_ketoconazole_t4_c2","ketoconazole",2,30,"mg/kg",4,"single",1,"day",-0.231,0.852044095,0.034976986,0.619628551,-0.166,0.891310496,0.160170164,0.718231836,NA,NA,NA,NA
"2726","tg_rliver_single_ketoconazole_t4_c3","ketoconazole",3,100,"mg/kg",4,"single",1,"day",-0.1,0.933032992,0.285264116,0.969406717,0.018,1.012554807,0.912730923,0.998969598,NA,NA,NA,NA
"2727","tg_rliver_single_labetalol_t1_c1","labetalol",1,45,"mg/kg",1,"single",0.125,"day",-0.115,0.923382311,0.299840365,0.984577307,-0.223,0.856781955,0.440107815,0.984577307,NA,NA,NA,NA
"2728","tg_rliver_single_labetalol_t1_c2","labetalol",2,150,"mg/kg",1,"single",0.125,"day",-0.121,0.919550046,0.351017734,0.999655683,-0.107,0.928516852,0.701139345,0.999655683,NA,NA,NA,NA
"2729","tg_rliver_single_labetalol_t1_c3","labetalol",3,450,"mg/kg",1,"single",0.125,"day",-0.17,0.888842681,0.090182007,0.640936109,-0.674,0.62676651,0.065582725,0.62368462,NA,NA,NA,NA
"2730","tg_rliver_single_labetalol_t2_c1","labetalol",1,45,"mg/kg",2,"single",0.25,"day",0.242,1.182631,0.151004544,0.606419424,-0.35,0.784584098,0.412233246,0.754895328,NA,NA,NA,NA
"2731","tg_rliver_single_labetalol_t2_c2","labetalol",2,150,"mg/kg",2,"single",0.25,"day",0.251,1.190031696,0.04638171,0.268167115,-0.148,0.902500727,0.487156851,0.723826356,NA,NA,NA,NA
"2732","tg_rliver_single_labetalol_t2_c3","labetalol",3,450,"mg/kg",2,"single",0.25,"day",0.081,1.057750964,0.490811062,0.806000625,-0.141,0.906890329,0.573662141,0.845640432,NA,NA,NA,NA
"2733","tg_rliver_single_labetalol_t3_c1","labetalol",1,45,"mg/kg",3,"single",0.375,"day",-0.004,0.997231251,0.957227466,0.999844158,-0.305,0.809442217,0.112142409,0.999844158,NA,NA,NA,NA
"2734","tg_rliver_single_labetalol_t3_c2","labetalol",2,150,"mg/kg",3,"single",0.375,"day",-0.216,0.860949188,0.028533875,0.48196444,0.255,1.193335743,0.233763039,0.69961924,NA,NA,NA,NA
"2735","tg_rliver_single_labetalol_t3_c3","labetalol",3,450,"mg/kg",3,"single",0.375,"day",-0.091,0.938871747,0.300384588,0.908514462,0.178,1.131314463,0.497701507,0.972225403,NA,NA,NA,NA
"2736","tg_rliver_single_labetalol_t4_c1","labetalol",1,45,"mg/kg",4,"single",1,"day",-0.033,0.977385766,0.764033951,0.993660368,0.116,1.083725967,0.201262589,0.950990945,NA,NA,NA,NA
"2737","tg_rliver_single_labetalol_t4_c2","labetalol",2,150,"mg/kg",4,"single",1,"day",-0.017,0.988285652,0.897408561,0.99170981,0.132,1.095811766,0.167533857,0.964322776,NA,NA,NA,NA
"2738","tg_rliver_single_labetalol_t4_c3","labetalol",3,450,"mg/kg",4,"single",1,"day",-0.103,0.93109482,0.434873618,0.998651216,0.058,1.041021598,0.718512974,0.998651216,NA,NA,NA,NA
"2739","tg_rliver_single_lomustine_t1_c1","lomustine",1,1,"mg/kg",1,"single",0.125,"day",-0.164,0.892546971,0.094423562,0.434094817,-0.369,0.774319028,0.022677607,0.316378205,NA,NA,NA,NA
"2740","tg_rliver_single_lomustine_t1_c2","lomustine",2,2,"mg/kg",1,"single",0.125,"day",0.005,1.003471749,0.967385261,0.999560432,0.003,1.002081605,0.991681564,0.999560432,NA,NA,NA,NA
"2741","tg_rliver_single_lomustine_t1_c3","lomustine",3,6,"mg/kg",1,"single",0.125,"day",-0.05,0.965936329,0.604789852,0.81237321,-0.517,0.698823486,0.022610406,0.309041858,NA,NA,NA,NA
"2742","tg_rliver_single_lomustine_t2_c1","lomustine",1,1,"mg/kg",2,"single",0.25,"day",-0.039,0.973329374,0.737205117,0.999713695,0.064,1.0453601,0.806605187,0.999713695,NA,NA,NA,NA
"2743","tg_rliver_single_lomustine_t2_c2","lomustine",2,2,"mg/kg",2,"single",0.25,"day",-0.122,0.918912883,0.246146177,0.660961927,0.923,1.89605393,0.010283713,0.505998514,NA,NA,NA,NA
"2744","tg_rliver_single_lomustine_t2_c3","lomustine",3,6,"mg/kg",2,"single",0.25,"day",0.036,1.025267238,0.808631243,0.989526911,0.996,1.994462503,0.012660493,0.968150117,NA,NA,NA,NA
"2745","tg_rliver_single_lomustine_t3_c1","lomustine",1,1,"mg/kg",3,"single",0.375,"day",-0.173,0.886996305,0.021061356,0.999721645,-0.192,0.87539133,0.120398873,0.999721645,NA,NA,NA,NA
"2746","tg_rliver_single_lomustine_t3_c2","lomustine",2,2,"mg/kg",3,"single",0.375,"day",0.031,1.021720083,0.765932336,0.902215811,-0.265,0.832198735,0.043395303,0.340943728,"no","yes","no","no"
"2747","tg_rliver_single_lomustine_t3_c3","lomustine",3,6,"mg/kg",3,"single",0.375,"day",0.145,1.105730653,0.167508274,0.357501544,-0.79,0.578344092,0.001376155,0.04841232,NA,NA,NA,NA
"2748","tg_rliver_single_lomustine_t4_c1","lomustine",1,1,"mg/kg",4,"single",1,"day",0.126,1.091263877,0.633210516,0.999922234,0.603,1.51887169,0.016222014,0.999922234,NA,NA,NA,NA
"2749","tg_rliver_single_lomustine_t4_c2","lomustine",2,2,"mg/kg",4,"single",1,"day",0.048,1.033830736,0.769180764,0.999995978,0.593,1.508380077,0.008475321,0.999995978,NA,NA,NA,NA
"2750","tg_rliver_single_lomustine_t4_c3","lomustine",3,6,"mg/kg",4,"single",1,"day",0.121,1.087488391,0.670014496,0.992077602,0.446,1.362258035,0.076232742,0.943933077,NA,NA,NA,NA
"2751","tg_rliver_single_lornoxicam_t1_c1","lornoxicam",1,1,"mg/kg",1,"single",0.125,"day",0.037,1.025978145,0.837263562,0.976172308,0.284,1.217566019,0.025107704,0.685130305,NA,NA,NA,NA
"2752","tg_rliver_single_lornoxicam_t1_c2","lornoxicam",2,3,"mg/kg",1,"single",0.125,"day",-0.182,0.881480158,0.348815828,0.825931447,0.108,1.077733145,0.563724337,0.903103538,NA,NA,NA,NA
"2753","tg_rliver_single_lornoxicam_t1_c3","lornoxicam",3,10,"mg/kg",1,"single",0.125,"day",-0.196,0.872967591,0.272722797,0.795804499,-0.146,0.903752727,0.228527637,0.781408958,NA,NA,NA,NA
"2754","tg_rliver_single_lornoxicam_t2_c1","lornoxicam",1,1,"mg/kg",2,"single",0.25,"day",0.113,1.081474763,0.409049279,0.95041047,-0.098,0.934327347,0.570771191,0.97248089,NA,NA,NA,NA
"2755","tg_rliver_single_lornoxicam_t2_c2","lornoxicam",2,3,"mg/kg",2,"single",0.25,"day",0.066,1.046810282,0.407784022,0.999121125,-0.023,0.984184022,0.901177544,0.999121125,NA,NA,NA,NA
"2756","tg_rliver_single_lornoxicam_t2_c3","lornoxicam",3,10,"mg/kg",2,"single",0.25,"day",-0.036,0.975355462,0.784869328,0.973837639,-0.105,0.929804943,0.579683415,0.936825413,NA,NA,NA,NA
"2757","tg_rliver_single_lornoxicam_t3_c1","lornoxicam",1,1,"mg/kg",3,"single",0.375,"day",0.021,1.014662547,0.892913607,0.999481075,-0.017,0.988285652,0.908837919,0.999481075,NA,NA,NA,NA
"2758","tg_rliver_single_lornoxicam_t3_c2","lornoxicam",2,3,"mg/kg",3,"single",0.375,"day",0.373,1.295042999,0.06527058,0.999660741,0.228,1.171210181,0.378315042,0.999660741,NA,NA,NA,NA
"2759","tg_rliver_single_lornoxicam_t3_c3","lornoxicam",3,10,"mg/kg",3,"single",0.375,"day",0.212,1.158292806,0.153763586,0.996667215,-0.109,0.927230546,0.42111365,0.996667215,NA,NA,NA,NA
"2760","tg_rliver_single_lornoxicam_t4_c1","lornoxicam",1,1,"mg/kg",4,"single",1,"day",0.288,1.220946513,0.125335681,0.946370455,0.341,1.266634254,0.074780841,0.946370455,NA,NA,NA,NA
"2761","tg_rliver_single_lornoxicam_t4_c2","lornoxicam",2,3,"mg/kg",4,"single",1,"day",0.076,1.054091423,0.726793333,0.969939498,-0.015,0.989656656,0.903980265,0.994287985,NA,NA,NA,NA
"2762","tg_rliver_single_lornoxicam_t4_c3","lornoxicam",3,10,"mg/kg",4,"single",1,"day",0.251,1.190031696,0.288838733,0.636462604,-0.163,0.893165852,0.254091487,0.604595421,NA,NA,NA,NA
"2763","tg_rliver_single_lps_t1_c1","lps",1,10,"g/kg",1,"single",0.125,"day",0.113,1.081474763,0.38103446,0.66616489,-0.358,0.78024548,0.049980794,0.444810725,NA,NA,NA,NA
"2764","tg_rliver_single_lps_t1_c2","lps",2,300,"g/kg",1,"single",0.125,"day",0.385,1.305859787,0.010926008,0.034304416,-0.437,0.738669032,0.02268498,0.059348951,NA,NA,NA,NA
"2765","tg_rliver_single_lps_t1_c3","lps",3,3000,"g/kg",1,"single",0.125,"day",0.223,1.167158102,0.143537248,0.330531814,-0.427,0.743806881,0.089047711,0.262679051,NA,NA,NA,NA
"2766","tg_rliver_single_lps_t2_c1","lps",1,10,"g/kg",2,"single",0.25,"day",0.532,1.445932295,0.001398604,0.00649172,-0.342,0.788946841,0.19494133,0.335595811,NA,NA,NA,NA
"2767","tg_rliver_single_lps_t2_c2","lps",2,300,"g/kg",2,"single",0.25,"day",0.56,1.474269217,0.008468507,0.024294868,-0.11,0.926588062,0.375933083,0.521167205,NA,NA,NA,NA
"2768","tg_rliver_single_lps_t2_c3","lps",3,3000,"g/kg",2,"single",0.25,"day",0.427,1.344434994,0.017467528,0.046707454,-0.427,0.743806881,0.054583332,0.119784809,NA,NA,NA,NA
"2769","tg_rliver_single_lps_t3_c1","lps",1,10,"g/kg",3,"single",0.375,"day",0.132,1.095811766,0.375242836,0.99970863,0.072,1.051172909,0.621494355,0.99970863,NA,NA,NA,NA
"2770","tg_rliver_single_lps_t3_c2","lps",2,300,"g/kg",3,"single",0.375,"day",0.535,1.448942155,0.011538993,0.4516914,-0.156,0.897510051,0.567270735,0.756252433,NA,NA,NA,NA
"2771","tg_rliver_single_lps_t3_c3","lps",3,3000,"g/kg",3,"single",0.375,"day",0.597,1.512567997,0.001370706,0.006766392,-0.611,0.654742712,0.012058637,0.035772843,NA,NA,NA,NA
"2772","tg_rliver_single_lps_t4_c1","lps",1,10,"g/kg",4,"single",1,"day",0.32,1.248330549,0.102012403,0.635369508,0.297,1.22858698,0.025864757,0.627651591,NA,NA,NA,NA
"2773","tg_rliver_single_lps_t4_c2","lps",2,300,"g/kg",4,"single",1,"day",0.397,1.316766922,0.022852543,0.465435769,0.287,1.22010051,0.078429272,0.500433398,NA,NA,NA,NA
"2774","tg_rliver_single_lps_t4_c3","lps",3,3000,"g/kg",4,"single",1,"day",0.801,1.742308384,0.017579786,0.414111784,-0.092,0.938221197,0.582192709,0.781679823,NA,NA,NA,NA
"2775","tg_rliver_single_mefenamicacid_t1_c1","mefenamic acid",1,30,"mg/kg",1,"single",0.125,"day",0.091,1.065108203,0.555330318,0.96113477,0.088,1.062895674,0.436111958,0.941918869,NA,NA,NA,NA
"2776","tg_rliver_single_mefenamicacid_t1_c2","mefenamic acid",2,100,"mg/kg",1,"single",0.125,"day",-0.014,0.990342872,0.927667159,0.985522583,0.293,1.225185332,0.055005797,0.66130352,NA,NA,NA,NA
"2777","tg_rliver_single_mefenamicacid_t1_c3","mefenamic acid",3,300,"mg/kg",1,"single",0.125,"day",0.03,1.021012126,0.8426683,0.991583323,0.018,1.012554807,0.853615349,0.992247015,NA,NA,NA,NA
"2778","tg_rliver_single_mefenamicacid_t2_c1","mefenamic acid",1,30,"mg/kg",2,"single",0.25,"day",-0.034,0.976708529,0.750722034,0.966720234,0.047,1.033114388,0.622556633,0.949019973,NA,NA,NA,NA
"2779","tg_rliver_single_mefenamicacid_t2_c2","mefenamic acid",2,100,"mg/kg",2,"single",0.25,"day",0.016,1.011152081,0.876183635,0.990729688,-0.139,0.908148418,0.392465314,0.981113048,NA,NA,NA,NA
"2780","tg_rliver_single_mefenamicacid_t2_c3","mefenamic acid",3,300,"mg/kg",2,"single",0.25,"day",0.016,1.011152081,0.807508198,0.936792876,-0.26,0.835087919,0.121221448,0.511533204,NA,NA,NA,NA
"2781","tg_rliver_single_mefenamicacid_t3_c1","mefenamic acid",1,30,"mg/kg",3,"single",0.375,"day",0.039,1.027401439,0.781456864,0.976313094,0.188,1.139183377,0.038104042,0.856835993,NA,NA,NA,NA
"2782","tg_rliver_single_mefenamicacid_t3_c2","mefenamic acid",2,100,"mg/kg",3,"single",0.375,"day",-0.075,0.949342121,0.509206803,0.904547067,-0.238,0.847919965,0.08097305,0.765294296,NA,NA,NA,NA
"2783","tg_rliver_single_mefenamicacid_t3_c3","mefenamic acid",3,300,"mg/kg",3,"single",0.375,"day",-0.227,0.854409741,0.076266713,0.865410773,0.201,1.149494848,0.035785555,0.836854364,NA,NA,NA,NA
"2784","tg_rliver_single_mefenamicacid_t4_c1","mefenamic acid",1,30,"mg/kg",4,"single",1,"day",-0.157,0.89688816,0.405742472,0.992021638,0.215,1.160703914,0.272555548,0.992021638,NA,NA,NA,NA
"2785","tg_rliver_single_mefenamicacid_t4_c2","mefenamic acid",2,100,"mg/kg",4,"single",1,"day",-0.151,0.90062598,0.36256168,0.957710734,-0.3,0.812252396,0.061924637,0.940096788,NA,NA,NA,NA
"2786","tg_rliver_single_mefenamicacid_t4_c3","mefenamic acid",3,300,"mg/kg",4,"single",1,"day",0.058,1.041021598,0.758960843,0.93737833,0.195,1.144724161,0.379110745,0.774166673,NA,NA,NA,NA
"2787","tg_rliver_single_meloxicam_t1_c1","meloxicam",1,10,"mg/kg",1,"single",0.125,"day",0.288,1.220946513,0.271587737,0.984424392,0.344,1.269270886,0.218096294,0.984424392,NA,NA,NA,NA
"2788","tg_rliver_single_meloxicam_t1_c2","meloxicam",2,30,"mg/kg",1,"single",0.125,"day",-0.126,0.916368645,0.501537504,0.958620843,-0.045,0.969289817,0.841820354,0.991303631,NA,NA,NA,NA
"2789","tg_rliver_single_meloxicam_t1_c3","meloxicam",3,100,"mg/kg",1,"single",0.125,"day",0.062,1.043911927,0.647884661,0.928201163,0.324,1.251796459,0.15289083,0.758020221,NA,NA,NA,NA
"2790","tg_rliver_single_meloxicam_t2_c1","meloxicam",1,10,"mg/kg",2,"single",0.25,"day",0.079,1.056285625,0.478625735,0.954819109,-0.242,0.845572287,0.323742156,0.934152662,NA,NA,NA,NA
"2791","tg_rliver_single_meloxicam_t2_c2","meloxicam",2,30,"mg/kg",2,"single",0.25,"day",0.112,1.080725402,0.519327203,0.998639517,-0.104,0.930449658,0.680018551,0.998639517,NA,NA,NA,NA
"2792","tg_rliver_single_meloxicam_t2_c3","meloxicam",3,100,"mg/kg",2,"single",0.25,"day",0.117,1.084477409,0.377715555,0.975236107,-0.047,0.967947027,0.836462178,0.993071448,NA,NA,NA,NA
"2793","tg_rliver_single_meloxicam_t3_c1","meloxicam",1,10,"mg/kg",3,"single",0.375,"day",-0.272,0.828170661,0.060876674,0.881553538,0.297,1.22858698,0.199690427,0.939906316,NA,NA,NA,NA
"2794","tg_rliver_single_meloxicam_t3_c2","meloxicam",2,30,"mg/kg",3,"single",0.375,"day",0.048,1.033830736,0.700539647,0.964937271,0.552,1.466116757,0.024188639,0.712967041,NA,NA,NA,NA
"2795","tg_rliver_single_meloxicam_t3_c3","meloxicam",3,100,"mg/kg",3,"single",0.375,"day",-0.028,0.980779004,0.784934049,0.985517303,0.442,1.358486285,0.142997589,0.83306523,NA,NA,NA,NA
"2796","tg_rliver_single_meloxicam_t4_c1","meloxicam",1,10,"mg/kg",4,"single",1,"day",0.043,1.030253954,0.78856713,0.96325891,-0.199,0.871154192,0.60895563,0.924594531,NA,NA,NA,NA
"2797","tg_rliver_single_meloxicam_t4_c2","meloxicam",2,30,"mg/kg",4,"single",1,"day",0.102,1.073260286,0.582708304,0.940309526,-0.54,0.687770909,0.235754673,0.885224306,NA,NA,NA,NA
"2798","tg_rliver_single_meloxicam_t4_c3","meloxicam",3,100,"mg/kg",4,"single",1,"day",0.125,1.090507733,0.465192286,0.720503572,-0.004,0.997231251,0.992020913,0.996813976,NA,NA,NA,NA
"2799","tg_rliver_single_metformin_t1_c1","metformin",1,100,"mg/kg",1,"single",0.125,"day",-0.19,0.876605721,0.060197557,0.905196532,-0.354,0.782411782,0.015506574,0.905196532,NA,NA,NA,NA
"2800","tg_rliver_single_metformin_t1_c2","metformin",2,300,"mg/kg",1,"single",0.125,"day",-0.224,0.856188285,0.03014026,0.73050116,0.179,1.132098902,0.306205908,0.883056805,NA,NA,NA,NA
"2801","tg_rliver_single_metformin_t1_c3","metformin",3,1000,"mg/kg",1,"single",0.125,"day",-0.154,0.898755127,0.105730505,0.99929798,-0.18,0.882702996,0.11416261,0.99929798,NA,NA,NA,NA
"2802","tg_rliver_single_metformin_t2_c1","metformin",1,100,"mg/kg",2,"single",0.25,"day",-0.115,0.923382311,0.187899797,0.951245881,0.074,1.052631155,0.545281922,0.959445073,"no","yes","no","no"
"2803","tg_rliver_single_metformin_t2_c2","metformin",2,300,"mg/kg",2,"single",0.25,"day",0.117,1.084477409,0.17807273,0.85955062,-0.039,0.973329374,0.739033442,0.977254382,NA,NA,NA,NA
"2804","tg_rliver_single_metformin_t2_c3","metformin",3,1000,"mg/kg",2,"single",0.25,"day",-0.21,0.864537231,0.009570282,0.286062319,-0.195,0.873572896,0.277384272,0.802007756,NA,NA,NA,NA
"2805","tg_rliver_single_metformin_t3_c1","metformin",1,100,"mg/kg",3,"single",0.375,"day",0.027,1.018891197,0.732810529,0.967884041,0.093,1.066585781,0.534825899,0.938846682,NA,NA,NA,NA
"2806","tg_rliver_single_metformin_t3_c2","metformin",2,300,"mg/kg",3,"single",0.375,"day",-0.145,0.904379378,0.057214777,0.442207972,0.273,1.208317843,0.094747815,0.49616017,NA,NA,NA,NA
"2807","tg_rliver_single_metformin_t3_c3","metformin",3,1000,"mg/kg",3,"single",0.375,"day",-0.16,0.895025071,0.056950217,0.43051412,-0.084,0.943438251,0.482864369,0.812539931,NA,NA,NA,NA
"2808","tg_rliver_single_metformin_t4_c1","metformin",1,100,"mg/kg",4,"single",1,"day",-0.073,0.950659101,0.590532432,0.997364239,-0.027,0.981459064,0.891939629,0.997364239,NA,NA,NA,NA
"2809","tg_rliver_single_metformin_t4_c2","metformin",2,300,"mg/kg",4,"single",1,"day",-0.066,0.955282936,0.74743977,0.973568763,-0.052,0.964598185,0.796665968,0.978671972,NA,NA,NA,NA
"2810","tg_rliver_single_metformin_t4_c3","metformin",3,1000,"mg/kg",4,"single",1,"day",-0.416,0.749499801,0.00801406,0.226743315,-0.37,0.773782497,0.085270134,0.439935711,NA,NA,NA,NA
"2811","tg_rliver_single_methapyrilene_t1_c1","methapyrilene",1,10,"mg/kg",1,"single",0.125,"day",0.177,1.130530567,0.238705027,0.834610774,0.136,1.098854218,0.166496593,0.822670262,NA,NA,NA,NA
"2812","tg_rliver_single_methapyrilene_t1_c2","methapyrilene",2,30,"mg/kg",1,"single",0.125,"day",0.01,1.00695555,0.94927622,0.9916539,0.125,1.090507733,0.277437748,0.717033285,NA,NA,NA,NA
"2813","tg_rliver_single_methapyrilene_t1_c3","methapyrilene",3,100,"mg/kg",1,"single",0.125,"day",0.105,1.07549439,0.42407498,0.888413502,0.035,1.024556823,0.748448979,0.966174548,"yes","no","no","no"
"2814","tg_rliver_single_methapyrilene_t2_c1","methapyrilene",1,10,"mg/kg",2,"single",0.25,"day",-0.013,0.991029563,0.897190432,0.982383383,0.015,1.010451446,0.926700523,0.989853265,NA,NA,NA,NA
"2815","tg_rliver_single_methapyrilene_t2_c2","methapyrilene",2,30,"mg/kg",2,"single",0.25,"day",-0.034,0.976708529,0.682395597,0.921503674,-0.234,0.85027416,0.152317032,0.621544088,NA,NA,NA,NA
"2816","tg_rliver_single_methapyrilene_t2_c3","methapyrilene",3,100,"mg/kg",2,"single",0.25,"day",0.021,1.014662547,0.843734885,0.928372606,-0.485,0.71449707,0.002180243,0.019387047,"yes","no","no","no"
"2817","tg_rliver_single_methapyrilene_t3_c1","methapyrilene",1,10,"mg/kg",3,"single",0.375,"day",-0.077,0.948026965,0.304099368,0.998054383,-0.213,0.862741345,0.055398469,0.989598096,NA,NA,NA,NA
"2818","tg_rliver_single_methapyrilene_t3_c2","methapyrilene",2,30,"mg/kg",3,"single",0.375,"day",-0.115,0.923382311,0.216800044,0.846425276,-0.244,0.844400887,0.172929309,0.81754768,NA,NA,NA,NA
"2819","tg_rliver_single_methapyrilene_t3_c3","methapyrilene",3,100,"mg/kg",3,"single",0.375,"day",0.09,1.064370182,0.254386532,0.460639628,-0.337,0.791685866,0.028494787,0.113864744,"yes","no","no","no"
"2820","tg_rliver_single_methapyrilene_t4_c1","methapyrilene",1,10,"mg/kg",4,"single",1,"day",-0.106,0.929160674,0.447861279,0.992606194,0.097,1.069547088,0.531995961,0.992606194,NA,NA,NA,NA
"2821","tg_rliver_single_methapyrilene_t4_c2","methapyrilene",2,30,"mg/kg",4,"single",1,"day",-0.046,0.968618189,0.531564119,0.926662634,0.092,1.065846736,0.240688227,0.855332856,NA,NA,NA,NA
"2822","tg_rliver_single_methapyrilene_t4_c3","methapyrilene",3,100,"mg/kg",4,"single",1,"day",0.112,1.080725402,0.337318572,0.614967549,-0.308,0.807760778,0.035885368,0.189907603,"yes","no","no","no"
"2823","tg_rliver_single_methimazole_t1_c1","methimazole",1,10,"mg/kg",1,"single",0.125,"day",-0.197,0.872362706,0.023554615,0.843111714,0.084,1.059952783,0.250823928,0.919242537,NA,NA,NA,NA
"2824","tg_rliver_single_methimazole_t1_c2","methimazole",2,30,"mg/kg",1,"single",0.125,"day",-0.059,0.959929261,0.579798256,0.916219684,-0.177,0.884540435,0.032062525,0.510278154,NA,NA,NA,NA
"2825","tg_rliver_single_methimazole_t1_c3","methimazole",3,100,"mg/kg",1,"single",0.125,"day",-0.046,0.968618189,0.478412067,0.837142682,0.053,1.037419937,0.593157061,0.887951278,NA,NA,NA,NA
"2826","tg_rliver_single_methimazole_t2_c1","methimazole",1,10,"mg/kg",2,"single",0.25,"day",0.098,1.070288698,0.183433658,0.571283516,-0.248,0.842062954,0.014812983,0.213522321,NA,NA,NA,NA
"2827","tg_rliver_single_methimazole_t2_c2","methimazole",2,30,"mg/kg",2,"single",0.25,"day",0.113,1.081474763,0.111693878,0.348716142,0.029,1.020304659,0.708297469,0.864373527,NA,NA,NA,NA
"2828","tg_rliver_single_methimazole_t2_c3","methimazole",3,100,"mg/kg",2,"single",0.25,"day",-0.071,0.951977908,0.31985177,0.516133708,-0.172,0.887611337,0.137648959,0.313552493,NA,NA,NA,NA
"2829","tg_rliver_single_methimazole_t3_c1","methimazole",1,10,"mg/kg",3,"single",0.375,"day",-0.093,0.937571096,0.140724049,0.447478069,-0.296,0.814507563,0.030845063,0.241997705,NA,NA,NA,NA
"2830","tg_rliver_single_methimazole_t3_c2","methimazole",2,30,"mg/kg",3,"single",0.375,"day",-0.057,0.961260928,0.471285594,0.689090663,-0.394,0.76101669,0.002945298,0.063226025,NA,NA,NA,NA
"2831","tg_rliver_single_methimazole_t3_c3","methimazole",3,100,"mg/kg",3,"single",0.375,"day",-0.062,0.957935218,0.525901354,0.732371879,-0.306,0.808881348,0.023615651,0.175592572,NA,NA,NA,NA
"2832","tg_rliver_single_methimazole_t4_c1","methimazole",1,10,"mg/kg",4,"single",1,"day",0.061,1.043188594,0.614891465,0.94111354,-0.106,0.929160674,0.179077471,0.709321566,NA,NA,NA,NA
"2833","tg_rliver_single_methimazole_t4_c2","methimazole",2,30,"mg/kg",4,"single",1,"day",-0.079,0.946713631,0.55994145,0.791409131,-0.316,0.803293997,0.001787732,0.056872745,NA,NA,NA,NA
"2834","tg_rliver_single_methimazole_t4_c3","methimazole",3,100,"mg/kg",4,"single",1,"day",-0.035,0.976031761,0.771568125,0.906469485,-0.495,0.709561678,0.000413678,0.013251001,NA,NA,NA,NA
"2835","tg_rliver_single_methyldopa_t1_c1","methyldopa",1,60,"mg/kg",1,"single",0.125,"day",-0.136,0.910038824,0.079372129,0.994262349,-0.007,0.995159722,0.959864896,0.998699031,NA,NA,NA,NA
"2836","tg_rliver_single_methyldopa_t1_c2","methyldopa",2,200,"mg/kg",1,"single",0.125,"day",-0.143,0.905633983,0.056262315,0.940692441,-0.04,0.972654947,0.816862778,0.981430461,"no","yes","no","no"
"2837","tg_rliver_single_methyldopa_t1_c3","methyldopa",3,600,"mg/kg",1,"single",0.125,"day",-0.146,0.903752727,0.172551027,0.797398231,-0.217,0.860352631,0.119832591,0.755354176,NA,NA,NA,NA
"2838","tg_rliver_single_methyldopa_t2_c1","methyldopa",1,60,"mg/kg",2,"single",0.25,"day",0.03,1.021012126,0.653159719,0.825352367,0.173,1.127400412,0.153692807,0.539685115,"no","yes","no","no"
"2839","tg_rliver_single_methyldopa_t2_c2","methyldopa",2,200,"mg/kg",2,"single",0.25,"day",-0.081,0.945402117,0.422480696,0.997741641,0.038,1.026689546,0.815523214,0.997741641,NA,NA,NA,NA
"2840","tg_rliver_single_methyldopa_t2_c3","methyldopa",3,600,"mg/kg",2,"single",0.25,"day",-0.024,0.983502074,0.732959677,0.962866524,-0.057,0.961260928,0.636177258,0.947061315,NA,NA,NA,NA
"2841","tg_rliver_single_methyldopa_t3_c1","methyldopa",1,60,"mg/kg",3,"single",0.375,"day",0.008,1.00556058,0.946195547,0.999561576,0.1,1.071773463,0.645395351,0.999561576,"no","yes","no","no"
"2842","tg_rliver_single_methyldopa_t3_c2","methyldopa",2,200,"mg/kg",3,"single",0.375,"day",-0.069,0.953298545,0.577536049,0.989264076,-0.138,0.908778116,0.51461146,0.983284088,NA,NA,NA,NA
"2843","tg_rliver_single_methyldopa_t3_c3","methyldopa",3,600,"mg/kg",3,"single",0.375,"day",-0.153,0.899378312,0.338383109,0.829680831,0.144,1.104964485,0.48224371,0.886686127,NA,NA,NA,NA
"2844","tg_rliver_single_methyldopa_t4_c1","methyldopa",1,60,"mg/kg",4,"single",1,"day",-0.021,0.985549337,0.839121094,0.975704983,0.087,1.062159186,0.556394721,0.932685859,NA,NA,NA,NA
"2845","tg_rliver_single_methyldopa_t4_c2","methyldopa",2,200,"mg/kg",4,"single",1,"day",0.11,1.079228237,0.445471423,0.74405304,0.258,1.195819797,0.099484643,0.443874165,NA,NA,NA,NA
"2846","tg_rliver_single_methyldopa_t4_c3","methyldopa",3,600,"mg/kg",4,"single",1,"day",-0.084,0.943438251,0.517808781,0.784340424,-0.05,0.965936329,0.804430381,0.917108281,NA,NA,NA,NA
"2847","tg_rliver_single_methylenedianiline_t1_c1","methylene dianiline",1,30,"mg/kg",1,"single",0.125,"day",-0.146,0.903752727,0.145944735,0.905590997,-0.143,0.905633983,0.592225778,0.961604293,NA,NA,NA,NA
"2848","tg_rliver_single_methylenedianiline_t1_c2","methylene dianiline",2,100,"mg/kg",1,"single",0.125,"day",0.086,1.061423209,0.514618847,0.827772417,-0.031,0.97874165,0.916330282,0.980291885,"no","yes","no","no"
"2849","tg_rliver_single_methylenedianiline_t1_c3","methylene dianiline",3,300,"mg/kg",1,"single",0.125,"day",-0.093,0.937571096,0.435113989,0.719434251,-0.319,0.801625329,0.311055746,0.620097539,"no","yes","no","no"
"2850","tg_rliver_single_methylenedianiline_t2_c1","methylene dianiline",1,30,"mg/kg",2,"single",0.25,"day",-0.054,0.963261894,0.59527634,0.911100344,0.481,1.395710764,0.003762321,0.324405926,NA,NA,NA,NA
"2851","tg_rliver_single_methylenedianiline_t2_c2","methylene dianiline",2,100,"mg/kg",2,"single",0.25,"day",0.027,1.018891197,0.810975081,0.936293544,-0.035,0.976031761,0.876439072,0.960364322,"no","yes","no","no"
"2852","tg_rliver_single_methylenedianiline_t2_c3","methylene dianiline",3,300,"mg/kg",2,"single",0.25,"day",-0.098,0.934327347,0.362763319,0.561483001,-0.168,0.890075733,0.234784683,0.426753167,"no","yes","no","no"
"2853","tg_rliver_single_methylenedianiline_t3_c1","methylene dianiline",1,30,"mg/kg",3,"single",0.375,"day",-0.015,0.989656656,0.879017708,0.95747748,-0.103,0.93109482,0.358417989,0.695341244,"no","yes","no","no"
"2854","tg_rliver_single_methylenedianiline_t3_c2","methylene dianiline",2,100,"mg/kg",3,"single",0.375,"day",0.12,1.086734863,0.328169743,0.637490199,-0.073,0.950659101,0.803287124,0.92410538,"no","yes","no","no"
"2855","tg_rliver_single_methylenedianiline_t3_c3","methylene dianiline",3,300,"mg/kg",3,"single",0.375,"day",0.163,1.119612889,0.107230204,0.233059688,-0.538,0.688725023,0.000416547,0.005580931,"yes","yes","no","no"
"2856","tg_rliver_single_methylenedianiline_t4_c1","methylene dianiline",1,30,"mg/kg",4,"single",1,"day",-0.023,0.984184022,0.776942795,0.940730006,0.261,1.198309021,0.222076517,0.67874845,"no","yes","no","no"
"2857","tg_rliver_single_methylenedianiline_t4_c2","methylene dianiline",2,100,"mg/kg",4,"single",1,"day",0.421,1.338855257,0.001251264,0.008374212,-0.161,0.894404902,0.323460972,0.489105283,"no","yes","no","no"
"2858","tg_rliver_single_methylenedianiline_t4_c3","methylene dianiline",3,300,"mg/kg",4,"single",1,"day",0.162,1.118837101,0.107873401,0.203425088,-0.125,0.917004043,0.640465392,0.743997064,"yes","yes","no","no"
"2859","tg_rliver_single_methyltestosterone_t1_c1","methyltestosterone",1,30,"mg/kg",1,"single",0.125,"day",0.046,1.032398535,0.680084015,0.996217918,-0.14,0.907519155,0.250669039,0.975945162,NA,NA,NA,NA
"2860","tg_rliver_single_methyltestosterone_t1_c2","methyltestosterone",2,100,"mg/kg",1,"single",0.125,"day",0.023,1.016070143,0.836414718,0.967813824,-0.316,0.803293997,0.088495955,0.531968351,NA,NA,NA,NA
"2861","tg_rliver_single_methyltestosterone_t1_c3","methyltestosterone",3,300,"mg/kg",1,"single",0.125,"day",0.099,1.071030823,0.356706585,0.792158131,-0.026,0.982139595,0.764759375,0.950888213,NA,NA,NA,NA
"2862","tg_rliver_single_methyltestosterone_t2_c1","methyltestosterone",1,30,"mg/kg",2,"single",0.25,"day",-0.06,0.959264119,0.383101425,0.881515785,-0.017,0.988285652,0.88505247,0.986167232,NA,NA,NA,NA
"2863","tg_rliver_single_methyltestosterone_t2_c2","methyltestosterone",2,100,"mg/kg",2,"single",0.25,"day",0.064,1.0453601,0.388166349,0.791488651,0.001,1.000693387,0.997560335,0.999129827,NA,NA,NA,NA
"2864","tg_rliver_single_methyltestosterone_t2_c3","methyltestosterone",3,300,"mg/kg",2,"single",0.25,"day",0.145,1.105730653,0.055771654,0.358120844,-0.112,0.925304428,0.409762333,0.741414581,NA,NA,NA,NA
"2865","tg_rliver_single_methyltestosterone_t3_c1","methyltestosterone",1,30,"mg/kg",3,"single",0.375,"day",0.06,1.042465761,0.576131591,0.879260515,-0.147,0.90312651,0.282904076,0.74789761,NA,NA,NA,NA
"2866","tg_rliver_single_methyltestosterone_t3_c2","methyltestosterone",2,100,"mg/kg",3,"single",0.375,"day",0.217,1.162314108,0.067386334,0.506533909,-0.107,0.928516852,0.627528072,0.912907698,NA,NA,NA,NA
"2867","tg_rliver_single_methyltestosterone_t3_c3","methyltestosterone",3,300,"mg/kg",3,"single",0.375,"day",0.167,1.122721422,0.150875653,0.472884118,-0.407,0.754190038,0.005472363,0.156697886,NA,NA,NA,NA
"2868","tg_rliver_single_methyltestosterone_t4_c1","methyltestosterone",1,30,"mg/kg",4,"single",1,"day",0.004,1.002776436,0.975650962,0.992249463,-0.045,0.969289817,0.755114602,0.91664489,NA,NA,NA,NA
"2869","tg_rliver_single_methyltestosterone_t4_c2","methyltestosterone",2,100,"mg/kg",4,"single",1,"day",-0.232,0.851453708,0.109680021,0.393715081,-0.175,0.885767519,0.238000233,0.536791072,NA,NA,NA,NA
"2870","tg_rliver_single_methyltestosterone_t4_c3","methyltestosterone",3,300,"mg/kg",4,"single",1,"day",-0.183,0.880869374,0.131493674,0.2565636,-0.46,0.726986259,0.001103823,0.026889282,NA,NA,NA,NA
"2871","tg_rliver_single_mexiletine_t1_c1","mexiletine",1,40,"mg/kg",1,"single",0.125,"day",-0.334,0.793333843,0.154489297,0.776592366,-0.207,0.866336856,0.240903227,0.822611974,NA,NA,NA,NA
"2872","tg_rliver_single_mexiletine_t1_c2","mexiletine",2,120,"mg/kg",1,"single",0.125,"day",-0.294,0.815637493,0.260814366,0.764720768,0.003,1.002081605,0.983620132,0.997508219,NA,NA,NA,NA
"2873","tg_rliver_single_mexiletine_t1_c3","mexiletine",3,400,"mg/kg",1,"single",0.125,"day",-0.408,0.753667455,0.087536685,0.353649222,-0.179,0.883315051,0.126138087,0.420379838,NA,NA,NA,NA
"2874","tg_rliver_single_mexiletine_t2_c1","mexiletine",1,40,"mg/kg",2,"single",0.25,"day",-0.163,0.893165852,0.066113777,0.528530909,-0.3,0.812252396,0.042115225,0.482707695,NA,NA,NA,NA
"2875","tg_rliver_single_mexiletine_t2_c2","mexiletine",2,120,"mg/kg",2,"single",0.25,"day",-0.257,0.836826243,0.151283226,0.725521174,-0.21,0.864537231,0.130230275,0.70525793,NA,NA,NA,NA
"2876","tg_rliver_single_mexiletine_t2_c3","mexiletine",3,400,"mg/kg",2,"single",0.25,"day",-0.208,0.865736566,0.123856451,0.46608898,-0.607,0.656560563,0.000401119,0.086960276,NA,NA,NA,NA
"2877","tg_rliver_single_mexiletine_t3_c1","mexiletine",1,40,"mg/kg",3,"single",0.375,"day",0.134,1.097331938,0.22549186,0.493482579,-0.075,0.949342121,0.629417349,0.80683545,NA,NA,NA,NA
"2878","tg_rliver_single_mexiletine_t3_c2","mexiletine",2,120,"mg/kg",3,"single",0.375,"day",0.066,1.046810282,0.53625843,0.822479358,-0.109,0.927230546,0.358729784,0.718697456,NA,NA,NA,NA
"2879","tg_rliver_single_mexiletine_t3_c3","mexiletine",3,400,"mg/kg",3,"single",0.375,"day",0.081,1.057750964,0.682417014,0.79718826,-0.146,0.903752727,0.426918307,0.599381405,NA,NA,NA,NA
"2880","tg_rliver_single_mexiletine_t4_c1","mexiletine",1,40,"mg/kg",4,"single",1,"day",-0.282,0.822450069,0.01658774,0.193579208,0.267,1.203303026,0.129061983,0.380683672,NA,NA,NA,NA
"2881","tg_rliver_single_mexiletine_t4_c2","mexiletine",2,120,"mg/kg",4,"single",1,"day",-0.174,0.886381699,0.141370917,0.799292438,0.106,1.076240125,0.530870317,0.931786765,NA,NA,NA,NA
"2882","tg_rliver_single_mexiletine_t4_c3","mexiletine",3,400,"mg/kg",4,"single",1,"day",-0.497,0.708578698,0.00296901,0.685371727,-0.12,0.920187651,0.453424083,0.895462849,NA,NA,NA,NA
"2883","tg_rliver_single_monocrotaline_t1_c1","monocrotaline",1,3,"mg/kg",1,"single",0.125,"day",-0.025,0.982820599,0.758996913,0.935503139,0.081,1.057750964,0.283220076,0.706160963,NA,NA,NA,NA
"2884","tg_rliver_single_monocrotaline_t1_c2","monocrotaline",2,10,"mg/kg",1,"single",0.125,"day",0.039,1.027401439,0.599643409,0.903095418,0.003,1.002081605,0.981785022,0.995647198,NA,NA,NA,NA
"2885","tg_rliver_single_monocrotaline_t1_c3","monocrotaline",3,30,"mg/kg",1,"single",0.125,"day",-0.017,0.988285652,0.833863753,0.952177965,-0.18,0.882702996,0.158460319,0.458564089,NA,NA,NA,NA
"2886","tg_rliver_single_monocrotaline_t2_c1","monocrotaline",1,3,"mg/kg",2,"single",0.25,"day",-0.026,0.982139595,0.730891805,0.935299845,-0.228,0.853817714,0.230411771,0.747851818,NA,NA,NA,NA
"2887","tg_rliver_single_monocrotaline_t2_c2","monocrotaline",2,10,"mg/kg",2,"single",0.25,"day",-0.209,0.865136691,0.018604457,0.103247747,-0.222,0.857376037,0.207803326,0.380840661,NA,NA,NA,NA
"2888","tg_rliver_single_monocrotaline_t2_c3","monocrotaline",3,30,"mg/kg",2,"single",0.25,"day",-0.065,0.955945318,0.42899709,0.574056031,-0.359,0.779704843,0.083110792,0.190002589,NA,NA,NA,NA
"2889","tg_rliver_single_monocrotaline_t3_c1","monocrotaline",1,3,"mg/kg",3,"single",0.375,"day",0.081,1.057750964,0.186856946,0.685248174,-0.132,0.912565489,0.373999737,0.791611566,NA,NA,NA,NA
"2890","tg_rliver_single_monocrotaline_t3_c2","monocrotaline",2,10,"mg/kg",3,"single",0.375,"day",0.045,1.031683179,0.599281856,0.954581702,-0.253,0.839149637,0.161278334,0.801552545,NA,NA,NA,NA
"2891","tg_rliver_single_monocrotaline_t3_c3","monocrotaline",3,30,"mg/kg",3,"single",0.375,"day",-0.018,0.987600861,0.785057614,0.905470805,-0.327,0.797192477,0.021725857,0.119673445,NA,NA,NA,NA
"2892","tg_rliver_single_monocrotaline_t4_c1","monocrotaline",1,3,"mg/kg",4,"single",1,"day",-0.096,0.935623498,0.422332113,0.978796173,-0.074,0.950000383,0.708828203,0.987801369,NA,NA,NA,NA
"2893","tg_rliver_single_monocrotaline_t4_c2","monocrotaline",2,10,"mg/kg",4,"single",1,"day",-0.084,0.943438251,0.301290621,0.952478986,-0.069,0.953298545,0.623680343,0.988673977,NA,NA,NA,NA
"2894","tg_rliver_single_monocrotaline_t4_c3","monocrotaline",3,30,"mg/kg",4,"single",1,"day",-0.104,0.930449658,0.296809984,0.721898589,-0.372,0.77271055,0.018718063,0.245638404,NA,NA,NA,NA
"2895","tg_rliver_single_moxisylyte_t1_c1","moxisylyte",1,50,"mg/kg",1,"single",0.125,"day",-0.012,0.991716731,0.8800532,0.987466895,-0.044,0.96996191,0.759914745,0.978535764,NA,NA,NA,NA
"2896","tg_rliver_single_moxisylyte_t1_c2","moxisylyte",2,150,"mg/kg",1,"single",0.125,"day",-0.09,0.939522749,0.204320027,0.610157577,-0.054,0.963261894,0.5907458,0.862564391,NA,NA,NA,NA
"2897","tg_rliver_single_moxisylyte_t1_c3","moxisylyte",3,500,"mg/kg",1,"single",0.125,"day",-0.007,0.995159722,0.92224344,0.979606865,-0.114,0.924022572,0.416730094,0.747432187,NA,NA,NA,NA
"2898","tg_rliver_single_moxisylyte_t2_c1","moxisylyte",1,50,"mg/kg",2,"single",0.25,"day",-0.045,0.969289817,0.466344245,0.893409806,0.219,1.163926534,0.190683763,0.799366875,NA,NA,NA,NA
"2899","tg_rliver_single_moxisylyte_t2_c2","moxisylyte",2,150,"mg/kg",2,"single",0.25,"day",-0.21,0.864537231,0.013798261,0.206736522,-0.244,0.844400887,0.036503298,0.296927586,NA,NA,NA,NA
"2900","tg_rliver_single_moxisylyte_t2_c3","moxisylyte",3,500,"mg/kg",2,"single",0.25,"day",-0.092,0.938221197,0.274683943,0.582693869,-0.068,0.953959551,0.559655387,0.794644361,NA,NA,NA,NA
"2901","tg_rliver_single_moxisylyte_t3_c1","moxisylyte",1,50,"mg/kg",3,"single",0.375,"day",-0.026,0.982139595,0.70915211,0.953374218,0.137,1.099616149,0.262698957,0.823966967,NA,NA,NA,NA
"2902","tg_rliver_single_moxisylyte_t3_c2","moxisylyte",2,150,"mg/kg",3,"single",0.375,"day",-0.092,0.938221197,0.268294018,0.805614375,0.048,1.033830736,0.77260414,0.953803619,NA,NA,NA,NA
"2903","tg_rliver_single_moxisylyte_t3_c3","moxisylyte",3,500,"mg/kg",3,"single",0.375,"day",-0.069,0.953298545,0.34839207,0.786288121,-0.101,0.932386486,0.265472599,0.732223222,NA,NA,NA,NA
"2904","tg_rliver_single_moxisylyte_t4_c1","moxisylyte",1,50,"mg/kg",4,"single",1,"day",-0.035,0.976031761,0.64467214,0.935648659,-0.037,0.974679631,0.751718562,0.961300962,NA,NA,NA,NA
"2905","tg_rliver_single_moxisylyte_t4_c2","moxisylyte",2,150,"mg/kg",4,"single",1,"day",-0.245,0.843815796,0.011368037,0.302709255,0.035,1.024556823,0.771686888,0.926888372,NA,NA,NA,NA
"2906","tg_rliver_single_moxisylyte_t4_c3","moxisylyte",3,500,"mg/kg",4,"single",1,"day",-0.386,0.765248385,0.000603731,0.058485172,-0.115,0.923382311,0.291798558,0.588111138,NA,NA,NA,NA
"2907","tg_rliver_single_naphthylisothiocyanate_t1_c1","naphthyl isothiocyanate",1,15,"mg/kg",1,"single",0.125,"day",-0.011,0.992404375,0.943566228,0.995581691,0.089,1.063632673,0.519882146,0.945957451,NA,NA,NA,NA
"2908","tg_rliver_single_naphthylisothiocyanate_t1_c2","naphthyl isothiocyanate",2,50,"mg/kg",1,"single",0.125,"day",-0.155,0.898132373,0.299895214,0.825092204,-0.125,0.917004043,0.105852151,0.672542014,NA,NA,NA,NA
"2909","tg_rliver_single_naphthylisothiocyanate_t1_c3","naphthyl isothiocyanate",3,150,"mg/kg",1,"single",0.125,"day",-0.139,0.908148418,0.358079845,0.823557146,-0.166,0.891310496,0.114192077,0.674178359,NA,NA,NA,NA
"2910","tg_rliver_single_naphthylisothiocyanate_t2_c1","naphthyl isothiocyanate",1,15,"mg/kg",2,"single",0.25,"day",0.025,1.017479692,0.816932654,0.999135694,0.311,1.240567298,0.018166116,0.998983512,NA,NA,NA,NA
"2911","tg_rliver_single_naphthylisothiocyanate_t2_c2","naphthyl isothiocyanate",2,50,"mg/kg",2,"single",0.25,"day",0.182,1.134455485,0.078604361,0.57398702,-0.136,0.910038824,0.498832729,0.876621925,NA,NA,NA,NA
"2912","tg_rliver_single_naphthylisothiocyanate_t2_c3","naphthyl isothiocyanate",3,150,"mg/kg",2,"single",0.25,"day",0.144,1.104964485,0.14415081,0.485984888,0.094,1.067325338,0.51096187,0.791082522,NA,NA,NA,NA
"2913","tg_rliver_single_naphthylisothiocyanate_t3_c1","naphthyl isothiocyanate",1,15,"mg/kg",3,"single",0.375,"day",-0.065,0.955945318,0.501099912,0.903300012,-0.064,0.956608158,0.48065359,0.896476312,NA,NA,NA,NA
"2914","tg_rliver_single_naphthylisothiocyanate_t3_c2","naphthyl isothiocyanate",2,50,"mg/kg",3,"single",0.375,"day",-0.071,0.951977908,0.443889299,0.802224837,-0.221,0.85797053,0.114288392,0.524882815,NA,NA,NA,NA
"2915","tg_rliver_single_naphthylisothiocyanate_t3_c3","naphthyl isothiocyanate",3,150,"mg/kg",3,"single",0.375,"day",0.223,1.167158102,0.028920936,0.201878213,-0.272,0.828170661,0.071107159,0.300126648,"no","yes","no","no"
"2916","tg_rliver_single_naphthylisothiocyanate_t4_c1","naphthyl isothiocyanate",1,15,"mg/kg",4,"single",1,"day",0.046,1.032398535,0.74228291,0.911676515,-0.208,0.865736566,0.242376733,0.625846279,NA,NA,NA,NA
"2917","tg_rliver_single_naphthylisothiocyanate_t4_c2","naphthyl isothiocyanate",2,50,"mg/kg",4,"single",1,"day",-0.213,0.862741345,0.053283152,0.162670385,-0.751,0.594191553,0.003722697,0.024771756,"no","yes","no","no"
"2918","tg_rliver_single_naphthylisothiocyanate_t4_c3","naphthyl isothiocyanate",3,150,"mg/kg",4,"single",1,"day",0.245,1.185092771,0.008803796,0.035911036,-0.618,0.651573575,0.023032847,0.073173664,"no","yes","no","no"
"2919","tg_rliver_single_naproxen_t1_c1","naproxen",1,20,"mg/kg",1,"single",0.125,"day",-0.016,0.988970916,0.818489165,0.957115514,0.168,1.123499903,0.206283836,0.666863608,NA,NA,NA,NA
"2920","tg_rliver_single_naproxen_t1_c2","naproxen",2,60,"mg/kg",1,"single",0.125,"day",-0.249,0.841479482,0.003449777,0.286479226,-0.041,0.971980988,0.753258787,0.948142661,NA,NA,NA,NA
"2921","tg_rliver_single_naproxen_t1_c3","naproxen",3,200,"mg/kg",1,"single",0.125,"day",-0.237,0.848507902,0.013575708,0.295864067,0.075,1.053361036,0.409153935,0.800323872,NA,NA,NA,NA
"2922","tg_rliver_single_naproxen_t2_c1","naproxen",1,20,"mg/kg",2,"single",0.25,"day",0.086,1.061423209,0.259470809,0.999835955,0,1,0.997563097,0.99984173,NA,NA,NA,NA
"2923","tg_rliver_single_naproxen_t2_c2","naproxen",2,60,"mg/kg",2,"single",0.25,"day",0.088,1.062895674,0.238895748,0.837848816,-0.009,0.993781093,0.943136202,0.996853752,NA,NA,NA,NA
"2924","tg_rliver_single_naproxen_t2_c3","naproxen",3,200,"mg/kg",2,"single",0.25,"day",-0.063,0.957271458,0.452690552,0.758475117,-0.03,0.979420298,0.80654515,0.932802135,NA,NA,NA,NA
"2925","tg_rliver_single_naproxen_t3_c1","naproxen",1,20,"mg/kg",3,"single",0.375,"day",-0.002,0.998614666,0.983497565,0.999503618,-0.391,0.762600827,0.148614603,0.999503618,NA,NA,NA,NA
"2926","tg_rliver_single_naproxen_t3_c2","naproxen",2,60,"mg/kg",3,"single",0.375,"day",0.167,1.122721422,0.019175237,0.133768525,-0.391,0.762600827,0.069260825,0.259377649,NA,NA,NA,NA
"2927","tg_rliver_single_naproxen_t3_c3","naproxen",3,200,"mg/kg",3,"single",0.375,"day",0.051,1.035982764,0.322094307,0.622388517,-0.336,0.792234811,0.107876863,0.401913426,NA,NA,NA,NA
"2928","tg_rliver_single_naproxen_t4_c1","naproxen",1,20,"mg/kg",4,"single",1,"day",0.024,1.016774673,0.808382355,0.98553337,0.221,1.165541198,0.071441193,0.951302473,NA,NA,NA,NA
"2929","tg_rliver_single_naproxen_t4_c2","naproxen",2,60,"mg/kg",4,"single",1,"day",-0.018,0.987600861,0.87147143,0.953837186,-0.06,0.959264119,0.660934533,0.850545414,NA,NA,NA,NA
"2930","tg_rliver_single_naproxen_t4_c3","naproxen",3,200,"mg/kg",4,"single",1,"day",-0.091,0.938871747,0.418749743,0.612919925,-0.355,0.781869643,0.014612301,0.055890145,NA,NA,NA,NA
"2931","tg_rliver_single_nicotinicacid_t1_c1","nicotinic acid",1,100,"mg/kg",1,"single",0.125,"day",-0.017,0.988285652,0.91262815,0.984480285,-0.068,0.953959551,0.595958349,0.918646011,NA,NA,NA,NA
"2932","tg_rliver_single_nicotinicacid_t1_c2","nicotinic acid",2,300,"mg/kg",1,"single",0.125,"day",-0.199,0.871154192,0.142836108,0.69651907,0.048,1.033830736,0.697414104,0.937436138,NA,NA,NA,NA
"2933","tg_rliver_single_nicotinicacid_t1_c3","nicotinic acid",3,1000,"mg/kg",1,"single",0.125,"day",-0.068,0.953959551,0.398327025,0.835431786,-0.146,0.903752727,0.275130359,0.764766907,NA,NA,NA,NA
"2934","tg_rliver_single_nicotinicacid_t2_c1","nicotinic acid",1,100,"mg/kg",2,"single",0.25,"day",-0.053,0.963929808,0.494674391,0.937415551,-0.177,0.884540435,0.19059199,0.877391038,NA,NA,NA,NA
"2935","tg_rliver_single_nicotinicacid_t2_c2","nicotinic acid",2,300,"mg/kg",2,"single",0.25,"day",0.017,1.011853201,0.842623309,0.975175514,-0.179,0.883315051,0.221680194,0.796327964,NA,NA,NA,NA
"2936","tg_rliver_single_nicotinicacid_t2_c3","nicotinic acid",3,1000,"mg/kg",2,"single",0.25,"day",-0.047,0.967947027,0.538438131,0.785118974,-0.37,0.773782497,0.016494471,0.243732968,NA,NA,NA,NA
"2937","tg_rliver_single_nicotinicacid_t3_c1","nicotinic acid",1,100,"mg/kg",3,"single",0.375,"day",-0.109,0.927230546,0.51018228,0.999081313,-0.133,0.911933166,0.46639366,0.999081313,NA,NA,NA,NA
"2938","tg_rliver_single_nicotinicacid_t3_c2","nicotinic acid",2,300,"mg/kg",3,"single",0.375,"day",-0.007,0.995159722,0.966124697,0.999970413,-0.114,0.924022572,0.420928523,0.999970413,NA,NA,NA,NA
"2939","tg_rliver_single_nicotinicacid_t3_c3","nicotinic acid",3,1000,"mg/kg",3,"single",0.375,"day",-0.51,0.702222438,0.013606181,0.320438953,-0.276,0.825877665,0.035557951,0.431142601,NA,NA,NA,NA
"2940","tg_rliver_single_nicotinicacid_t4_c1","nicotinic acid",1,100,"mg/kg",4,"single",1,"day",0.11,1.079228237,0.327516517,0.787214997,-0.328,0.796640096,0.060542849,0.608224703,NA,NA,NA,NA
"2941","tg_rliver_single_nicotinicacid_t4_c2","nicotinic acid",2,300,"mg/kg",4,"single",1,"day",0.103,1.074004472,0.251525508,0.985585033,-0.054,0.963261894,0.739793458,0.995737861,NA,NA,NA,NA
"2942","tg_rliver_single_nicotinicacid_t4_c3","nicotinic acid",3,1000,"mg/kg",4,"single",1,"day",0.03,1.021012126,0.879490089,0.999698367,-0.259,0.835666959,0.165748704,0.999698367,NA,NA,NA,NA
"2943","tg_rliver_single_nifedipine_t1_c1","nifedipine",1,100,"mg/kg",1,"single",0.125,"day",1.184,2.27205853,1.53773e-05,0.020438876,-0.389,0.763658749,0.010028871,0.24345347,NA,NA,NA,NA
"2944","tg_rliver_single_nifedipine_t1_c2","nifedipine",2,300,"mg/kg",1,"single",0.125,"day",1.381,2.604488379,2.89105e-06,0.005035484,0.181,1.133669413,0.253659542,0.64505613,NA,NA,NA,NA
"2945","tg_rliver_single_nifedipine_t1_c3","nifedipine",3,1000,"mg/kg",1,"single",0.125,"day",1.48,2.789487333,2.44611e-06,0.003787115,-0.174,0.886381699,0.313402946,0.700875525,NA,NA,NA,NA
"2946","tg_rliver_single_nifedipine_t2_c1","nifedipine",1,100,"mg/kg",2,"single",0.25,"day",1.971,3.920397661,1.29184e-05,0.006154582,0.119,1.085981856,0.191890357,0.497523591,NA,NA,NA,NA
"2947","tg_rliver_single_nifedipine_t2_c2","nifedipine",2,300,"mg/kg",2,"single",0.25,"day",1.885,3.693529243,6.30176e-07,0.001756176,0.002,1.001387256,0.980852545,0.992967114,NA,NA,NA,NA
"2948","tg_rliver_single_nifedipine_t2_c3","nifedipine",3,1000,"mg/kg",2,"single",0.25,"day",2.039,4.109605758,5.36121e-09,3.98064e-05,-0.264,0.832775771,0.088958146,0.261231361,NA,NA,NA,NA
"2949","tg_rliver_single_nifedipine_t3_c1","nifedipine",1,100,"mg/kg",3,"single",0.375,"day",1.528,2.883857743,8.08691e-05,0.031241674,-0.157,0.89688816,0.303573721,0.668939608,NA,NA,NA,NA
"2950","tg_rliver_single_nifedipine_t3_c2","nifedipine",2,300,"mg/kg",3,"single",0.375,"day",1.335,2.522754818,0.002222405,0.0643041,-0.098,0.934327347,0.698206305,0.884861421,NA,NA,NA,NA
"2951","tg_rliver_single_nifedipine_t3_c3","nifedipine",3,1000,"mg/kg",3,"single",0.375,"day",1.014,2.019502595,0.000139492,0.012513291,-0.394,0.76101669,0.065349155,0.242903256,NA,NA,NA,NA
"2952","tg_rliver_single_nifedipine_t4_c1","nifedipine",1,100,"mg/kg",4,"single",1,"day",0.071,1.050444544,0.782614186,0.9412411,-0.386,0.765248385,0.050424026,0.452420078,NA,NA,NA,NA
"2953","tg_rliver_single_nifedipine_t4_c2","nifedipine",2,300,"mg/kg",4,"single",1,"day",-0.105,0.929804943,0.642653693,0.873632835,-0.382,0.767373048,0.060320467,0.378606028,NA,NA,NA,NA
"2954","tg_rliver_single_nifedipine_t4_c3","nifedipine",3,1000,"mg/kg",4,"single",1,"day",-0.005,0.996540263,0.981313592,0.992208373,-0.461,0.726482525,0.324189119,0.566606419,NA,NA,NA,NA
"2955","tg_rliver_single_nimesulide_t1_c1","nimesulide",1,30,"mg/kg",1,"single",0.125,"day",0.093,1.066585781,0.453852319,0.961794275,0.598,1.513616793,0.085325037,0.945670847,NA,NA,NA,NA
"2956","tg_rliver_single_nimesulide_t1_c2","nimesulide",2,100,"mg/kg",1,"single",0.125,"day",0.106,1.076240125,0.433589392,0.877810917,0.258,1.195819797,0.383043176,0.859338341,NA,NA,NA,NA
"2957","tg_rliver_single_nimesulide_t1_c3","nimesulide",3,300,"mg/kg",1,"single",0.125,"day",0.073,1.051901779,0.571634962,0.891739108,0.382,1.303147149,0.156089848,0.65116129,NA,NA,NA,NA
"2958","tg_rliver_single_nimesulide_t2_c1","nimesulide",1,30,"mg/kg",2,"single",0.25,"day",-0.07,0.952637998,0.51795027,0.999737796,-0.192,0.87539133,0.56563653,0.999737796,NA,NA,NA,NA
"2959","tg_rliver_single_nimesulide_t2_c2","nimesulide",2,100,"mg/kg",2,"single",0.25,"day",0.069,1.048989328,0.507822222,0.856472613,-0.3,0.812252396,0.407830702,0.798947448,NA,NA,NA,NA
"2960","tg_rliver_single_nimesulide_t2_c3","nimesulide",3,300,"mg/kg",2,"single",0.25,"day",0.227,1.170398641,0.177650414,0.445148784,0.22,1.164733586,0.621712381,0.835949081,NA,NA,NA,NA
"2961","tg_rliver_single_nimesulide_t3_c1","nimesulide",1,30,"mg/kg",3,"single",0.375,"day",0.262,1.199139914,0.01610588,0.475062625,-0.146,0.903752727,0.364123567,0.808235289,NA,NA,NA,NA
"2962","tg_rliver_single_nimesulide_t3_c2","nimesulide",2,100,"mg/kg",3,"single",0.375,"day",-0.201,0.869947353,0.056451675,0.287980021,-0.266,0.831622098,0.137383018,0.448066701,NA,NA,NA,NA
"2963","tg_rliver_single_nimesulide_t3_c3","nimesulide",3,300,"mg/kg",3,"single",0.375,"day",0.113,1.081474763,0.243229128,0.436256578,-0.17,0.888842681,0.384492987,0.580007067,NA,NA,NA,NA
"2964","tg_rliver_single_nimesulide_t4_c1","nimesulide",1,30,"mg/kg",4,"single",1,"day",-0.08,0.946057647,0.657202275,0.999792954,-0.123,0.918276162,0.483476837,0.999792954,NA,NA,NA,NA
"2965","tg_rliver_single_nimesulide_t4_c2","nimesulide",2,100,"mg/kg",4,"single",1,"day",0.118,1.085229372,0.605218573,0.914744319,-0.267,0.831045862,0.136402158,0.642100179,NA,NA,NA,NA
"2966","tg_rliver_single_nimesulide_t4_c3","nimesulide",3,300,"mg/kg",4,"single",1,"day",0.071,1.050444544,0.707230953,0.846029885,-1.027,0.490729532,0.003252748,0.019390205,NA,NA,NA,NA
"2967","tg_rliver_single_nitrofurantoin_t1_c1","nitrofurantoin",1,100,"mg/kg",1,"single",0.125,"day",-0.01,0.993092495,0.949129607,0.991799372,-0.01,0.993092495,0.971620701,0.996948664,NA,NA,NA,NA
"2968","tg_rliver_single_nitrofurantoin_t1_c2","nitrofurantoin",2,300,"mg/kg",1,"single",0.125,"day",-0.162,0.893785162,0.19504119,0.759851238,0.389,1.309485423,0.278877007,0.810239856,NA,NA,NA,NA
"2969","tg_rliver_single_nitrofurantoin_t1_c3","nitrofurantoin",3,600,"mg/kg",1,"single",0.125,"day",-0.057,0.961260928,0.587377963,0.888346173,0.076,1.054091423,0.767659911,0.942192679,NA,NA,NA,NA
"2970","tg_rliver_single_nitrofurantoin_t2_c1","nitrofurantoin",1,100,"mg/kg",2,"single",0.25,"day",-0.096,0.935623498,0.466012007,0.846468779,-0.143,0.905633983,0.552017159,0.879566277,NA,NA,NA,NA
"2971","tg_rliver_single_nitrofurantoin_t2_c2","nitrofurantoin",2,300,"mg/kg",2,"single",0.25,"day",-0.293,0.816203046,0.025594804,0.37913985,-0.126,0.916368645,0.582528087,0.88170977,NA,NA,NA,NA
"2972","tg_rliver_single_nitrofurantoin_t2_c3","nitrofurantoin",3,600,"mg/kg",2,"single",0.25,"day",-0.053,0.963929808,0.654943967,0.878447721,0.03,1.021012126,0.903276859,0.973130737,NA,NA,NA,NA
"2973","tg_rliver_single_nitrofurantoin_t3_c1","nitrofurantoin",1,100,"mg/kg",3,"single",0.375,"day",-0.706,0.61301743,0.014244498,0.608697886,-0.182,0.881480158,0.184730778,0.775881564,NA,NA,NA,NA
"2974","tg_rliver_single_nitrofurantoin_t3_c2","nitrofurantoin",2,300,"mg/kg",3,"single",0.375,"day",-0.669,0.628942486,0.011455142,0.21197332,-0.443,0.735603373,0.000922186,0.112144448,NA,NA,NA,NA
"2975","tg_rliver_single_nitrofurantoin_t3_c3","nitrofurantoin",3,600,"mg/kg",3,"single",0.375,"day",-0.643,0.640379931,0.021880106,0.267436317,-0.233,0.85086373,0.200666525,0.564029807,NA,NA,NA,NA
"2976","tg_rliver_single_nitrofurantoin_t4_c1","nitrofurantoin",1,100,"mg/kg",4,"single",1,"day",-0.095,0.936272247,0.403045432,0.838339313,0.04,1.028113827,0.706813825,0.932526583,NA,NA,NA,NA
"2977","tg_rliver_single_nitrofurantoin_t4_c2","nitrofurantoin",2,300,"mg/kg",4,"single",1,"day",-0.623,0.649319301,0.000237186,0.051639863,-0.546,0.68491649,0.002957763,0.208148866,NA,NA,NA,NA
"2978","tg_rliver_single_nitrofurantoin_t4_c3","nitrofurantoin",3,600,"mg/kg",4,"single",1,"day",-0.34,0.790041312,0.013530017,0.151495431,-0.479,0.717474767,0.000132018,0.016667989,NA,NA,NA,NA
"2979","tg_rliver_single_nitrofurazone_t1_c1","nitrofurazone",1,30,"mg/kg",1,"single",0.125,"day",-0.084,0.943438251,0.485384362,0.941060945,0.094,1.067325338,0.178099812,0.875169198,NA,NA,NA,NA
"2980","tg_rliver_single_nitrofurazone_t1_c2","nitrofurazone",2,100,"mg/kg",1,"single",0.125,"day",0.02,1.01395948,0.865756243,0.943488994,-0.065,0.955945318,0.630428889,0.823665836,"no","yes","no","no"
"2981","tg_rliver_single_nitrofurazone_t1_c3","nitrofurazone",3,300,"mg/kg",1,"single",0.125,"day",-0.041,0.971980988,0.720331521,0.912436339,-0.261,0.834509281,0.259973544,0.661276262,"no","yes","no","no"
"2982","tg_rliver_single_nitrofurazone_t2_c1","nitrofurazone",1,30,"mg/kg",2,"single",0.25,"day",-0.018,0.987600861,0.791797151,0.937644035,-0.305,0.809442217,0.26358945,0.692865587,"no","yes","no","no"
"2983","tg_rliver_single_nitrofurazone_t2_c2","nitrofurazone",2,100,"mg/kg",2,"single",0.25,"day",-0.196,0.872967591,0.014888308,0.149786051,-0.424,0.745355193,0.154799704,0.482761655,"no","yes","no","no"
"2984","tg_rliver_single_nitrofurazone_t2_c3","nitrofurazone",3,300,"mg/kg",2,"single",0.25,"day",-0.23,0.852634892,0.006292278,0.051004423,-0.623,0.649319301,0.049148995,0.184693123,NA,NA,NA,NA
"2985","tg_rliver_single_nitrofurazone_t3_c1","nitrofurazone",1,30,"mg/kg",3,"single",0.375,"day",-0.175,0.885767519,0.066266603,0.998772198,-0.063,0.957271458,0.576184134,0.998772198,"no","yes","no","no"
"2986","tg_rliver_single_nitrofurazone_t3_c2","nitrofurazone",2,100,"mg/kg",3,"single",0.375,"day",-0.108,0.927873476,0.202131273,0.605868066,-0.035,0.976031761,0.686180135,0.917019641,NA,NA,NA,NA
"2987","tg_rliver_single_nitrofurazone_t3_c3","nitrofurazone",3,300,"mg/kg",3,"single",0.375,"day",-0.079,0.946713631,0.330594468,0.679325072,-0.32,0.801069878,0.005126128,0.057463767,NA,NA,NA,NA
"2988","tg_rliver_single_nitrofurazone_t4_c1","nitrofurazone",1,30,"mg/kg",4,"single",1,"day",-0.066,0.955282936,0.388904337,0.999974835,0.01,1.00695555,0.960294514,0.999974835,NA,NA,NA,NA
"2989","tg_rliver_single_nitrofurazone_t4_c2","nitrofurazone",2,100,"mg/kg",4,"single",1,"day",-0.023,0.984184022,0.830590072,0.968534485,-0.196,0.872967591,0.270486516,0.746064639,"no","yes","no","no"
"2990","tg_rliver_single_nitrofurazone_t4_c3","nitrofurazone",3,300,"mg/kg",4,"single",1,"day",-0.015,0.989656656,0.916315046,0.959778535,-0.753,0.593368399,0.005021099,0.050324181,NA,NA,NA,NA
"2991","tg_rliver_single_nitrosodiethylamine_t1_c1","nitrosodiethylamine",1,10,"mg/kg",1,"single",0.125,"day",-0.01,0.993092495,0.927110755,0.995769684,-0.189,0.877213549,0.291106193,0.86138749,NA,NA,NA,NA
"2992","tg_rliver_single_nitrosodiethylamine_t1_c2","nitrosodiethylamine",2,30,"mg/kg",1,"single",0.125,"day",0.061,1.043188594,0.57623842,0.853001821,-0.145,0.904379378,0.379428183,0.736459709,NA,NA,NA,NA
"2993","tg_rliver_single_nitrosodiethylamine_t1_c3","nitrosodiethylamine",3,100,"mg/kg",1,"single",0.125,"day",-0.163,0.893165852,0.051407586,0.226394848,0.024,1.016774673,0.880020443,0.955595764,NA,NA,NA,NA
"2994","tg_rliver_single_nitrosodiethylamine_t2_c1","nitrosodiethylamine",1,10,"mg/kg",2,"single",0.25,"day",0.046,1.032398535,0.682382866,0.928524593,0.009,1.006257823,0.956009021,0.991895872,NA,NA,NA,NA
"2995","tg_rliver_single_nitrosodiethylamine_t2_c2","nitrosodiethylamine",2,30,"mg/kg",2,"single",0.25,"day",-0.11,0.926588062,0.466635505,0.727123616,0.039,1.027401439,0.813496075,0.9238766,NA,NA,NA,NA
"2996","tg_rliver_single_nitrosodiethylamine_t2_c3","nitrosodiethylamine",3,100,"mg/kg",2,"single",0.25,"day",-0.179,0.883315051,0.225888017,0.332332765,0.483,1.397646972,0.014672627,0.051969594,NA,NA,NA,NA
"2997","tg_rliver_single_nitrosodiethylamine_t3_c1","nitrosodiethylamine",1,10,"mg/kg",3,"single",0.375,"day",0.006,1.004167543,0.943055071,0.986657164,-0.154,0.898755127,0.183897576,0.633605075,NA,NA,NA,NA
"2998","tg_rliver_single_nitrosodiethylamine_t3_c2","nitrosodiethylamine",2,30,"mg/kg",3,"single",0.375,"day",0.069,1.048989328,0.437728949,0.695316368,-0.317,0.802737389,0.011189453,0.086811711,NA,NA,NA,NA
"2999","tg_rliver_single_nitrosodiethylamine_t3_c3","nitrosodiethylamine",3,100,"mg/kg",3,"single",0.375,"day",0.101,1.072516617,0.284319879,0.455667463,-0.433,0.740719899,0.018824397,0.059640553,"yes","no","no","no"
"3000","tg_rliver_single_nitrosodiethylamine_t4_c1","nitrosodiethylamine",1,10,"mg/kg",4,"single",1,"day",0.174,1.128182137,0.21351576,0.957824621,0.013,1.009051634,0.952939191,0.997940573,NA,NA,NA,NA
"3001","tg_rliver_single_nitrosodiethylamine_t4_c2","nitrosodiethylamine",2,30,"mg/kg",4,"single",1,"day",0.456,1.371733289,0.000932572,0.039074746,0.463,1.378405153,0.149538364,0.419671212,"yes","no","no","no"
"3002","tg_rliver_single_nitrosodiethylamine_t4_c3","nitrosodiethylamine",3,100,"mg/kg",4,"single",1,"day",0.769,1.70408819,0.002157093,0.009877403,0.338,1.264003098,0.230221441,0.33194387,"yes","no","no","no"
"3003","tg_rliver_single_nmethylnnitrosourea_t4_c1","n-methyl-n-nitrosourea",1,10,"mg/kg",4,"single",1,"day",-0.151,0.90062598,0.228972106,0.918895801,-0.58,0.668963777,0.00043305,0.274278091,NA,NA,NA,NA
"3004","tg_rliver_single_nmethylnnitrosourea_t4_c2","n-methyl-n-nitrosourea",2,30,"mg/kg",4,"single",1,"day",-0.122,0.918912883,0.33662343,0.905557453,-0.222,0.857376037,0.053294858,0.782332705,NA,NA,NA,NA
"3005","tg_rliver_single_nmethylnnitrosourea_t4_c3","n-methyl-n-nitrosourea",3,100,"mg/kg",4,"single",1,"day",-0.236,0.849096246,0.048385584,0.168005165,-1.099,0.466839972,1.05922e-06,0.000639391,NA,NA,NA,NA
"3006","tg_rliver_single_nnitrosomorpholine_t4_c1","n-nitrosomorpholine",1,100,"mg/kg",4,"single",1,"day",0.238,1.179356592,0.059154292,0.121499986,-0.108,0.927873476,0.419516827,0.534327922,NA,NA,NA,NA
"3007","tg_rliver_single_nnitrosomorpholine_t4_c2","n-nitrosomorpholine",2,300,"mg/kg",4,"single",1,"day",0.276,1.210833084,0.002984099,0.008662589,-0.594,0.662503509,0.000626634,0.002370119,NA,NA,NA,NA
"3008","tg_rliver_single_nnitrosomorpholine_t4_c3","n-nitrosomorpholine",3,600,"mg/kg",4,"single",1,"day",0.311,1.240567298,0.003036136,0.007401244,-0.343,0.788400174,0.014650081,0.029619012,NA,NA,NA,NA
"3009","tg_rliver_single_omeprazole_t1_c1","omeprazole",1,100,"mg/kg",1,"single",0.125,"day",0.011,1.00765376,0.92489619,0.984305322,0,1,0.999453206,0.999876368,NA,NA,NA,NA
"3010","tg_rliver_single_omeprazole_t1_c2","omeprazole",2,300,"mg/kg",1,"single",0.125,"day",-0.072,0.951318276,0.559411285,0.889135229,0.172,1.126619228,0.493386037,0.86094681,"no","yes","no","no"
"3011","tg_rliver_single_omeprazole_t1_c3","omeprazole",3,1000,"mg/kg",1,"single",0.125,"day",0.077,1.054822317,0.601748598,0.89447034,-0.265,0.832198735,0.221699613,0.704805974,NA,NA,NA,NA
"3012","tg_rliver_single_omeprazole_t2_c1","omeprazole",1,100,"mg/kg",2,"single",0.25,"day",-0.088,0.940826108,0.287938814,0.729199236,-0.088,0.940826108,0.568506215,0.875040656,"no","yes","no","no"
"3013","tg_rliver_single_omeprazole_t2_c2","omeprazole",2,300,"mg/kg",2,"single",0.25,"day",-0.002,0.998614666,0.981123476,0.995045433,0.084,1.059952783,0.827567361,0.944143943,"no","yes","no","no"
"3014","tg_rliver_single_omeprazole_t2_c3","omeprazole",3,1000,"mg/kg",2,"single",0.25,"day",0.032,1.022428531,0.74462139,0.903588437,0.098,1.070288698,0.652050801,0.861446465,"no","yes","no","no"
"3015","tg_rliver_single_omeprazole_t3_c1","omeprazole",1,100,"mg/kg",3,"single",0.375,"day",-0.054,0.963261894,0.597404588,0.83691163,-0.021,0.985549337,0.934018306,0.978762959,NA,NA,NA,NA
"3016","tg_rliver_single_omeprazole_t3_c2","omeprazole",2,300,"mg/kg",3,"single",0.375,"day",0.076,1.054091423,0.431038581,0.709352968,-0.1,0.933032992,0.591262518,0.81174681,NA,NA,NA,NA
"3017","tg_rliver_single_omeprazole_t3_c3","omeprazole",3,1000,"mg/kg",3,"single",0.375,"day",0.192,1.142346247,0.100080815,0.346724535,-0.195,0.873572896,0.102409841,0.350631407,NA,NA,NA,NA
"3018","tg_rliver_single_omeprazole_t4_c1","omeprazole",1,100,"mg/kg",4,"single",1,"day",0.32,1.248330549,0.070239977,0.711535196,0.017,1.011853201,0.950704464,0.994675773,NA,NA,NA,NA
"3019","tg_rliver_single_omeprazole_t4_c2","omeprazole",2,300,"mg/kg",4,"single",1,"day",0.034,1.0238469,0.723426551,0.944025301,0.264,1.200803427,0.088749651,0.601872572,NA,NA,NA,NA
"3020","tg_rliver_single_omeprazole_t4_c3","omeprazole",3,1000,"mg/kg",4,"single",1,"day",0.193,1.143138335,0.336320163,0.639243279,-0.003,0.997922719,0.98979645,0.996735469,NA,NA,NA,NA
"3021","tg_rliver_single_papaverine_t1_c1","papaverine",1,40,"mg/kg",1,"single",0.125,"day",-0.165,0.891928519,0.619267835,0.999443507,-0.3,0.812252396,0.067817504,0.999443507,NA,NA,NA,NA
"3022","tg_rliver_single_papaverine_t1_c2","papaverine",2,120,"mg/kg",1,"single",0.125,"day",-0.316,0.803293997,0.154561172,0.895171338,-0.175,0.885767519,0.261060934,0.926548075,NA,NA,NA,NA
"3023","tg_rliver_single_papaverine_t1_c3","papaverine",3,400,"mg/kg",1,"single",0.125,"day",-0.456,0.729004689,0.067006183,0.773141344,-0.047,0.967947027,0.792814473,0.989442734,NA,NA,NA,NA
"3024","tg_rliver_single_papaverine_t2_c1","papaverine",1,40,"mg/kg",2,"single",0.25,"day",0.065,1.04608494,0.629553824,0.949167169,0.016,1.011152081,0.87884601,0.98669327,NA,NA,NA,NA
"3025","tg_rliver_single_papaverine_t2_c2","papaverine",2,120,"mg/kg",2,"single",0.25,"day",-0.115,0.923382311,0.303089526,0.913616197,0.008,1.00556058,0.959203773,0.999109466,NA,NA,NA,NA
"3026","tg_rliver_single_papaverine_t2_c3","papaverine",3,400,"mg/kg",2,"single",0.25,"day",0.012,1.008352455,0.914933139,0.979347997,-0.006,0.995849753,0.965557463,0.991444727,NA,NA,NA,NA
"3027","tg_rliver_single_papaverine_t3_c1","papaverine",1,40,"mg/kg",3,"single",0.375,"day",-0.336,0.792234811,0.113788704,0.619497451,-0.125,0.917004043,0.571571982,0.889010046,NA,NA,NA,NA
"3028","tg_rliver_single_papaverine_t3_c2","papaverine",2,120,"mg/kg",3,"single",0.375,"day",-0.485,0.71449707,0.050219666,0.658153299,-0.03,0.979420298,0.897580858,0.98622458,NA,NA,NA,NA
"3029","tg_rliver_single_papaverine_t3_c3","papaverine",3,400,"mg/kg",3,"single",0.375,"day",-0.39,0.763129604,0.063730169,0.410545984,-0.231,0.852044095,0.302297581,0.696579211,NA,NA,NA,NA
"3030","tg_rliver_single_papaverine_t4_c1","papaverine",1,40,"mg/kg",4,"single",1,"day",0.019,1.0132569,0.841012226,0.991139773,-0.555,0.680657058,0.004785823,0.93840942,NA,NA,NA,NA
"3031","tg_rliver_single_papaverine_t4_c2","papaverine",2,120,"mg/kg",4,"single",1,"day",0.162,1.118837101,0.1397021,0.846987112,-0.193,0.874784765,0.262435598,0.898167934,NA,NA,NA,NA
"3032","tg_rliver_single_papaverine_t4_c3","papaverine",3,400,"mg/kg",4,"single",1,"day",0.391,1.311302014,0.069321298,0.764055818,-0.391,0.762600827,0.006140449,0.498789803,NA,NA,NA,NA
"3033","tg_rliver_single_pemoline_t1_c1","pemoline",1,8,"mg/kg",1,"single",0.125,"day",-0.03,0.979420298,0.777551704,0.979243463,-0.475,0.71946679,0.010147439,0.892162995,NA,NA,NA,NA
"3034","tg_rliver_single_pemoline_t1_c2","pemoline",2,25,"mg/kg",1,"single",0.125,"day",-0.105,0.929804943,0.341557411,0.941210114,-0.139,0.908148418,0.32064528,0.941210114,"no","yes","no","no"
"3035","tg_rliver_single_pemoline_t1_c3","pemoline",3,75,"mg/kg",1,"single",0.125,"day",0.019,1.0132569,0.877080494,0.954877203,-0.129,0.914465089,0.453712842,0.787974598,"no","yes","no","no"
"3036","tg_rliver_single_pemoline_t2_c1","pemoline",1,8,"mg/kg",2,"single",0.25,"day",0.057,1.040300267,0.593548292,0.999865405,-0.087,0.941478465,0.648241116,0.999865405,"no","yes","no","no"
"3037","tg_rliver_single_pemoline_t2_c2","pemoline",2,25,"mg/kg",2,"single",0.25,"day",-0.03,0.979420298,0.713405898,0.902070693,-0.279,0.824162085,0.042348308,0.298515523,NA,NA,NA,NA
"3038","tg_rliver_single_pemoline_t2_c3","pemoline",3,75,"mg/kg",2,"single",0.25,"day",0.032,1.022428531,0.717455482,0.891230479,-0.436,0.739181216,0.008743591,0.217559292,NA,NA,NA,NA
"3039","tg_rliver_single_pemoline_t3_c1","pemoline",1,8,"mg/kg",3,"single",0.375,"day",-0.116,0.922742493,0.266931254,0.891022158,-0.552,0.682073917,0.037386178,0.891022158,"no","yes","no","no"
"3040","tg_rliver_single_pemoline_t3_c2","pemoline",2,25,"mg/kg",3,"single",0.375,"day",0.004,1.002776436,0.970917027,0.998247763,-0.447,0.733566672,0.034220566,0.769764241,NA,NA,NA,NA
"3041","tg_rliver_single_pemoline_t3_c3","pemoline",3,75,"mg/kg",3,"single",0.375,"day",-0.304,0.810003474,0.011750832,0.466814498,-0.235,0.849684999,0.212348594,0.89499858,NA,NA,NA,NA
"3042","tg_rliver_single_pemoline_t4_c1","pemoline",1,8,"mg/kg",4,"single",1,"day",0.117,1.084477409,0.351660976,0.852611271,0.09,1.064370182,0.287117517,0.828806343,NA,NA,NA,NA
"3043","tg_rliver_single_pemoline_t4_c2","pemoline",2,25,"mg/kg",4,"single",1,"day",-0.056,0.961927455,0.617448122,0.938876301,-0.029,0.980099415,0.718247983,0.96223489,"no","yes","no","no"
"3044","tg_rliver_single_pemoline_t4_c3","pemoline",3,75,"mg/kg",4,"single",1,"day",-0.176,0.885153765,0.085453467,0.4182269,-0.017,0.988285652,0.883203428,0.967435658,NA,NA,NA,NA
"3045","tg_rliver_single_penicillamine_t1_c1","penicillamine",1,100,"mg/kg",1,"single",0.125,"day",0.175,1.128964405,0.090444616,0.979901282,-0.169,0.889458994,0.400253007,0.979901282,NA,NA,NA,NA
"3046","tg_rliver_single_penicillamine_t1_c2","penicillamine",2,300,"mg/kg",1,"single",0.125,"day",0.165,1.121166078,0.144082584,0.9976119,-0.055,0.962594443,0.749239486,0.9976119,NA,NA,NA,NA
"3047","tg_rliver_single_penicillamine_t1_c3","penicillamine",3,1000,"mg/kg",1,"single",0.125,"day",0.169,1.124278924,0.119161044,0.988072646,-0.215,0.86154616,0.196552189,0.988072646,NA,NA,NA,NA
"3048","tg_rliver_single_penicillamine_t2_c1","penicillamine",1,100,"mg/kg",2,"single",0.25,"day",-0.171,0.888226796,0.376704474,0.999770192,0.053,1.037419937,0.717822995,0.999770192,NA,NA,NA,NA
"3049","tg_rliver_single_penicillamine_t2_c2","penicillamine",2,300,"mg/kg",2,"single",0.25,"day",-0.148,0.902500727,0.208199673,0.918100328,-0.277,0.825305409,0.109898403,0.886247368,NA,NA,NA,NA
"3050","tg_rliver_single_penicillamine_t2_c3","penicillamine",3,1000,"mg/kg",2,"single",0.25,"day",-0.226,0.855002178,0.08494317,0.440654552,-0.124,0.917639882,0.510223088,0.837389664,NA,NA,NA,NA
"3051","tg_rliver_single_penicillamine_t3_c1","penicillamine",1,100,"mg/kg",3,"single",0.375,"day",-0.197,0.872362706,0.207055493,0.692553312,0.166,1.121943481,0.565044173,0.865631058,NA,NA,NA,NA
"3052","tg_rliver_single_penicillamine_t3_c2","penicillamine",2,300,"mg/kg",3,"single",0.375,"day",-0.261,0.834509281,0.245818079,0.895103608,-0.28,0.823591017,0.26189289,0.901536012,NA,NA,NA,NA
"3053","tg_rliver_single_penicillamine_t3_c3","penicillamine",3,1000,"mg/kg",3,"single",0.375,"day",-0.551,0.682546859,0.003901983,0.302899383,-0.428,0.743291492,0.081382916,0.568415816,NA,NA,NA,NA
"3054","tg_rliver_single_penicillamine_t4_c1","penicillamine",1,100,"mg/kg",4,"single",1,"day",-0.518,0.698339266,0.017470088,0.726380121,0.124,1.089752112,0.620080879,0.930398617,NA,NA,NA,NA
"3055","tg_rliver_single_penicillamine_t4_c2","penicillamine",2,300,"mg/kg",4,"single",1,"day",-0.124,0.917639882,0.58566073,0.868333328,0.196,1.145517898,0.330376478,0.747737937,NA,NA,NA,NA
"3056","tg_rliver_single_penicillamine_t4_c3","penicillamine",3,1000,"mg/kg",4,"single",1,"day",-0.461,0.726482525,0.047316028,0.664607431,-0.176,0.885153765,0.422016285,0.865852395,NA,NA,NA,NA
"3057","tg_rliver_single_perhexiline_t1_c1","perhexiline",1,15,"mg/kg",1,"single",0.125,"day",-0.138,0.908778116,0.153716645,0.900353605,0.018,1.012554807,0.90973013,0.996621956,NA,NA,NA,NA
"3058","tg_rliver_single_perhexiline_t1_c2","perhexiline",2,50,"mg/kg",1,"single",0.125,"day",-0.232,0.851453708,0.033809477,0.69340984,-0.075,0.949342121,0.668669225,0.96695262,NA,NA,NA,NA
"3059","tg_rliver_single_perhexiline_t1_c3","perhexiline",3,150,"mg/kg",1,"single",0.125,"day",-0.076,0.948684315,0.524050712,0.943353234,0.081,1.057750964,0.335209579,0.900211545,NA,NA,NA,NA
"3060","tg_rliver_single_perhexiline_t2_c1","perhexiline",1,15,"mg/kg",2,"single",0.25,"day",-0.008,0.994470169,0.942724185,0.994060966,-0.096,0.935623498,0.458850025,0.930538067,NA,NA,NA,NA
"3061","tg_rliver_single_perhexiline_t2_c2","perhexiline",2,50,"mg/kg",2,"single",0.25,"day",-0.005,0.996540263,0.939081679,0.990631634,-0.434,0.740206649,0.022879576,0.497130935,NA,NA,NA,NA
"3062","tg_rliver_single_perhexiline_t2_c3","perhexiline",3,150,"mg/kg",2,"single",0.25,"day",-0.037,0.974679631,0.575306146,0.88295976,-0.302,0.811127156,0.068676363,0.522916091,NA,NA,NA,NA
"3063","tg_rliver_single_perhexiline_t3_c1","perhexiline",1,15,"mg/kg",3,"single",0.375,"day",-0.057,0.961260928,0.603748109,0.99998384,-0.065,0.955945318,0.735238655,0.99998384,NA,NA,NA,NA
"3064","tg_rliver_single_perhexiline_t3_c2","perhexiline",2,50,"mg/kg",3,"single",0.375,"day",-0.179,0.883315051,0.071441955,0.75459626,-0.001,0.999307093,0.997738541,0.999211284,NA,NA,NA,NA
"3065","tg_rliver_single_perhexiline_t3_c3","perhexiline",3,150,"mg/kg",3,"single",0.375,"day",-0.121,0.919550046,0.29221209,0.785825121,-0.026,0.982139595,0.894428531,0.980249449,NA,NA,NA,NA
"3066","tg_rliver_single_perhexiline_t4_c1","perhexiline",1,15,"mg/kg",4,"single",1,"day",-0.255,0.837987135,0.031805103,0.82683273,0.272,1.207480591,0.066382077,0.841289455,NA,NA,NA,NA
"3067","tg_rliver_single_perhexiline_t4_c2","perhexiline",2,50,"mg/kg",4,"single",1,"day",-0.172,0.887611337,0.069193215,0.739271136,-0.068,0.953959551,0.654106638,0.953265275,NA,NA,NA,NA
"3068","tg_rliver_single_perhexiline_t4_c3","perhexiline",3,150,"mg/kg",4,"single",1,"day",-0.242,0.845572287,0.065574606,0.551444225,-0.104,0.930449658,0.545863811,0.882578226,NA,NA,NA,NA
"3069","tg_rliver_single_phalloidin_t1_c3","phalloidin",3,1,"mg/kg",1,"single",0.125,"day",1.377,2.597277205,1.52141e-05,0.009205941,0.047,1.033114388,0.509207485,0.839569999,NA,NA,NA,NA
"3070","tg_rliver_single_phalloidin_t2_c3","phalloidin",3,1,"mg/kg",2,"single",0.25,"day",1.99,3.972369982,8.29415e-07,0.001444634,0.31,1.2397077,0.063675654,0.337457906,"yes","no","no","no"
"3071","tg_rliver_single_phalloidin_t3_c3","phalloidin",3,1,"mg/kg",3,"single",0.375,"day",1.168,2.246999806,9.49298e-05,0.013398012,-0.049,0.966606097,0.665711795,0.844027955,"yes","yes","no","no"
"3072","tg_rliver_single_phalloidin_t4_c3","phalloidin",3,1,"mg/kg",4,"single",1,"day",0.399,1.318593614,0.025321111,0.238268074,0.069,1.048989328,0.619922042,0.854806443,"yes","yes","no","no"
"3073","tg_rliver_single_phenacetin_t1_c1","phenacetin",1,300,"mg/kg",1,"single",0.125,"day",0.256,1.194163187,0.054227734,0.363437806,0.172,1.126619228,0.365792538,0.737048758,NA,NA,NA,NA
"3074","tg_rliver_single_phenacetin_t1_c2","phenacetin",2,1000,"mg/kg",1,"single",0.125,"day",0.193,1.143138335,0.103502374,0.335864481,0.104,1.074749173,0.538391409,0.763515566,NA,NA,NA,NA
"3075","tg_rliver_single_phenacetin_t1_c3","phenacetin",3,2000,"mg/kg",1,"single",0.125,"day",0.256,1.194163187,0.06497476,0.310256499,0.023,1.016070143,0.906007803,0.969237062,NA,NA,NA,NA
"3076","tg_rliver_single_phenacetin_t2_c1","phenacetin",1,300,"mg/kg",2,"single",0.25,"day",0.086,1.061423209,0.505817629,0.751847127,-0.375,0.771105413,0.14375105,0.398929919,NA,NA,NA,NA
"3077","tg_rliver_single_phenacetin_t2_c2","phenacetin",2,1000,"mg/kg",2,"single",0.25,"day",-0.094,0.936921447,0.648167175,0.815049311,-0.601,0.659296807,0.026075452,0.106863338,NA,NA,NA,NA
"3078","tg_rliver_single_phenacetin_t2_c3","phenacetin",3,2000,"mg/kg",2,"single",0.25,"day",-0.04,0.972654947,0.82335736,0.919598643,-0.601,0.659296807,0.023003257,0.098654166,NA,NA,NA,NA
"3079","tg_rliver_single_phenacetin_t3_c1","phenacetin",1,300,"mg/kg",3,"single",0.375,"day",-0.057,0.961260928,0.735968715,0.904978173,-0.404,0.755759964,0.049275015,0.226779798,NA,NA,NA,NA
"3080","tg_rliver_single_phenacetin_t3_c2","phenacetin",2,1000,"mg/kg",3,"single",0.375,"day",0.044,1.030968319,0.793418722,0.91884113,-0.233,0.85086373,0.195300358,0.441127442,NA,NA,NA,NA
"3081","tg_rliver_single_phenacetin_t3_c3","phenacetin",3,2000,"mg/kg",3,"single",0.375,"day",0.12,1.086734863,0.266626476,0.513707923,-0.419,0.747942879,0.043708311,0.159057613,NA,NA,NA,NA
"3082","tg_rliver_single_phenacetin_t4_c1","phenacetin",1,300,"mg/kg",4,"single",1,"day",-0.276,0.825877665,0.13396336,0.713851709,-0.491,0.711531731,0.01787295,0.34920463,NA,NA,NA,NA
"3083","tg_rliver_single_phenacetin_t4_c2","phenacetin",2,1000,"mg/kg",4,"single",1,"day",-0.605,0.65747138,0.001956969,0.010734317,-0.647,0.63860688,0.001647878,0.009468675,NA,NA,NA,NA
"3084","tg_rliver_single_phenacetin_t4_c3","phenacetin",3,2000,"mg/kg",4,"single",1,"day",-0.751,0.594191553,0.00049285,0.003686319,-0.68,0.624165274,0.003810591,0.016634328,NA,NA,NA,NA
"3085","tg_rliver_single_phenobarbital_t1_c1","phenobarbital",1,100,"mg/kg",1,"single",0.125,"day",-0.037,0.974679631,0.763686258,0.936073884,-0.019,0.986916546,0.904902538,0.976911171,NA,NA,NA,NA
"3086","tg_rliver_single_phenobarbital_t1_c2","phenobarbital",2,150,"mg/kg",1,"single",0.125,"day",-0.169,0.889458994,0.241369296,0.742691429,-0.083,0.944092419,0.490646571,0.87358412,NA,NA,NA,NA
"3087","tg_rliver_single_phenobarbital_t1_c3","phenobarbital",3,300,"mg/kg",1,"single",0.125,"day",-0.115,0.923382311,0.352635716,0.816543927,-0.063,0.957271458,0.738924796,0.954412086,NA,NA,NA,NA
"3088","tg_rliver_single_phenobarbital_t2_c1","phenobarbital",1,100,"mg/kg",2,"single",0.25,"day",0.046,1.032398535,0.658504571,0.924065096,-0.285,0.820741609,0.047933443,0.584830163,NA,NA,NA,NA
"3089","tg_rliver_single_phenobarbital_t2_c2","phenobarbital",2,150,"mg/kg",2,"single",0.25,"day",0.133,1.096571589,0.358089573,0.779812202,-0.291,0.817335328,0.163035991,0.612824086,NA,NA,NA,NA
"3090","tg_rliver_single_phenobarbital_t2_c3","phenobarbital",3,300,"mg/kg",2,"single",0.25,"day",0.218,1.163120042,0.07421777,0.448850005,-0.388,0.76418826,0.097559007,0.488675906,NA,NA,NA,NA
"3091","tg_rliver_single_phenobarbital_t3_c1","phenobarbital",1,100,"mg/kg",3,"single",0.375,"day",-0.085,0.942784536,0.460524626,0.997717976,0.161,1.118061851,0.372823605,0.997717976,NA,NA,NA,NA
"3092","tg_rliver_single_phenobarbital_t3_c2","phenobarbital",2,150,"mg/kg",3,"single",0.375,"day",0.028,1.019597683,0.836572459,0.989371259,0.123,1.088997015,0.571711365,0.972624007,NA,NA,NA,NA
"3093","tg_rliver_single_phenobarbital_t3_c3","phenobarbital",3,300,"mg/kg",3,"single",0.375,"day",-0.041,0.971980988,0.727948417,0.997649915,-0.162,0.893785162,0.270624708,0.912856644,NA,NA,NA,NA
"3094","tg_rliver_single_phenobarbital_t4_c1","phenobarbital",1,100,"mg/kg",4,"single",1,"day",-0.304,0.810003474,0.004717156,0.190215467,0.144,1.104964485,0.434124158,0.780627953,NA,NA,NA,NA
"3095","tg_rliver_single_phenobarbital_t4_c2","phenobarbital",2,150,"mg/kg",4,"single",1,"day",-0.011,0.992404375,0.939958126,0.986083767,-0.013,0.991029563,0.909567985,0.979967549,NA,NA,NA,NA
"3096","tg_rliver_single_phenobarbital_t4_c3","phenobarbital",3,300,"mg/kg",4,"single",1,"day",-0.301,0.811689581,0.007475445,0.053581712,-0.536,0.689680461,0.000650805,0.012930092,"no","yes","no","no"
"3097","tg_rliver_single_phenylanthranilicacid_t1_c1","phenylanthranilic acid",1,300,"mg/kg",1,"single",0.125,"day",-0.207,0.866336856,0.241520005,0.999980999,-0.252,0.839731493,0.141632099,0.999980999,NA,NA,NA,NA
"3098","tg_rliver_single_phenylanthranilicacid_t1_c2","phenylanthranilic acid",2,1000,"mg/kg",1,"single",0.125,"day",-0.107,0.928516852,0.424961826,0.75938925,-0.722,0.60625641,0.00064056,0.0557848,NA,NA,NA,NA
"3099","tg_rliver_single_phenylanthranilicacid_t1_c3","phenylanthranilic acid",3,2000,"mg/kg",1,"single",0.125,"day",-0.124,0.917639882,0.393764383,0.76827126,-0.641,0.641268301,0.022062027,0.2543749,NA,NA,NA,NA
"3100","tg_rliver_single_phenylanthranilicacid_t2_c1","phenylanthranilic acid",1,300,"mg/kg",2,"single",0.25,"day",-0.197,0.872362706,0.327106992,0.912616488,-0.483,0.71548826,0.019659224,0.812518151,NA,NA,NA,NA
"3101","tg_rliver_single_phenylanthranilicacid_t2_c2","phenylanthranilic acid",2,1000,"mg/kg",2,"single",0.25,"day",-0.266,0.831622098,0.090055058,0.569654978,-0.625,0.648419777,0.003847703,0.240658255,NA,NA,NA,NA
"3102","tg_rliver_single_phenylanthranilicacid_t2_c3","phenylanthranilic acid",3,2000,"mg/kg",2,"single",0.25,"day",-0.189,0.877213549,0.293571202,0.797901118,-0.406,0.754712984,0.040018073,0.409406633,NA,NA,NA,NA
"3103","tg_rliver_single_phenylanthranilicacid_t3_c1","phenylanthranilic acid",1,300,"mg/kg",3,"single",0.375,"day",-0.016,0.988970916,0.857245698,0.937440084,-0.451,0.73153561,0.003031422,0.133161469,NA,NA,NA,NA
"3104","tg_rliver_single_phenylanthranilicacid_t3_c2","phenylanthranilic acid",2,1000,"mg/kg",3,"single",0.375,"day",-0.185,0.879649076,0.069751957,0.205872437,-0.582,0.668037039,0.000772991,0.014476955,NA,NA,NA,NA
"3105","tg_rliver_single_phenylanthranilicacid_t3_c3","phenylanthranilic acid",3,2000,"mg/kg",3,"single",0.375,"day",0.005,1.003471749,0.966966865,0.982622251,-0.773,0.585199321,0.002730918,0.030619083,"no","yes","no","no"
"3106","tg_rliver_single_phenylanthranilicacid_t4_c1","phenylanthranilic acid",1,300,"mg/kg",4,"single",1,"day",0.041,1.028826708,0.748597191,0.964752944,0.143,1.104198847,0.400559829,0.914052941,NA,NA,NA,NA
"3107","tg_rliver_single_phenylanthranilicacid_t4_c2","phenylanthranilic acid",2,1000,"mg/kg",4,"single",1,"day",0.074,1.052631155,0.630477952,0.973335942,-0.742,0.597909898,0.000252948,0.066022729,NA,NA,NA,NA
"3108","tg_rliver_single_phenylanthranilicacid_t4_c3","phenylanthranilic acid",3,2000,"mg/kg",4,"single",1,"day",-0.123,0.918276162,0.333179953,0.544914601,-1.208,0.432868283,0.000279365,0.011867895,NA,NA,NA,NA
"3109","tg_rliver_single_phenylbutazone_t1_c1","phenylbutazone",1,20,"mg/kg",1,"single",0.125,"day",0.059,1.041743429,0.638422286,0.954466536,0.117,1.084477409,0.557513965,0.937160725,NA,NA,NA,NA
"3110","tg_rliver_single_phenylbutazone_t1_c2","phenylbutazone",2,60,"mg/kg",1,"single",0.125,"day",0.006,1.004167543,0.97883891,0.998986526,-0.088,0.940826108,0.554315748,0.942899802,NA,NA,NA,NA
"3111","tg_rliver_single_phenylbutazone_t1_c3","phenylbutazone",3,200,"mg/kg",1,"single",0.125,"day",-0.198,0.87175824,0.159136362,0.688789144,0.23,1.172834949,0.094523899,0.636800338,NA,NA,NA,NA
"3112","tg_rliver_single_phenylbutazone_t2_c1","phenylbutazone",1,20,"mg/kg",2,"single",0.25,"day",0.119,1.085981856,0.174094974,0.949477862,0.154,1.112650121,0.583268715,0.972983453,NA,NA,NA,NA
"3113","tg_rliver_single_phenylbutazone_t2_c2","phenylbutazone",2,60,"mg/kg",2,"single",0.25,"day",0.186,1.137605228,0.130074349,0.999721727,-0.054,0.963261894,0.877807656,0.999721727,NA,NA,NA,NA
"3114","tg_rliver_single_phenylbutazone_t2_c3","phenylbutazone",3,200,"mg/kg",2,"single",0.25,"day",-0.041,0.971980988,0.72591255,0.98228377,0.074,1.052631155,0.80394922,0.984385164,NA,NA,NA,NA
"3115","tg_rliver_single_phenylbutazone_t3_c1","phenylbutazone",1,20,"mg/kg",3,"single",0.375,"day",-0.003,0.997922719,0.964711344,0.994108985,0.22,1.164733586,0.153564608,0.775011146,NA,NA,NA,NA
"3116","tg_rliver_single_phenylbutazone_t3_c2","phenylbutazone",2,60,"mg/kg",3,"single",0.375,"day",-0.145,0.904379378,0.213131587,0.86218263,-0.051,0.965267025,0.779694119,0.981978124,NA,NA,NA,NA
"3117","tg_rliver_single_phenylbutazone_t3_c3","phenylbutazone",3,200,"mg/kg",3,"single",0.375,"day",-0.215,0.86154616,0.113503296,0.385218957,-0.151,0.90062598,0.283964091,0.59668893,NA,NA,NA,NA
"3118","tg_rliver_single_phenylbutazone_t4_c1","phenylbutazone",1,20,"mg/kg",4,"single",1,"day",0.093,1.066585781,0.627961383,0.999867688,0.027,1.018891197,0.878204757,0.999867688,NA,NA,NA,NA
"3119","tg_rliver_single_phenylbutazone_t4_c2","phenylbutazone",2,60,"mg/kg",4,"single",1,"day",-0.092,0.938221197,0.407569334,0.973377213,-0.001,0.999307093,0.989857763,0.99990843,NA,NA,NA,NA
"3120","tg_rliver_single_phenylbutazone_t4_c3","phenylbutazone",3,200,"mg/kg",4,"single",1,"day",0.097,1.069547088,0.330758446,0.729584959,-0.251,0.840313752,0.010424645,0.212221964,NA,NA,NA,NA
"3121","tg_rliver_single_phenytoin_t1_c1","phenytoin",1,600,"mg/kg",1,"single",0.125,"day",0.249,1.188383105,0.030277344,0.9573626,-0.056,0.961927455,0.739104853,0.982882901,NA,NA,NA,NA
"3122","tg_rliver_single_phenytoin_t1_c2","phenytoin",2,1200,"mg/kg",1,"single",0.125,"day",-0.119,0.920825697,0.226723739,0.843323277,0.119,1.085981856,0.434682936,0.908339398,NA,NA,NA,NA
"3123","tg_rliver_single_phenytoin_t1_c3","phenytoin",3,2000,"mg/kg",1,"single",0.125,"day",0.135,1.098092814,0.151848744,0.81339428,0.08,1.057018041,0.765529862,0.976693157,NA,NA,NA,NA
"3124","tg_rliver_single_phenytoin_t2_c1","phenytoin",1,600,"mg/kg",2,"single",0.25,"day",-0.116,0.922742493,0.250249552,0.91112437,-0.223,0.856781955,0.175863778,0.891649035,NA,NA,NA,NA
"3125","tg_rliver_single_phenytoin_t2_c2","phenytoin",2,1200,"mg/kg",2,"single",0.25,"day",0.129,1.093535457,0.192937586,0.909421699,-0.279,0.824162085,0.131398028,0.89409865,NA,NA,NA,NA
"3126","tg_rliver_single_phenytoin_t2_c3","phenytoin",3,2000,"mg/kg",2,"single",0.25,"day",-0.008,0.994470169,0.934714486,0.996918555,-0.066,0.955282936,0.641494915,0.973968199,NA,NA,NA,NA
"3127","tg_rliver_single_phenytoin_t3_c1","phenytoin",1,600,"mg/kg",3,"single",0.375,"day",-0.109,0.927230546,0.1961762,0.893465197,0.048,1.033830736,0.757253841,0.984531381,NA,NA,NA,NA
"3128","tg_rliver_single_phenytoin_t3_c2","phenytoin",2,1200,"mg/kg",3,"single",0.375,"day",-0.241,0.846158597,0.016375565,0.351606413,-0.006,0.995849753,0.96793638,0.993698268,NA,NA,NA,NA
"3129","tg_rliver_single_phenytoin_t3_c3","phenytoin",3,2000,"mg/kg",3,"single",0.375,"day",-0.202,0.86934456,0.015649662,0.28659392,0,1,0.999553611,0.999986042,NA,NA,NA,NA
"3130","tg_rliver_single_phenytoin_t4_c1","phenytoin",1,600,"mg/kg",4,"single",1,"day",0.558,1.472226862,0.019295571,0.410649961,0.151,1.110338834,0.450919705,0.796325257,NA,NA,NA,NA
"3131","tg_rliver_single_phenytoin_t4_c2","phenytoin",2,1200,"mg/kg",4,"single",1,"day",-0.039,0.973329374,0.811752734,0.949145137,0.13,1.094293701,0.345478845,0.727743129,NA,NA,NA,NA
"3132","tg_rliver_single_phenytoin_t4_c3","phenytoin",3,2000,"mg/kg",4,"single",1,"day",-0.042,0.971307496,0.760563532,0.882699671,-0.144,0.905006463,0.107103885,0.326439438,NA,NA,NA,NA
"3133","tg_rliver_single_phorone_t1_c1","phorone",1,40,"mg/kg",1,"single",0.125,"day",-0.056,0.961927455,0.773535962,0.966741317,-0.198,0.87175824,0.435714603,0.875030273,NA,NA,NA,NA
"3134","tg_rliver_single_phorone_t1_c2","phorone",2,120,"mg/kg",1,"single",0.125,"day",-0.503,0.705637922,0.002428121,0.070339784,-0.29,0.817902059,0.042507291,0.268615234,NA,NA,NA,NA
"3135","tg_rliver_single_phorone_t1_c3","phorone",3,400,"mg/kg",1,"single",0.125,"day",0.386,1.306765254,0.195055796,0.59291175,-0.133,0.911933166,0.264767065,0.671843974,NA,NA,NA,NA
"3136","tg_rliver_single_phorone_t2_c1","phorone",1,40,"mg/kg",2,"single",0.25,"day",-0.156,0.897510051,0.219416167,0.690871844,-0.081,0.945402117,0.6619216,0.921955464,NA,NA,NA,NA
"3137","tg_rliver_single_phorone_t2_c2","phorone",2,120,"mg/kg",2,"single",0.25,"day",-0.107,0.928516852,0.32572638,0.589613766,-0.484,0.714992493,0.013163077,0.103099672,NA,NA,NA,NA
"3138","tg_rliver_single_phorone_t2_c3","phorone",3,400,"mg/kg",2,"single",0.25,"day",1.676,3.195407666,0.004766892,0.020821904,-0.251,0.840313752,0.230553181,0.3480471,"yes","no","no","no"
"3139","tg_rliver_single_phorone_t3_c1","phorone",1,40,"mg/kg",3,"single",0.375,"day",0.116,1.083725967,0.382273295,0.866854264,-0.05,0.965936329,0.78072531,0.97402133,NA,NA,NA,NA
"3140","tg_rliver_single_phorone_t3_c2","phorone",2,120,"mg/kg",3,"single",0.375,"day",-0.022,0.984866443,0.892193207,0.956977672,-0.353,0.782954296,0.198932415,0.515465664,NA,NA,NA,NA
"3141","tg_rliver_single_phorone_t3_c3","phorone",3,400,"mg/kg",3,"single",0.375,"day",0.916,1.886876502,0.002106405,0.006973307,-0.215,0.86154616,0.269888728,0.393412442,"yes","no","no","no"
"3142","tg_rliver_single_phorone_t4_c1","phorone",1,40,"mg/kg",4,"single",1,"day",-0.2,0.870550563,0.211858471,0.830901381,-0.549,0.683493726,0.00872408,0.667919415,NA,NA,NA,NA
"3143","tg_rliver_single_phorone_t4_c2","phorone",2,120,"mg/kg",4,"single",1,"day",-0.036,0.975355462,0.789883498,0.925430797,-0.663,0.631563631,0.023920606,0.349571931,NA,NA,NA,NA
"3144","tg_rliver_single_phorone_t4_c3","phorone",3,400,"mg/kg",4,"single",1,"day",0.784,1.721898377,0.005086832,0.024059714,-1.854,0.276624338,1.04376e-05,0.000706008,"no","yes","no","no"
"3145","tg_rliver_single_promethazine_t1_c1","promethazine",1,20,"mg/kg",1,"single",0.125,"day",-0.546,0.68491649,0.076786183,0.695187749,-0.271,0.828744904,0.090658015,0.714887105,NA,NA,NA,NA
"3146","tg_rliver_single_promethazine_t1_c2","promethazine",2,60,"mg/kg",1,"single",0.125,"day",-0.508,0.7031966,0.091397961,0.599854232,0.18,1.132883885,0.331667048,0.800801688,NA,NA,NA,NA
"3147","tg_rliver_single_promethazine_t1_c3","promethazine",3,200,"mg/kg",1,"single",0.125,"day",-0.484,0.714992493,0.119359588,0.523007286,-0.066,0.955282936,0.635746734,0.872212441,NA,NA,NA,NA
"3148","tg_rliver_single_promethazine_t2_c1","promethazine",1,20,"mg/kg",2,"single",0.25,"day",0.113,1.081474763,0.247749507,0.989603957,0.176,1.129747215,0.07389479,0.975721913,NA,NA,NA,NA
"3149","tg_rliver_single_promethazine_t2_c2","promethazine",2,60,"mg/kg",2,"single",0.25,"day",0.129,1.093535457,0.182947536,0.807281454,0.204,1.151887642,0.086761186,0.740253352,NA,NA,NA,NA
"3150","tg_rliver_single_promethazine_t2_c3","promethazine",3,200,"mg/kg",2,"single",0.25,"day",0.129,1.093535457,0.202271604,0.630517212,0.017,1.011853201,0.913160877,0.971756193,NA,NA,NA,NA
"3151","tg_rliver_single_promethazine_t3_c1","promethazine",1,20,"mg/kg",3,"single",0.375,"day",-0.215,0.86154616,0.037825019,0.973842539,-0.038,0.974004269,0.735668408,0.993535569,NA,NA,NA,NA
"3152","tg_rliver_single_promethazine_t3_c2","promethazine",2,60,"mg/kg",3,"single",0.375,"day",-0.155,0.898132373,0.387194401,0.939904513,-0.068,0.953959551,0.566490551,0.967589838,NA,NA,NA,NA
"3153","tg_rliver_single_promethazine_t3_c3","promethazine",3,200,"mg/kg",3,"single",0.375,"day",-0.281,0.823020345,0.082408847,0.455251008,-0.249,0.841479482,0.150482275,0.572054819,NA,NA,NA,NA
"3154","tg_rliver_single_promethazine_t4_c1","promethazine",1,20,"mg/kg",4,"single",1,"day",-0.165,0.891928519,0.647724124,0.99998656,-0.015,0.989656656,0.92558975,0.99998656,NA,NA,NA,NA
"3155","tg_rliver_single_promethazine_t4_c2","promethazine",2,60,"mg/kg",4,"single",1,"day",-0.348,0.785672517,0.320729241,0.899340833,-0.045,0.969289817,0.826595071,0.986041467,NA,NA,NA,NA
"3156","tg_rliver_single_promethazine_t4_c3","promethazine",3,200,"mg/kg",4,"single",1,"day",-0.55,0.683020128,0.168455047,0.5440898,-0.538,0.688725023,0.008299366,0.215979875,NA,NA,NA,NA
"3157","tg_rliver_single_propranolol_t1_c1","propranolol",1,15,"mg/kg",1,"single",0.125,"day",-0.042,0.971307496,0.779771482,0.971772433,-0.31,0.806641759,0.098283917,0.825070695,NA,NA,NA,NA
"3158","tg_rliver_single_propranolol_t1_c2","propranolol",2,50,"mg/kg",1,"single",0.125,"day",-0.05,0.965936329,0.725629454,0.999788892,0.039,1.027401439,0.800889274,0.999788892,NA,NA,NA,NA
"3159","tg_rliver_single_propranolol_t1_c3","propranolol",3,150,"mg/kg",1,"single",0.125,"day",0.014,1.009751298,0.926683011,0.99173682,-0.214,0.862143545,0.189484868,0.868433367,NA,NA,NA,NA
"3160","tg_rliver_single_propranolol_t2_c1","propranolol",1,15,"mg/kg",2,"single",0.25,"day",0.116,1.083725967,0.280074129,0.893663466,0.389,1.309485423,0.007179336,0.735019087,NA,NA,NA,NA
"3161","tg_rliver_single_propranolol_t2_c2","propranolol",2,50,"mg/kg",2,"single",0.25,"day",0.076,1.054091423,0.444859233,0.856830202,0.402,1.321338406,0.038685934,0.481724575,NA,NA,NA,NA
"3162","tg_rliver_single_propranolol_t2_c3","propranolol",3,150,"mg/kg",2,"single",0.25,"day",-0.126,0.916368645,0.232344184,0.552660269,0.028,1.019597683,0.781176591,0.9127811,NA,NA,NA,NA
"3163","tg_rliver_single_propranolol_t3_c1","propranolol",1,15,"mg/kg",3,"single",0.375,"day",0.035,1.024556823,0.733720195,0.998689869,-0.004,0.997231251,0.988341104,0.998689869,NA,NA,NA,NA
"3164","tg_rliver_single_propranolol_t3_c2","propranolol",2,50,"mg/kg",3,"single",0.375,"day",0.095,1.068065408,0.341120234,0.911185104,0.363,1.286097483,0.210933508,0.871836623,NA,NA,NA,NA
"3165","tg_rliver_single_propranolol_t3_c3","propranolol",3,150,"mg/kg",3,"single",0.375,"day",0.073,1.051901779,0.36586433,0.806128017,0.216,1.161508732,0.445436137,0.845506476,NA,NA,NA,NA
"3166","tg_rliver_single_propranolol_t4_c1","propranolol",1,15,"mg/kg",4,"single",1,"day",0,1,0.997053918,0.999769299,0.197,1.146312186,0.030534108,0.97957295,NA,NA,NA,NA
"3167","tg_rliver_single_propranolol_t4_c2","propranolol",2,50,"mg/kg",4,"single",1,"day",-0.036,0.975355462,0.715408818,0.94534571,0.063,1.044635763,0.506339132,0.885523162,NA,NA,NA,NA
"3168","tg_rliver_single_propranolol_t4_c3","propranolol",3,150,"mg/kg",4,"single",1,"day",-0.099,0.933679945,0.382244565,0.922813227,0.055,1.038859103,0.583876486,0.963023747,NA,NA,NA,NA
"3169","tg_rliver_single_propylthiouracil_t1_c1","propylthiouracil",1,10,"mg/kg",1,"single",0.125,"day",-0.237,0.848507902,0.020057964,0.772065385,-0.104,0.930449658,0.680798832,0.986273436,NA,NA,NA,NA
"3170","tg_rliver_single_propylthiouracil_t1_c2","propylthiouracil",2,30,"mg/kg",1,"single",0.125,"day",-0.419,0.747942879,0.002163229,0.509259569,-0.333,0.793883931,0.188919889,0.870356145,NA,NA,NA,NA
"3171","tg_rliver_single_propylthiouracil_t1_c3","propylthiouracil",3,100,"mg/kg",1,"single",0.125,"day",-0.337,0.791685866,0.00350975,0.33496478,-0.085,0.942784536,0.743792354,0.958803126,NA,NA,NA,NA
"3172","tg_rliver_single_propylthiouracil_t2_c1","propylthiouracil",1,10,"mg/kg",2,"single",0.25,"day",-0.077,0.948026965,0.384689547,0.970513783,0.298,1.229438867,0.011440405,0.956481006,NA,NA,NA,NA
"3173","tg_rliver_single_propylthiouracil_t2_c2","propylthiouracil",2,30,"mg/kg",2,"single",0.25,"day",-0.021,0.985549337,0.820183421,0.984895808,-0.178,0.883927531,0.190400062,0.888787662,NA,NA,NA,NA
"3174","tg_rliver_single_propylthiouracil_t2_c3","propylthiouracil",3,100,"mg/kg",2,"single",0.25,"day",0.072,1.051172909,0.360827818,0.907915215,-0.204,0.868140228,0.020967592,0.632517331,NA,NA,NA,NA
"3175","tg_rliver_single_propylthiouracil_t3_c1","propylthiouracil",1,10,"mg/kg",3,"single",0.375,"day",0.009,1.006257823,0.91156363,0.989036493,-0.161,0.894404902,0.198602418,0.936106101,NA,NA,NA,NA
"3176","tg_rliver_single_propylthiouracil_t3_c2","propylthiouracil",2,30,"mg/kg",3,"single",0.375,"day",-0.11,0.926588062,0.331521161,0.762379801,-0.237,0.848507902,0.148535899,0.614701281,NA,NA,NA,NA
"3177","tg_rliver_single_propylthiouracil_t3_c3","propylthiouracil",3,100,"mg/kg",3,"single",0.375,"day",-0.02,0.986232704,0.785354853,0.932282716,-0.095,0.936272247,0.49817715,0.792434298,NA,NA,NA,NA
"3178","tg_rliver_single_propylthiouracil_t4_c1","propylthiouracil",1,10,"mg/kg",4,"single",1,"day",-0.22,0.858565436,0.046706542,0.999369784,-0.664,0.631126016,0.002060152,0.897067412,NA,NA,NA,NA
"3179","tg_rliver_single_propylthiouracil_t4_c2","propylthiouracil",2,30,"mg/kg",4,"single",1,"day",-0.012,0.991716731,0.899279396,0.988851194,-0.454,0.730016005,0.017435733,0.737541351,NA,NA,NA,NA
"3180","tg_rliver_single_propylthiouracil_t4_c3","propylthiouracil",3,100,"mg/kg",4,"single",1,"day",0.066,1.046810282,0.530702201,0.801363556,-0.645,0.639492791,0.017094247,0.183073023,NA,NA,NA,NA
"3181","tg_rliver_single_puromycinaminonucleoside_t1_c1","puromycin aminonucleoside",1,12,"mg/kg",1,"single",0.125,"day",0.12,1.086734863,0.442380167,0.891488057,0.209,1.155886707,0.064381899,0.748194763,NA,NA,NA,NA
"3182","tg_rliver_single_puromycinaminonucleoside_t1_c2","puromycin aminonucleoside",2,40,"mg/kg",1,"single",0.125,"day",0.093,1.066585781,0.437142125,0.694384219,-0.004,0.997231251,0.982458444,0.992429749,NA,NA,NA,NA
"3183","tg_rliver_single_puromycinaminonucleoside_t1_c3","puromycin aminonucleoside",3,120,"mg/kg",1,"single",0.125,"day",0.035,1.024556823,0.802045538,0.909734223,-0.272,0.828170661,0.032004099,0.121213676,NA,NA,NA,NA
"3184","tg_rliver_single_puromycinaminonucleoside_t2_c1","puromycin aminonucleoside",1,12,"mg/kg",2,"single",0.25,"day",-0.047,0.967947027,0.815714392,0.999961411,-0.202,0.86934456,0.199432407,0.999961411,NA,NA,NA,NA
"3185","tg_rliver_single_puromycinaminonucleoside_t2_c2","puromycin aminonucleoside",2,40,"mg/kg",2,"single",0.25,"day",-0.302,0.811127156,0.016544302,0.362465877,-0.47,0.721964598,0.014945055,0.352024201,NA,NA,NA,NA
"3186","tg_rliver_single_puromycinaminonucleoside_t2_c3","puromycin aminonucleoside",3,120,"mg/kg",2,"single",0.25,"day",0.019,1.0132569,0.899221221,0.95998686,-0.324,0.798851916,0.067020154,0.251172358,NA,NA,NA,NA
"3187","tg_rliver_single_puromycinaminonucleoside_t3_c1","puromycin aminonucleoside",1,12,"mg/kg",3,"single",0.375,"day",0.093,1.066585781,0.313704281,0.899023942,-0.276,0.825877665,0.104846068,0.880982738,NA,NA,NA,NA
"3188","tg_rliver_single_puromycinaminonucleoside_t3_c2","puromycin aminonucleoside",2,40,"mg/kg",3,"single",0.375,"day",-0.035,0.976031761,0.754991455,0.920095063,-0.118,0.921464186,0.329734923,0.688937835,NA,NA,NA,NA
"3189","tg_rliver_single_puromycinaminonucleoside_t3_c3","puromycin aminonucleoside",3,120,"mg/kg",3,"single",0.375,"day",-0.034,0.976708529,0.721593427,0.879628343,-0.206,0.866937564,0.220682812,0.496287007,NA,NA,NA,NA
"3190","tg_rliver_single_puromycinaminonucleoside_t4_c1","puromycin aminonucleoside",1,12,"mg/kg",4,"single",1,"day",-0.099,0.933679945,0.384848908,0.96060929,-0.262,0.833931044,0.143313424,0.930092807,NA,NA,NA,NA
"3191","tg_rliver_single_puromycinaminonucleoside_t4_c2","puromycin aminonucleoside",2,40,"mg/kg",4,"single",1,"day",-0.029,0.980099415,0.823198476,0.962451729,-0.228,0.853817714,0.277580864,0.734012842,NA,NA,NA,NA
"3192","tg_rliver_single_puromycinaminonucleoside_t4_c3","puromycin aminonucleoside",3,120,"mg/kg",4,"single",1,"day",-0.257,0.836826243,0.046038413,0.22861698,-0.416,0.749499801,0.022164774,0.15562104,NA,NA,NA,NA
"3193","tg_rliver_single_quinidine_t1_c1","quinidine",1,20,"mg/kg",1,"single",0.125,"day",0.04,1.028113827,0.757429448,0.963255933,0.202,1.150291893,0.035094231,0.77583843,NA,NA,NA,NA
"3194","tg_rliver_single_quinidine_t1_c2","quinidine",2,60,"mg/kg",1,"single",0.125,"day",0.033,1.02313747,0.792391554,0.998180856,0.182,1.134455485,0.308034825,0.998180856,NA,NA,NA,NA
"3195","tg_rliver_single_quinidine_t1_c3","quinidine",3,200,"mg/kg",1,"single",0.125,"day",0.079,1.056285625,0.544220761,0.901613373,0.254,1.192508872,0.059161006,0.680351017,NA,NA,NA,NA
"3196","tg_rliver_single_quinidine_t2_c1","quinidine",1,20,"mg/kg",2,"single",0.25,"day",0.096,1.068805991,0.321467337,0.884243386,-0.021,0.985549337,0.946328959,0.995256217,NA,NA,NA,NA
"3197","tg_rliver_single_quinidine_t2_c2","quinidine",2,60,"mg/kg",2,"single",0.25,"day",-0.156,0.897510051,0.11145688,0.59518377,0.001,1.000693387,0.995337905,0.999259783,NA,NA,NA,NA
"3198","tg_rliver_single_quinidine_t2_c3","quinidine",3,200,"mg/kg",2,"single",0.25,"day",0.018,1.012554807,0.890514162,0.999381066,-0.29,0.817902059,0.13271629,0.860144975,NA,NA,NA,NA
"3199","tg_rliver_single_quinidine_t3_c1","quinidine",1,20,"mg/kg",3,"single",0.375,"day",-0.128,0.915099168,0.316856449,0.880725665,-0.041,0.971980988,0.77351189,0.96342841,NA,NA,NA,NA
"3200","tg_rliver_single_quinidine_t3_c2","quinidine",2,60,"mg/kg",3,"single",0.375,"day",-0.184,0.880259014,0.137960669,0.778580303,0.086,1.061423209,0.601730793,0.952886236,NA,NA,NA,NA
"3201","tg_rliver_single_quinidine_t3_c3","quinidine",3,200,"mg/kg",3,"single",0.375,"day",-0.29,0.817902059,0.010232074,0.312661672,-0.087,0.941478465,0.635219353,0.904948187,NA,NA,NA,NA
"3202","tg_rliver_single_quinidine_t4_c1","quinidine",1,20,"mg/kg",4,"single",1,"day",0.448,1.364147835,0.026828949,0.94207746,-0.005,0.996540263,0.973030539,0.997735794,NA,NA,NA,NA
"3203","tg_rliver_single_quinidine_t4_c2","quinidine",2,60,"mg/kg",4,"single",1,"day",0.42,1.337927555,0.010779835,0.731611711,0.213,1.159095952,0.370660009,0.803494167,NA,NA,NA,NA
"3204","tg_rliver_single_quinidine_t4_c3","quinidine",3,200,"mg/kg",4,"single",1,"day",0.594,1.509425969,0.018496207,0.265528456,0.135,1.098092814,0.430199483,0.697591016,NA,NA,NA,NA
"3205","tg_rliver_single_ranitidine_t1_c1","ranitidine",1,100,"mg/kg",1,"single",0.125,"day",-0.244,0.844400887,0.029921129,0.937035202,0.448,1.364147835,0.023823718,0.937035202,NA,NA,NA,NA
"3206","tg_rliver_single_ranitidine_t1_c2","ranitidine",2,300,"mg/kg",1,"single",0.125,"day",-0.026,0.982139595,0.861479328,0.986758094,0.188,1.139183377,0.44254986,0.925203588,NA,NA,NA,NA
"3207","tg_rliver_single_ranitidine_t1_c3","ranitidine",3,1000,"mg/kg",1,"single",0.125,"day",-0.02,0.986232704,0.825320227,0.987255042,0.222,1.16634937,0.179128379,0.859668882,NA,NA,NA,NA
"3208","tg_rliver_single_ranitidine_t2_c1","ranitidine",1,100,"mg/kg",2,"single",0.25,"day",-0.364,0.777007269,0.024837363,0.999855934,-0.233,0.85086373,0.322244081,0.999855934,NA,NA,NA,NA
"3209","tg_rliver_single_ranitidine_t2_c2","ranitidine",2,300,"mg/kg",2,"single",0.25,"day",-0.178,0.883927531,0.239593195,0.875505217,0.121,1.087488391,0.655890794,0.963171677,NA,NA,NA,NA
"3210","tg_rliver_single_ranitidine_t2_c3","ranitidine",3,1000,"mg/kg",2,"single",0.25,"day",-0.006,0.995849753,0.979798341,0.998650965,-0.408,0.753667455,0.045065487,0.768880993,NA,NA,NA,NA
"3211","tg_rliver_single_ranitidine_t3_c1","ranitidine",1,100,"mg/kg",3,"single",0.375,"day",0.248,1.187559666,0.107578116,0.98711922,0.269,1.204972315,0.314804881,0.98711922,NA,NA,NA,NA
"3212","tg_rliver_single_ranitidine_t3_c2","ranitidine",2,300,"mg/kg",3,"single",0.375,"day",-0.135,0.910669834,0.442877328,0.999962495,0.078,1.055553718,0.669569271,0.999962495,NA,NA,NA,NA
"3213","tg_rliver_single_ranitidine_t3_c3","ranitidine",3,1000,"mg/kg",3,"single",0.375,"day",0.05,1.035264924,0.707213747,0.928556452,0.347,1.271913007,0.174854681,0.741791731,NA,NA,NA,NA
"3214","tg_rliver_single_ranitidine_t4_c1","ranitidine",1,100,"mg/kg",4,"single",1,"day",-0.048,0.96727633,0.663029806,0.98216284,0.005,1.003471749,0.967512119,0.997618116,NA,NA,NA,NA
"3215","tg_rliver_single_ranitidine_t4_c2","ranitidine",2,300,"mg/kg",4,"single",1,"day",0.194,1.143930973,0.195407569,0.791772033,-0.305,0.809442217,0.129997405,0.76553474,NA,NA,NA,NA
"3216","tg_rliver_single_ranitidine_t4_c3","ranitidine",3,1000,"mg/kg",4,"single",1,"day",0.233,1.175276328,0.299501105,0.764471222,-0.048,0.96727633,0.77664265,0.949437459,NA,NA,NA,NA
"3217","tg_rliver_single_rifampicin_t1_c1","rifampicin",1,20,"mg/kg",1,"single",0.125,"day",-0.064,0.956608158,0.760647562,0.905674641,-0.096,0.935623498,0.514754668,0.788241665,NA,NA,NA,NA
"3218","tg_rliver_single_rifampicin_t1_c2","rifampicin",2,60,"mg/kg",1,"single",0.125,"day",0.011,1.00765376,0.957178135,0.996540064,-0.123,0.918276162,0.128321965,0.725484158,NA,NA,NA,NA
"3219","tg_rliver_single_rifampicin_t1_c3","rifampicin",3,200,"mg/kg",1,"single",0.125,"day",0.11,1.079228237,0.578618369,0.769172711,0.003,1.002081605,0.969372629,0.986297643,NA,NA,NA,NA
"3220","tg_rliver_single_rifampicin_t2_c1","rifampicin",1,20,"mg/kg",2,"single",0.25,"day",-0.158,0.8962667,0.187454837,0.997915713,-0.136,0.910038824,0.205256079,0.997915713,NA,NA,NA,NA
"3221","tg_rliver_single_rifampicin_t2_c2","rifampicin",2,60,"mg/kg",2,"single",0.25,"day",0.16,1.117287138,0.217245261,0.873550849,0.134,1.097331938,0.569969995,0.938209197,NA,NA,NA,NA
"3222","tg_rliver_single_rifampicin_t2_c3","rifampicin",3,200,"mg/kg",2,"single",0.25,"day",-0.093,0.937571096,0.500674992,0.842566647,-0.358,0.78024548,0.047470171,0.432243441,NA,NA,NA,NA
"3223","tg_rliver_single_rifampicin_t3_c1","rifampicin",1,20,"mg/kg",3,"single",0.375,"day",0.006,1.004167543,0.956541792,0.998236468,-0.212,0.863339559,0.106239079,0.894821539,NA,NA,NA,NA
"3224","tg_rliver_single_rifampicin_t3_c2","rifampicin",2,60,"mg/kg",3,"single",0.375,"day",-0.009,0.993781093,0.951402118,0.998255809,-0.099,0.933679945,0.383985961,0.976580102,NA,NA,NA,NA
"3225","tg_rliver_single_rifampicin_t3_c3","rifampicin",3,200,"mg/kg",3,"single",0.375,"day",0.046,1.032398535,0.669710322,0.979724536,-0.05,0.965936329,0.775917209,0.985403396,NA,NA,NA,NA
"3226","tg_rliver_single_rifampicin_t4_c1","rifampicin",1,20,"mg/kg",4,"single",1,"day",-0.138,0.908778116,0.321171519,0.8672203,-0.13,0.91383145,0.266497549,0.853694449,NA,NA,NA,NA
"3227","tg_rliver_single_rifampicin_t4_c2","rifampicin",2,60,"mg/kg",4,"single",1,"day",-0.416,0.749499801,0.022557907,0.651144858,-0.332,0.7944344,0.033799468,0.659932903,NA,NA,NA,NA
"3228","tg_rliver_single_rifampicin_t4_c3","rifampicin",3,200,"mg/kg",4,"single",1,"day",-0.528,0.693515485,0.002692063,0.233534448,0.045,1.031683179,0.76015305,0.934991873,NA,NA,NA,NA
"3229","tg_rliver_single_rosiglitazonemaleate_t1_c1","rosiglitazone maleate",1,20,"mg/kg",1,"single",0.125,"day",-0.298,0.813379198,0.024373191,0.751702287,0.086,1.061423209,0.434923811,0.866813001,NA,NA,NA,NA
"3230","tg_rliver_single_rosiglitazonemaleate_t1_c2","rosiglitazone maleate",2,100,"mg/kg",1,"single",0.125,"day",-0.394,0.76101669,0.062265862,0.524237174,-0.224,0.856188285,0.077613126,0.545223824,NA,NA,NA,NA
"3231","tg_rliver_single_rosiglitazonemaleate_t1_c3","rosiglitazone maleate",3,500,"mg/kg",1,"single",0.125,"day",-0.458,0.727994774,0.016988433,0.313660492,-0.364,0.777007269,0.010238996,0.27851692,NA,NA,NA,NA
"3232","tg_rliver_single_rosiglitazonemaleate_t2_c1","rosiglitazone maleate",1,20,"mg/kg",2,"single",0.25,"day",-0.067,0.954621014,0.595336478,0.930134048,-0.025,0.982820599,0.839694424,0.980756881,NA,NA,NA,NA
"3233","tg_rliver_single_rosiglitazonemaleate_t2_c2","rosiglitazone maleate",2,100,"mg/kg",2,"single",0.25,"day",-0.211,0.863938187,0.084914706,0.726535049,0.051,1.035982764,0.844602396,0.980071227,NA,NA,NA,NA
"3234","tg_rliver_single_rosiglitazonemaleate_t2_c3","rosiglitazone maleate",3,500,"mg/kg",2,"single",0.25,"day",-0.181,0.882091365,0.135604932,0.702982129,-0.268,0.830470024,0.041256347,0.560161979,NA,NA,NA,NA
"3235","tg_rliver_single_rosiglitazonemaleate_t3_c1","rosiglitazone maleate",1,20,"mg/kg",3,"single",0.375,"day",-0.13,0.91383145,0.186385506,0.99945988,-0.115,0.923382311,0.582152766,0.99945988,NA,NA,NA,NA
"3236","tg_rliver_single_rosiglitazonemaleate_t3_c2","rosiglitazone maleate",2,100,"mg/kg",3,"single",0.375,"day",-0.367,0.775393206,0.004247894,0.229261151,-0.161,0.894404902,0.344601676,0.825598308,NA,NA,NA,NA
"3237","tg_rliver_single_rosiglitazonemaleate_t3_c3","rosiglitazone maleate",3,500,"mg/kg",3,"single",0.375,"day",-0.233,0.85086373,0.045268335,0.412602475,-0.484,0.714992493,0.002015733,0.149400154,NA,NA,NA,NA
"3238","tg_rliver_single_rosiglitazonemaleate_t4_c1","rosiglitazone maleate",1,20,"mg/kg",4,"single",1,"day",0.334,1.260503392,0.054279018,0.887359883,-0.22,0.858565436,0.195136175,0.910732558,NA,NA,NA,NA
"3239","tg_rliver_single_rosiglitazonemaleate_t4_c2","rosiglitazone maleate",2,100,"mg/kg",4,"single",1,"day",0.293,1.225185332,0.213116284,0.739335484,0.13,1.094293701,0.499495776,0.880006846,NA,NA,NA,NA
"3240","tg_rliver_single_rosiglitazonemaleate_t4_c3","rosiglitazone maleate",3,500,"mg/kg",4,"single",1,"day",-0.454,0.730016005,0.004840841,0.079449091,-0.461,0.726482525,0.014354037,0.137937345,NA,NA,NA,NA
"3241","tg_rliver_single_rotenone_t1_c1","rotenone",1,5,"mg/kg",1,"single",0.125,"day",0.385,1.305859787,0.088236386,0.741547531,0.251,1.190031696,0.029706439,0.694219383,NA,NA,NA,NA
"3242","tg_rliver_single_rotenone_t1_c2","rotenone",2,15,"mg/kg",1,"single",0.125,"day",0.053,1.037419937,0.667629436,0.972206477,0.038,1.026689546,0.670207911,0.972206477,NA,NA,NA,NA
"3243","tg_rliver_single_rotenone_t1_c3","rotenone",3,50,"mg/kg",1,"single",0.125,"day",0.622,1.53900722,0.001051279,0.133168344,0.35,1.274560627,0.028770732,0.338564427,NA,NA,NA,NA
"3244","tg_rliver_single_rotenone_t2_c1","rotenone",1,5,"mg/kg",2,"single",0.25,"day",0.376,1.297738767,0.008863294,0.996537673,-0.056,0.961927455,0.710749755,0.996537673,NA,NA,NA,NA
"3245","tg_rliver_single_rotenone_t2_c2","rotenone",2,15,"mg/kg",2,"single",0.25,"day",0.513,1.427014506,0.00214509,0.777143985,0.07,1.049716684,0.331583405,0.894006164,NA,NA,NA,NA
"3246","tg_rliver_single_rotenone_t2_c3","rotenone",3,50,"mg/kg",2,"single",0.25,"day",0.883,1.844206236,0.005271041,0.203266607,0.137,1.099616149,0.215552932,0.647236084,NA,NA,NA,NA
"3247","tg_rliver_single_rotenone_t3_c1","rotenone",1,5,"mg/kg",3,"single",0.375,"day",0.055,1.038859103,0.568494922,0.98599734,0.114,1.082224645,0.611535283,0.988958798,NA,NA,NA,NA
"3248","tg_rliver_single_rotenone_t3_c2","rotenone",2,15,"mg/kg",3,"single",0.375,"day",0.316,1.244874235,0.018377209,0.55241683,0.019,1.0132569,0.933759944,0.988082774,NA,NA,NA,NA
"3249","tg_rliver_single_rotenone_t3_c3","rotenone",3,50,"mg/kg",3,"single",0.375,"day",0.222,1.16634937,0.203955509,0.696083205,-0.482,0.715984371,0.055094899,0.529795055,NA,NA,NA,NA
"3250","tg_rliver_single_rotenone_t4_c1","rotenone",1,5,"mg/kg",4,"single",1,"day",-0.055,0.962594443,0.806648539,0.995211388,-0.071,0.951977908,0.78792959,0.995208622,NA,NA,NA,NA
"3251","tg_rliver_single_rotenone_t4_c2","rotenone",2,15,"mg/kg",4,"single",1,"day",-0.082,0.944747041,0.722293367,0.949654253,-0.196,0.872967591,0.481520083,0.87952451,NA,NA,NA,NA
"3252","tg_rliver_single_rotenone_t4_c3","rotenone",3,50,"mg/kg",4,"single",1,"day",-0.312,0.805524291,0.181390172,0.49501481,-0.35,0.784584098,0.315520116,0.624142148,NA,NA,NA,NA
"3253","tg_rliver_single_simvastatin_t1_c1","simvastatin",1,40,"mg/kg",1,"single",0.125,"day",-0.004,0.997231251,0.96008743,0.999683272,0.03,1.021012126,0.866940386,0.999683272,NA,NA,NA,NA
"3254","tg_rliver_single_simvastatin_t1_c2","simvastatin",2,120,"mg/kg",1,"single",0.125,"day",-0.257,0.836826243,0.114421674,0.808349693,0.395,1.31494276,0.053456343,0.789822974,NA,NA,NA,NA
"3255","tg_rliver_single_simvastatin_t1_c3","simvastatin",3,400,"mg/kg",1,"single",0.125,"day",-0.251,0.840313752,0.072436258,0.99616208,-0.068,0.953959551,0.810689212,0.999718827,NA,NA,NA,NA
"3256","tg_rliver_single_simvastatin_t2_c1","simvastatin",1,40,"mg/kg",2,"single",0.25,"day",-0.312,0.805524291,0.041534692,0.663690513,-0.618,0.651573575,0.008026083,0.629825126,NA,NA,NA,NA
"3257","tg_rliver_single_simvastatin_t2_c2","simvastatin",2,120,"mg/kg",2,"single",0.25,"day",-0.291,0.817335328,0.090499775,0.558890866,-0.197,0.872362706,0.272462572,0.690775338,"no","yes","no","no"
"3258","tg_rliver_single_simvastatin_t2_c3","simvastatin",3,400,"mg/kg",2,"single",0.25,"day",-0.441,0.736623843,0.011573334,0.244440516,-0.19,0.876605721,0.244906233,0.593829116,NA,NA,NA,NA
"3259","tg_rliver_single_simvastatin_t3_c1","simvastatin",1,40,"mg/kg",3,"single",0.375,"day",-0.233,0.85086373,0.043998052,0.996548899,-0.555,0.680657058,0.042670975,0.996548899,NA,NA,NA,NA
"3260","tg_rliver_single_simvastatin_t3_c2","simvastatin",2,120,"mg/kg",3,"single",0.375,"day",-0.449,0.732550437,0.003364752,0.808714272,-0.377,0.770037174,0.147320004,0.911548518,NA,NA,NA,NA
"3261","tg_rliver_single_simvastatin_t3_c3","simvastatin",3,400,"mg/kg",3,"single",0.375,"day",-0.572,0.672683604,0.000319588,0.067478646,-0.402,0.756808396,0.190250387,0.648877575,NA,NA,NA,NA
"3262","tg_rliver_single_simvastatin_t4_c1","simvastatin",1,40,"mg/kg",4,"single",1,"day",0.009,1.006257823,0.94862534,0.995794003,0.268,1.204137381,0.134831077,0.910714345,NA,NA,NA,NA
"3263","tg_rliver_single_simvastatin_t4_c2","simvastatin",2,120,"mg/kg",4,"single",1,"day",-0.277,0.825305409,0.100201175,0.681653947,-0.229,0.853226098,0.271399789,0.788837018,NA,NA,NA,NA
"3264","tg_rliver_single_simvastatin_t4_c3","simvastatin",3,400,"mg/kg",4,"single",1,"day",-0.096,0.935623498,0.531460058,0.8203572,-0.252,0.839731493,0.158639219,0.520493881,"no","yes","no","no"
"3265","tg_rliver_single_sulfasalazine_t1_c1","sulfasalazine",1,100,"mg/kg",1,"single",0.125,"day",0.2,1.148698355,0.050440301,0.967206448,0.225,1.168777249,0.406458132,0.967206448,NA,NA,NA,NA
"3266","tg_rliver_single_sulfasalazine_t1_c2","sulfasalazine",2,300,"mg/kg",1,"single",0.125,"day",0.026,1.0181852,0.763330667,0.999596759,-0.275,0.826450318,0.159841164,0.999596759,NA,NA,NA,NA
"3267","tg_rliver_single_sulfasalazine_t1_c3","sulfasalazine",3,1000,"mg/kg",1,"single",0.125,"day",0.082,1.058484395,0.318232129,0.751312519,-0.14,0.907519155,0.562741835,0.867094988,NA,NA,NA,NA
"3268","tg_rliver_single_sulfasalazine_t2_c1","sulfasalazine",1,100,"mg/kg",2,"single",0.25,"day",0.041,1.028826708,0.7290481,0.990050346,0.079,1.056285625,0.698234451,0.987406875,NA,NA,NA,NA
"3269","tg_rliver_single_sulfasalazine_t2_c2","sulfasalazine",2,300,"mg/kg",2,"single",0.25,"day",-0.011,0.992404375,0.934968806,0.991918329,-0.206,0.866937564,0.217740377,0.882565344,NA,NA,NA,NA
"3270","tg_rliver_single_sulfasalazine_t2_c3","sulfasalazine",3,1000,"mg/kg",2,"single",0.25,"day",-0.113,0.924663278,0.208639331,0.683559944,-0.041,0.971980988,0.776209654,0.954046216,NA,NA,NA,NA
"3271","tg_rliver_single_sulfasalazine_t3_c1","sulfasalazine",1,100,"mg/kg",3,"single",0.375,"day",-0.277,0.825305409,0.038800279,0.950647183,-0.325,0.798298386,0.121652039,0.950647183,NA,NA,NA,NA
"3272","tg_rliver_single_sulfasalazine_t3_c2","sulfasalazine",2,300,"mg/kg",3,"single",0.375,"day",-0.235,0.849684999,0.090376808,0.709797882,0.038,1.026689546,0.860667624,0.986309949,NA,NA,NA,NA
"3273","tg_rliver_single_sulfasalazine_t3_c3","sulfasalazine",3,1000,"mg/kg",3,"single",0.375,"day",-0.227,0.854409741,0.105705351,0.493550894,-0.126,0.916368645,0.67985469,0.911535354,NA,NA,NA,NA
"3274","tg_rliver_single_sulfasalazine_t4_c1","sulfasalazine",1,100,"mg/kg",4,"single",1,"day",-0.211,0.863938187,0.217409953,0.933220474,-0.714,0.609627547,0.157940643,0.93111512,NA,NA,NA,NA
"3275","tg_rliver_single_sulfasalazine_t4_c2","sulfasalazine",2,300,"mg/kg",4,"single",1,"day",-0.301,0.811689581,0.062126142,0.758241795,-0.777,0.583579051,0.133545431,0.798738291,"no","yes","no","no"
"3276","tg_rliver_single_sulfasalazine_t4_c3","sulfasalazine",3,1000,"mg/kg",4,"single",1,"day",-0.457,0.728499557,0.006360315,0.129948141,-0.276,0.825877665,0.665439352,0.8891156,NA,NA,NA,NA
"3277","tg_rliver_single_sulindac_t1_c1","sulindac",1,15,"mg/kg",1,"single",0.125,"day",-0.145,0.904379378,0.307842723,0.999821946,0.061,1.043188594,0.750449768,0.999821946,NA,NA,NA,NA
"3278","tg_rliver_single_sulindac_t1_c2","sulindac",2,50,"mg/kg",1,"single",0.125,"day",0.012,1.008352455,0.923707187,0.989681837,-0.11,0.926588062,0.522818987,0.91149736,NA,NA,NA,NA
"3279","tg_rliver_single_sulindac_t1_c3","sulindac",3,150,"mg/kg",1,"single",0.125,"day",0.317,1.245737416,0.129912466,0.8754189,0.165,1.121166078,0.403942111,0.958602567,NA,NA,NA,NA
"3280","tg_rliver_single_sulindac_t2_c1","sulindac",1,15,"mg/kg",2,"single",0.25,"day",0.001,1.000693387,0.996028244,0.999749343,0.315,1.244011653,0.169716623,0.999749343,NA,NA,NA,NA
"3281","tg_rliver_single_sulindac_t2_c2","sulindac",2,50,"mg/kg",2,"single",0.25,"day",0.016,1.011152081,0.900008434,0.986348578,0.05,1.035264924,0.769089114,0.969398548,NA,NA,NA,NA
"3282","tg_rliver_single_sulindac_t2_c3","sulindac",3,150,"mg/kg",2,"single",0.25,"day",0.314,1.243149669,0.12415631,0.382661674,-0.004,0.997231251,0.983808006,0.993865058,NA,NA,NA,NA
"3283","tg_rliver_single_sulindac_t3_c1","sulindac",1,15,"mg/kg",3,"single",0.375,"day",0.203,1.151089491,0.210249351,0.99989262,0.153,1.111879158,0.130707801,0.99989262,NA,NA,NA,NA
"3284","tg_rliver_single_sulindac_t3_c2","sulindac",2,50,"mg/kg",3,"single",0.375,"day",0.311,1.240567298,0.073159607,0.998929218,0.143,1.104198847,0.31950582,0.998929218,NA,NA,NA,NA
"3285","tg_rliver_single_sulindac_t3_c3","sulindac",3,150,"mg/kg",3,"single",0.375,"day",0.457,1.372684431,0.013302532,0.39146499,-0.053,0.963929808,0.762621803,0.950864822,NA,NA,NA,NA
"3286","tg_rliver_single_sulindac_t4_c1","sulindac",1,15,"mg/kg",4,"single",1,"day",-0.155,0.898132373,0.55679024,0.999372307,0.023,1.016070143,0.930812568,0.999372307,NA,NA,NA,NA
"3287","tg_rliver_single_sulindac_t4_c2","sulindac",2,50,"mg/kg",4,"single",1,"day",-0.266,0.831622098,0.211240392,0.769198317,0.07,1.049716684,0.436562705,0.873501541,NA,NA,NA,NA
"3288","tg_rliver_single_sulindac_t4_c3","sulindac",3,150,"mg/kg",4,"single",1,"day",-0.142,0.906261938,0.547026774,0.723450178,-0.341,0.789493887,0.019328881,0.066616035,NA,NA,NA,NA
"3289","tg_rliver_single_sulpiride_t1_c1","sulpiride",1,300,"mg/kg",1,"single",0.125,"day",-0.006,0.995849753,0.960041793,0.999721199,0.385,1.305859787,0.023282981,0.999721199,NA,NA,NA,NA
"3290","tg_rliver_single_sulpiride_t1_c2","sulpiride",2,1000,"mg/kg",1,"single",0.125,"day",-0.114,0.924022572,0.464177329,0.983044918,0.171,1.125838586,0.160456547,0.973594867,NA,NA,NA,NA
"3291","tg_rliver_single_sulpiride_t1_c3","sulpiride",3,2000,"mg/kg",1,"single",0.125,"day",0.13,1.094293701,0.662915875,0.992293868,0.379,1.300440147,0.123669089,0.992293868,NA,NA,NA,NA
"3292","tg_rliver_single_sulpiride_t2_c1","sulpiride",1,300,"mg/kg",2,"single",0.25,"day",0.1,1.071773463,0.407588441,0.990083448,0.042,1.029540083,0.858779859,0.997596514,NA,NA,NA,NA
"3293","tg_rliver_single_sulpiride_t2_c2","sulpiride",2,1000,"mg/kg",2,"single",0.25,"day",-0.055,0.962594443,0.659959444,0.849264708,-0.219,0.859160755,0.43638851,0.705213512,NA,NA,NA,NA
"3294","tg_rliver_single_sulpiride_t2_c3","sulpiride",3,2000,"mg/kg",2,"single",0.25,"day",0.065,1.04608494,0.642023714,0.961310814,-0.112,0.925304428,0.561688704,0.954227066,NA,NA,NA,NA
"3295","tg_rliver_single_sulpiride_t3_c1","sulpiride",1,300,"mg/kg",3,"single",0.375,"day",0.111,1.07997656,0.489398269,0.98981859,-0.358,0.78024548,0.144440481,0.987243305,NA,NA,NA,NA
"3296","tg_rliver_single_sulpiride_t3_c2","sulpiride",2,1000,"mg/kg",3,"single",0.375,"day",0.049,1.034547582,0.768829701,0.978970396,-0.18,0.882702996,0.298583611,0.86766184,NA,NA,NA,NA
"3297","tg_rliver_single_sulpiride_t3_c3","sulpiride",3,2000,"mg/kg",3,"single",0.375,"day",0.048,1.033830736,0.622529722,0.915013622,-0.089,0.940174203,0.610732296,0.912539538,NA,NA,NA,NA
"3298","tg_rliver_single_sulpiride_t4_c1","sulpiride",1,300,"mg/kg",4,"single",1,"day",0.147,1.107264584,0.290803531,0.88479918,-0.267,0.831045862,0.082787423,0.799700311,NA,NA,NA,NA
"3299","tg_rliver_single_sulpiride_t4_c2","sulpiride",2,1000,"mg/kg",4,"single",1,"day",-0.084,0.943438251,0.485118166,0.834729133,-0.031,0.97874165,0.839177241,0.960822268,NA,NA,NA,NA
"3300","tg_rliver_single_sulpiride_t4_c3","sulpiride",3,2000,"mg/kg",4,"single",1,"day",-0.012,0.991716731,0.954216454,0.993428875,-0.108,0.927873476,0.607724508,0.954211607,NA,NA,NA,NA
"3301","tg_rliver_single_tacrine_t1_c1","tacrine",1,3,"mg/kg",1,"single",0.125,"day",-0.144,0.905006463,0.316867752,0.999963843,0.02,1.01395948,0.864895346,0.999963843,NA,NA,NA,NA
"3302","tg_rliver_single_tacrine_t1_c2","tacrine",2,10,"mg/kg",1,"single",0.125,"day",-0.068,0.953959551,0.671710809,0.999988819,-0.087,0.941478465,0.569445862,0.999988819,NA,NA,NA,NA
"3303","tg_rliver_single_tacrine_t1_c3","tacrine",3,30,"mg/kg",1,"single",0.125,"day",-0.011,0.992404375,0.937179271,0.997714906,-0.156,0.897510051,0.202169076,0.910429242,NA,NA,NA,NA
"3304","tg_rliver_single_tacrine_t2_c1","tacrine",1,3,"mg/kg",2,"single",0.25,"day",-0.016,0.988970916,0.859596901,0.991689288,-0.051,0.965267025,0.596994854,0.953170745,NA,NA,NA,NA
"3305","tg_rliver_single_tacrine_t2_c2","tacrine",2,10,"mg/kg",2,"single",0.25,"day",0.07,1.049716684,0.279663549,0.830927617,-0.075,0.949342121,0.211711108,0.795320447,NA,NA,NA,NA
"3306","tg_rliver_single_tacrine_t2_c3","tacrine",3,30,"mg/kg",2,"single",0.25,"day",0.19,1.140763716,0.030635776,0.26334294,0.012,1.008352455,0.885369644,0.958185923,NA,NA,NA,NA
"3307","tg_rliver_single_tacrine_t3_c1","tacrine",1,3,"mg/kg",3,"single",0.375,"day",0.023,1.016070143,0.794316657,0.99944146,0.068,1.048262476,0.667769283,0.99944146,NA,NA,NA,NA
"3308","tg_rliver_single_tacrine_t3_c2","tacrine",2,10,"mg/kg",3,"single",0.375,"day",-0.003,0.997922719,0.971676824,0.992329586,0.021,1.014662547,0.880409295,0.9766699,NA,NA,NA,NA
"3309","tg_rliver_single_tacrine_t3_c3","tacrine",3,30,"mg/kg",3,"single",0.375,"day",-0.061,0.958599438,0.543733483,0.863897645,-0.142,0.906261938,0.248315864,0.697034082,NA,NA,NA,NA
"3310","tg_rliver_single_tacrine_t4_c1","tacrine",1,3,"mg/kg",4,"single",1,"day",0.057,1.040300267,0.675986229,0.999094196,-0.356,0.78132788,0.032049863,0.999094196,NA,NA,NA,NA
"3311","tg_rliver_single_tacrine_t4_c2","tacrine",2,10,"mg/kg",4,"single",1,"day",-0.184,0.880259014,0.046097591,0.711641097,-0.212,0.863339559,0.061748089,0.7347548,NA,NA,NA,NA
"3312","tg_rliver_single_tacrine_t4_c3","tacrine",3,30,"mg/kg",4,"single",1,"day",-0.31,0.806641759,0.007160568,0.123248865,-0.314,0.804408371,0.039012634,0.249702363,NA,NA,NA,NA
"3313","tg_rliver_single_tamoxifen_t1_c1","tamoxifen",1,6,"mg/kg",1,"single",0.125,"day",-0.015,0.989656656,0.89840151,0.977932464,0.383,1.304050735,0.004046503,0.703673494,NA,NA,NA,NA
"3314","tg_rliver_single_tamoxifen_t1_c2","tamoxifen",2,20,"mg/kg",1,"single",0.125,"day",0.177,1.130530567,0.100581973,0.901951009,0.256,1.194163187,0.061653614,0.901951009,NA,NA,NA,NA
"3315","tg_rliver_single_tamoxifen_t1_c3","tamoxifen",3,60,"mg/kg",1,"single",0.125,"day",-0.023,0.984184022,0.782631738,0.963252475,-0.004,0.997231251,0.95520358,0.995035248,NA,NA,NA,NA
"3316","tg_rliver_single_tamoxifen_t2_c1","tamoxifen",1,6,"mg/kg",2,"single",0.25,"day",-0.24,0.846745312,0.047599182,0.4048301,0.181,1.133669413,0.3266967,0.605560547,NA,NA,NA,NA
"3317","tg_rliver_single_tamoxifen_t2_c2","tamoxifen",2,20,"mg/kg",2,"single",0.25,"day",-0.023,0.984184022,0.897058756,0.953586871,0.683,1.605474777,0.06927133,0.576090608,NA,NA,NA,NA
"3318","tg_rliver_single_tamoxifen_t2_c3","tamoxifen",3,60,"mg/kg",2,"single",0.25,"day",-0.022,0.984866443,0.793780506,0.9203491,0.372,1.294145654,0.022351257,0.377693852,"no","yes","no","no"
"3319","tg_rliver_single_tamoxifen_t3_c1","tamoxifen",1,6,"mg/kg",3,"single",0.375,"day",-0.074,0.950000383,0.331797176,0.669261994,0.254,1.192508872,0.029081969,0.33481956,NA,NA,NA,NA
"3320","tg_rliver_single_tamoxifen_t3_c2","tamoxifen",2,20,"mg/kg",3,"single",0.375,"day",-0.034,0.976708529,0.660989793,0.812454698,0.101,1.072516617,0.404571588,0.632622658,NA,NA,NA,NA
"3321","tg_rliver_single_tamoxifen_t3_c3","tamoxifen",3,60,"mg/kg",3,"single",0.375,"day",0.061,1.043188594,0.546039508,0.944357543,-0.242,0.845572287,0.044840159,0.701785952,NA,NA,NA,NA
"3322","tg_rliver_single_tamoxifen_t4_c1","tamoxifen",1,6,"mg/kg",4,"single",1,"day",-0.352,0.783497187,0.002944631,0.304307506,-0.091,0.938871747,0.41331293,0.862482099,NA,NA,NA,NA
"3323","tg_rliver_single_tamoxifen_t4_c2","tamoxifen",2,20,"mg/kg",4,"single",1,"day",-0.301,0.811689581,0.011271861,0.379312789,0.173,1.127400412,0.082775,0.654961296,NA,NA,NA,NA
"3324","tg_rliver_single_tamoxifen_t4_c3","tamoxifen",3,60,"mg/kg",4,"single",1,"day",-0.242,0.845572287,0.031514502,0.570469987,-0.179,0.883315051,0.110688795,0.756568406,NA,NA,NA,NA
"3325","tg_rliver_single_tannicacid_t1_c1","tannic acid",1,100,"mg/kg",1,"single",0.125,"day",-0.105,0.929804943,0.644967835,0.999602013,-0.276,0.825877665,0.08563287,0.999602013,NA,NA,NA,NA
"3326","tg_rliver_single_tannicacid_t1_c2","tannic acid",2,300,"mg/kg",1,"single",0.125,"day",-0.228,0.853817714,0.388661948,0.99059635,-0.385,0.765778999,0.005033268,0.863814502,NA,NA,NA,NA
"3327","tg_rliver_single_tannicacid_t1_c3","tannic acid",3,1000,"mg/kg",1,"single",0.125,"day",-0.124,0.917639882,0.647722851,0.999298043,-0.041,0.971980988,0.776395852,0.999298043,NA,NA,NA,NA
"3328","tg_rliver_single_tannicacid_t2_c1","tannic acid",1,100,"mg/kg",2,"single",0.25,"day",0.183,1.135242102,0.269389612,0.999256697,0.264,1.200803427,0.134893222,0.999256697,"no","yes","no","no"
"3329","tg_rliver_single_tannicacid_t2_c2","tannic acid",2,300,"mg/kg",2,"single",0.25,"day",0.052,1.036701101,0.633054611,0.958385805,-0.068,0.953959551,0.709255602,0.96613106,NA,NA,NA,NA
"3330","tg_rliver_single_tannicacid_t2_c3","tannic acid",3,1000,"mg/kg",2,"single",0.25,"day",-0.134,0.911301281,0.516121649,0.862104156,-0.303,0.81056512,0.491466501,0.85436208,"no","yes","no","no"
"3331","tg_rliver_single_tannicacid_t3_c1","tannic acid",1,100,"mg/kg",3,"single",0.375,"day",-0.217,0.860352631,0.078760352,0.982538384,-0.369,0.774319028,0.118319717,0.982538384,NA,NA,NA,NA
"3332","tg_rliver_single_tannicacid_t3_c2","tannic acid",2,300,"mg/kg",3,"single",0.375,"day",-0.16,0.895025071,0.164747478,0.777689309,-0.512,0.701249625,0.152085142,0.777689309,NA,NA,NA,NA
"3333","tg_rliver_single_tannicacid_t3_c3","tannic acid",3,1000,"mg/kg",3,"single",0.375,"day",-0.169,0.889458994,0.309632607,0.837654396,-0.38,0.768437591,0.102943232,0.792625472,NA,NA,NA,NA
"3334","tg_rliver_single_tannicacid_t4_c1","tannic acid",1,100,"mg/kg",4,"single",1,"day",-0.217,0.860352631,0.189513485,0.999180868,-0.15,0.901250463,0.172819723,0.999180868,"no","yes","no","no"
"3335","tg_rliver_single_tannicacid_t4_c2","tannic acid",2,300,"mg/kg",4,"single",1,"day",-0.128,0.915099168,0.232501396,0.954417075,-0.003,0.997922719,0.98028212,0.998859282,"no","yes","no","no"
"3336","tg_rliver_single_tannicacid_t4_c3","tannic acid",3,1000,"mg/kg",4,"single",1,"day",0.075,1.053361036,0.649723315,0.907533264,-0.116,0.922742493,0.597019476,0.893829309,"no","yes","no","no"
"3337","tg_rliver_single_terbinafine_t1_c1","terbinafine",1,75,"mg/kg",1,"single",0.125,"day",-0.292,0.816768991,0.048723635,0.863033175,-0.375,0.771105413,0.125973402,0.882811204,NA,NA,NA,NA
"3338","tg_rliver_single_terbinafine_t1_c2","terbinafine",2,250,"mg/kg",1,"single",0.125,"day",-0.071,0.951977908,0.475139662,0.953501267,-0.269,0.829894586,0.241166852,0.93101013,NA,NA,NA,NA
"3339","tg_rliver_single_terbinafine_t1_c3","terbinafine",3,750,"mg/kg",1,"single",0.125,"day",-0.004,0.997231251,0.961420822,0.99284029,-0.275,0.826450318,0.333320761,0.771766614,NA,NA,NA,NA
"3340","tg_rliver_single_terbinafine_t2_c1","terbinafine",1,75,"mg/kg",2,"single",0.25,"day",0.085,1.060687741,0.43826978,0.979571732,-0.056,0.961927455,0.772951108,0.994473242,NA,NA,NA,NA
"3341","tg_rliver_single_terbinafine_t2_c2","terbinafine",2,250,"mg/kg",2,"single",0.25,"day",0.035,1.024556823,0.743971164,0.958851704,0.068,1.048262476,0.762691158,0.963797116,NA,NA,NA,NA
"3342","tg_rliver_single_terbinafine_t2_c3","terbinafine",3,750,"mg/kg",2,"single",0.25,"day",0.16,1.117287138,0.47101143,0.993275361,0.04,1.028113827,0.905631743,0.99870763,NA,NA,NA,NA
"3343","tg_rliver_single_terbinafine_t3_c1","terbinafine",1,75,"mg/kg",3,"single",0.375,"day",0.332,1.258757174,0.229094816,0.999715331,0.366,1.28877463,0.232676109,0.999715331,NA,NA,NA,NA
"3344","tg_rliver_single_terbinafine_t3_c2","terbinafine",2,250,"mg/kg",3,"single",0.375,"day",0.206,1.153485605,0.109521349,0.755186448,0.195,1.144724161,0.445418861,0.866745301,NA,NA,NA,NA
"3345","tg_rliver_single_terbinafine_t3_c3","terbinafine",3,750,"mg/kg",3,"single",0.375,"day",0.427,1.344434994,0.069822791,0.684673369,0.532,1.445932295,0.131423317,0.725803285,NA,NA,NA,NA
"3346","tg_rliver_single_terbinafine_t4_c1","terbinafine",1,75,"mg/kg",4,"single",1,"day",0.037,1.025978145,0.823026524,0.988361962,-0.03,0.979420298,0.874051124,0.992193039,NA,NA,NA,NA
"3347","tg_rliver_single_terbinafine_t4_c2","terbinafine",2,250,"mg/kg",4,"single",1,"day",0.055,1.038859103,0.678440559,0.927544325,0.002,1.001387256,0.985883029,0.996944332,NA,NA,NA,NA
"3348","tg_rliver_single_terbinafine_t4_c3","terbinafine",3,750,"mg/kg",4,"single",1,"day",-0.087,0.941478465,0.557203809,0.826669279,-0.049,0.966606097,0.800886196,0.934400758,NA,NA,NA,NA
"3349","tg_rliver_single_tetracycline_t1_c1","tetracycline",1,100,"mg/kg",1,"single",0.125,"day",-0.205,0.867538687,0.075053739,0.895610443,-0.089,0.940174203,0.773769466,0.975276336,NA,NA,NA,NA
"3350","tg_rliver_single_tetracycline_t1_c2","tetracycline",2,300,"mg/kg",1,"single",0.125,"day",0.049,1.034547582,0.603810355,0.988206673,-0.222,0.857376037,0.476705386,0.982896249,NA,NA,NA,NA
"3351","tg_rliver_single_tetracycline_t1_c3","tetracycline",3,1000,"mg/kg",1,"single",0.125,"day",-0.116,0.922742493,0.260294003,0.877931619,-0.376,0.770571108,0.227296313,0.862747705,NA,NA,NA,NA
"3352","tg_rliver_single_tetracycline_t2_c1","tetracycline",1,100,"mg/kg",2,"single",0.25,"day",-0.06,0.959264119,0.266317081,0.834043323,0.267,1.203303026,0.05090821,0.737255572,NA,NA,NA,NA
"3353","tg_rliver_single_tetracycline_t2_c2","tetracycline",2,300,"mg/kg",2,"single",0.25,"day",-0.056,0.961927455,0.357083745,0.884237588,0.262,1.199139914,0.408427849,0.896263946,NA,NA,NA,NA
"3354","tg_rliver_single_tetracycline_t2_c3","tetracycline",3,1000,"mg/kg",2,"single",0.25,"day",0.011,1.00765376,0.893473946,0.981682944,-0.024,0.983502074,0.906875127,0.985814987,NA,NA,NA,NA
"3355","tg_rliver_single_tetracycline_t3_c1","tetracycline",1,100,"mg/kg",3,"single",0.375,"day",-0.075,0.949342121,0.376076535,0.911559107,-0.107,0.928516852,0.410569743,0.919772528,NA,NA,NA,NA
"3356","tg_rliver_single_tetracycline_t3_c2","tetracycline",2,300,"mg/kg",3,"single",0.375,"day",-0.007,0.995159722,0.951078119,0.999870152,-0.317,0.802737389,0.056031518,0.999870152,NA,NA,NA,NA
"3357","tg_rliver_single_tetracycline_t3_c3","tetracycline",3,1000,"mg/kg",3,"single",0.375,"day",-0.087,0.941478465,0.299979842,0.502647883,0.469,1.384149716,0.0031696,0.098900612,NA,NA,NA,NA
"3358","tg_rliver_single_tetracycline_t4_c1","tetracycline",1,100,"mg/kg",4,"single",1,"day",-0.298,0.813379198,0.440164392,0.849407546,0.142,1.10343374,0.194914476,0.719072893,NA,NA,NA,NA
"3359","tg_rliver_single_tetracycline_t4_c2","tetracycline",2,300,"mg/kg",4,"single",1,"day",-0.519,0.697855382,0.127686764,0.711826812,0.489,1.403471726,0.040396234,0.579043611,NA,NA,NA,NA
"3360","tg_rliver_single_tetracycline_t4_c3","tetracycline",3,1000,"mg/kg",4,"single",1,"day",-0.111,0.925946023,0.745240668,0.906416307,-0.204,0.868140228,0.319344696,0.707769841,NA,NA,NA,NA
"3361","tg_rliver_single_theophylline_t1_c1","theophylline",1,20,"mg/kg",1,"single",0.125,"day",-0.083,0.944092419,0.388270878,0.928954759,-0.1,0.933032992,0.518921474,0.951326849,NA,NA,NA,NA
"3362","tg_rliver_single_theophylline_t1_c2","theophylline",2,60,"mg/kg",1,"single",0.125,"day",0.041,1.028826708,0.796035224,0.947987269,-0.077,0.948026965,0.605822178,0.880701745,NA,NA,NA,NA
"3363","tg_rliver_single_theophylline_t1_c3","theophylline",3,200,"mg/kg",1,"single",0.125,"day",-0.128,0.915099168,0.243992322,0.5507515,-0.357,0.780786493,0.05683138,0.258196431,NA,NA,NA,NA
"3364","tg_rliver_single_theophylline_t2_c1","theophylline",1,20,"mg/kg",2,"single",0.25,"day",0.222,1.16634937,0.073235781,0.998918419,0.063,1.044635763,0.700970383,0.998918419,NA,NA,NA,NA
"3365","tg_rliver_single_theophylline_t2_c2","theophylline",2,60,"mg/kg",2,"single",0.25,"day",0.454,1.36983298,0.025698437,0.376262037,-0.104,0.930449658,0.579928138,0.898777068,NA,NA,NA,NA
"3366","tg_rliver_single_theophylline_t2_c3","theophylline",3,200,"mg/kg",2,"single",0.25,"day",0.126,1.091263877,0.299254492,0.589493123,-0.373,0.772175133,0.067302223,0.267557541,NA,NA,NA,NA
"3367","tg_rliver_single_theophylline_t3_c1","theophylline",1,20,"mg/kg",3,"single",0.375,"day",-0.093,0.937571096,0.38358639,0.999085464,-0.177,0.884540435,0.492086482,0.999085464,NA,NA,NA,NA
"3368","tg_rliver_single_theophylline_t3_c2","theophylline",2,60,"mg/kg",3,"single",0.375,"day",0.025,1.017479692,0.782433673,0.962174135,0.002,1.001387256,0.993718614,0.999028675,NA,NA,NA,NA
"3369","tg_rliver_single_theophylline_t3_c3","theophylline",3,200,"mg/kg",3,"single",0.375,"day",-0.071,0.951977908,0.631337452,0.916298121,0.06,1.042465761,0.816637578,0.962993594,NA,NA,NA,NA
"3370","tg_rliver_single_theophylline_t4_c1","theophylline",1,20,"mg/kg",4,"single",1,"day",-0.03,0.979420298,0.899960269,0.998861702,0.175,1.128964405,0.4270755,0.998861702,NA,NA,NA,NA
"3371","tg_rliver_single_theophylline_t4_c2","theophylline",2,60,"mg/kg",4,"single",1,"day",-0.033,0.977385766,0.891609344,0.997958749,-0.085,0.942784536,0.712589028,0.997958749,NA,NA,NA,NA
"3372","tg_rliver_single_theophylline_t4_c3","theophylline",3,200,"mg/kg",4,"single",1,"day",-0.274,0.827023368,0.24985015,0.76708052,-0.162,0.893785162,0.489752599,0.884713771,NA,NA,NA,NA
"3373","tg_rliver_single_thioacetamide_t1_c1","thioacetamide",1,5,"mg/kg",1,"single",0.125,"day",-0.01,0.993092495,0.884076345,0.995925149,0.083,1.059218335,0.413446672,0.961223762,NA,NA,NA,NA
"3374","tg_rliver_single_thioacetamide_t1_c2","thioacetamide",2,15,"mg/kg",1,"single",0.125,"day",0.09,1.064370182,0.298517783,0.97598265,0.116,1.083725967,0.248049231,0.95716815,NA,NA,NA,NA
"3375","tg_rliver_single_thioacetamide_t1_c3","thioacetamide",3,45,"mg/kg",1,"single",0.125,"day",0.135,1.098092814,0.363342117,0.914045481,0.219,1.163926534,0.299958706,0.895878385,NA,NA,NA,NA
"3376","tg_rliver_single_thioacetamide_t2_c1","thioacetamide",1,5,"mg/kg",2,"single",0.25,"day",0.069,1.048989328,0.505675904,0.774930934,-0.332,0.7944344,0.206038312,0.553441286,NA,NA,NA,NA
"3377","tg_rliver_single_thioacetamide_t2_c2","thioacetamide",2,15,"mg/kg",2,"single",0.25,"day",0.094,1.067325338,0.382562622,0.751288192,-0.29,0.817902059,0.33518541,0.715791066,"yes","no","no","no"
"3378","tg_rliver_single_thioacetamide_t2_c3","thioacetamide",3,45,"mg/kg",2,"single",0.25,"day",0.31,1.2397077,0.004089178,0.041669121,-0.545,0.685391402,0.059594124,0.200626976,"yes","no","no","no"
"3379","tg_rliver_single_thioacetamide_t3_c1","thioacetamide",1,5,"mg/kg",3,"single",0.375,"day",0.055,1.038859103,0.642127684,0.999701345,-0.126,0.916368645,0.328418311,0.999701345,NA,NA,NA,NA
"3380","tg_rliver_single_thioacetamide_t3_c2","thioacetamide",2,15,"mg/kg",3,"single",0.375,"day",0.039,1.027401439,0.742647942,0.889153224,0.273,1.208317843,0.418356375,0.704830968,"yes","no","no","no"
"3381","tg_rliver_single_thioacetamide_t3_c3","thioacetamide",3,45,"mg/kg",3,"single",0.375,"day",0.287,1.22010051,0.059439892,0.209396421,-0.247,0.84264683,0.056946523,0.203930314,"yes","no","no","no"
"3382","tg_rliver_single_thioacetamide_t4_c1","thioacetamide",1,5,"mg/kg",4,"single",1,"day",0.315,1.244011653,0.024709364,0.841055212,0.478,1.392811481,0.008980066,0.841055212,NA,NA,NA,NA
"3383","tg_rliver_single_thioacetamide_t4_c2","thioacetamide",2,15,"mg/kg",4,"single",1,"day",0.551,1.465100875,0.0014792,0.186542216,0.217,1.162314108,0.248791039,0.721017957,"yes","no","no","no"
"3384","tg_rliver_single_thioacetamide_t4_c3","thioacetamide",3,45,"mg/kg",4,"single",1,"day",1.024,2.033549347,0.001769526,0.011279311,-0.05,0.965936329,0.784722232,0.881037855,"no","yes","no","no"
"3385","tg_rliver_single_thioridazine_t1_c1","thioridazine",1,10,"mg/kg",1,"single",0.125,"day",-0.126,0.916368645,0.109282267,0.799757933,0.277,1.21167266,0.399344817,0.897694543,NA,NA,NA,NA
"3386","tg_rliver_single_thioridazine_t1_c2","thioridazine",2,30,"mg/kg",1,"single",0.125,"day",-0.008,0.994470169,0.916258019,0.982002795,-0.145,0.904379378,0.526187874,0.855830727,NA,NA,NA,NA
"3387","tg_rliver_single_thioridazine_t1_c3","thioridazine",3,100,"mg/kg",1,"single",0.125,"day",-0.005,0.996540263,0.940024592,0.976024003,-0.148,0.902500727,0.520059371,0.79274776,NA,NA,NA,NA
"3388","tg_rliver_single_thioridazine_t2_c1","thioridazine",1,10,"mg/kg",2,"single",0.25,"day",0.002,1.001387256,0.984891949,0.997910705,0.115,1.082975046,0.237225427,0.982536895,NA,NA,NA,NA
"3389","tg_rliver_single_thioridazine_t2_c2","thioridazine",2,30,"mg/kg",2,"single",0.25,"day",-0.145,0.904379378,0.214248481,0.343814158,0.558,1.472226862,0.003757326,0.07091441,NA,NA,NA,NA
"3390","tg_rliver_single_thioridazine_t2_c3","thioridazine",3,100,"mg/kg",2,"single",0.25,"day",-0.079,0.946713631,0.493771234,0.600944046,0.679,1.601029621,0.007794826,0.043707486,NA,NA,NA,NA
"3391","tg_rliver_single_thioridazine_t3_c1","thioridazine",1,10,"mg/kg",3,"single",0.375,"day",0.029,1.020304659,0.811657622,0.986012941,-0.043,0.97063447,0.820743703,0.986012941,NA,NA,NA,NA
"3392","tg_rliver_single_thioridazine_t3_c2","thioridazine",2,30,"mg/kg",3,"single",0.375,"day",-0.059,0.959929261,0.586812433,0.996817288,0.08,1.057018041,0.714345474,0.996817288,NA,NA,NA,NA
"3393","tg_rliver_single_thioridazine_t3_c3","thioridazine",3,100,"mg/kg",3,"single",0.375,"day",-0.073,0.950659101,0.429229715,0.718683831,0.28,1.214194884,0.090395412,0.404675263,NA,NA,NA,NA
"3394","tg_rliver_single_thioridazine_t4_c1","thioridazine",1,10,"mg/kg",4,"single",1,"day",-0.012,0.991716731,0.871361103,0.979077946,0.098,1.070288698,0.546574943,0.880663188,NA,NA,NA,NA
"3395","tg_rliver_single_thioridazine_t4_c2","thioridazine",2,30,"mg/kg",4,"single",1,"day",0.046,1.032398535,0.63966806,0.965946341,-0.053,0.963929808,0.605384073,0.962149378,NA,NA,NA,NA
"3396","tg_rliver_single_thioridazine_t4_c3","thioridazine",3,100,"mg/kg",4,"single",1,"day",0.078,1.055553718,0.164098949,0.460866552,0.044,1.030968319,0.681115097,0.851196432,NA,NA,NA,NA
"3397","tg_rliver_single_ticlopidine_t1_c1","ticlopidine",1,100,"mg/kg",1,"single",0.125,"day",0.211,1.157490217,0.533003587,0.999924212,0.158,1.115739322,0.448846545,0.999924212,NA,NA,NA,NA
"3398","tg_rliver_single_ticlopidine_t1_c2","ticlopidine",2,300,"mg/kg",1,"single",0.125,"day",0.008,1.00556058,0.978398303,0.999160407,-0.232,0.851453708,0.212065774,0.981140947,NA,NA,NA,NA
"3399","tg_rliver_single_ticlopidine_t1_c3","ticlopidine",3,1000,"mg/kg",1,"single",0.125,"day",0.238,1.179356592,0.522565931,0.999975052,0.474,1.388955136,0.08434546,0.999975052,"no","yes","no","no"
"3400","tg_rliver_single_ticlopidine_t2_c1","ticlopidine",1,100,"mg/kg",2,"single",0.25,"day",-0.415,0.750019495,0.050836311,0.627370257,-0.217,0.860352631,0.486511658,0.833708472,NA,NA,NA,NA
"3401","tg_rliver_single_ticlopidine_t2_c2","ticlopidine",2,300,"mg/kg",2,"single",0.25,"day",-0.125,0.917004043,0.585726751,0.99908753,-0.186,0.879039561,0.56547585,0.99908753,NA,NA,NA,NA
"3402","tg_rliver_single_ticlopidine_t2_c3","ticlopidine",3,1000,"mg/kg",2,"single",0.25,"day",-0.286,0.820172911,0.149463094,0.490341629,-0.592,0.66342257,0.07672894,0.380369846,NA,NA,NA,NA
"3403","tg_rliver_single_ticlopidine_t3_c1","ticlopidine",1,100,"mg/kg",3,"single",0.375,"day",0.039,1.027401439,0.679399041,0.999562221,0.438,1.354724977,0.151475122,0.953921194,NA,NA,NA,NA
"3404","tg_rliver_single_ticlopidine_t3_c2","ticlopidine",2,300,"mg/kg",3,"single",0.375,"day",0.148,1.108032348,0.108006157,0.659739359,0.126,1.091263877,0.334501684,0.863021875,NA,NA,NA,NA
"3405","tg_rliver_single_ticlopidine_t3_c3","ticlopidine",3,1000,"mg/kg",3,"single",0.375,"day",-0.027,0.981459064,0.742974593,0.952279181,-0.052,0.964598185,0.628267436,0.918505765,NA,NA,NA,NA
"3406","tg_rliver_single_ticlopidine_t4_c1","ticlopidine",1,100,"mg/kg",4,"single",1,"day",-0.088,0.940826108,0.500636377,0.865249517,-0.347,0.786217292,0.005080266,0.255321193,NA,NA,NA,NA
"3407","tg_rliver_single_ticlopidine_t4_c2","ticlopidine",2,300,"mg/kg",4,"single",1,"day",-0.062,0.957935218,0.646309468,0.812493335,-0.531,0.692074858,0.000921464,0.013430633,NA,NA,NA,NA
"3408","tg_rliver_single_ticlopidine_t4_c3","ticlopidine",3,1000,"mg/kg",4,"single",1,"day",-0.103,0.93109482,0.382340917,0.537863537,-0.398,0.758909626,0.091608244,0.195627474,NA,NA,NA,NA
"3409","tg_rliver_single_tiopronin_t1_c1","tiopronin",1,100,"mg/kg",1,"single",0.125,"day",-0.27,0.829319546,0.057735884,0.614480998,-0.015,0.989656656,0.950282673,0.994259496,NA,NA,NA,NA
"3410","tg_rliver_single_tiopronin_t1_c2","tiopronin",2,300,"mg/kg",1,"single",0.125,"day",0.149,1.108800644,0.567297908,0.743383433,-0.067,0.954621014,0.790356753,0.891124917,NA,NA,NA,NA
"3411","tg_rliver_single_tiopronin_t1_c3","tiopronin",3,1000,"mg/kg",1,"single",0.125,"day",-0.103,0.93109482,0.547713301,0.82675429,-0.176,0.885153765,0.489926963,0.793980264,NA,NA,NA,NA
"3412","tg_rliver_single_tiopronin_t2_c1","tiopronin",1,100,"mg/kg",2,"single",0.25,"day",0.043,1.030253954,0.767946236,0.982101188,0.202,1.150291893,0.160943996,0.863375167,NA,NA,NA,NA
"3413","tg_rliver_single_tiopronin_t2_c2","tiopronin",2,300,"mg/kg",2,"single",0.25,"day",-0.009,0.993781093,0.950592375,0.993870672,0.341,1.266634254,0.074827821,0.585818148,NA,NA,NA,NA
"3414","tg_rliver_single_tiopronin_t2_c3","tiopronin",3,1000,"mg/kg",2,"single",0.25,"day",0.203,1.151089491,0.189807878,0.620071616,0.18,1.132883885,0.204051481,0.635861695,NA,NA,NA,NA
"3415","tg_rliver_single_tiopronin_t3_c1","tiopronin",1,100,"mg/kg",3,"single",0.375,"day",-0.065,0.955945318,0.558846505,0.994613106,-0.216,0.860949188,0.088392938,0.994613106,NA,NA,NA,NA
"3416","tg_rliver_single_tiopronin_t3_c2","tiopronin",2,300,"mg/kg",3,"single",0.375,"day",0.01,1.00695555,0.932499637,0.999553216,-0.308,0.807760778,0.017184238,0.768622334,NA,NA,NA,NA
"3417","tg_rliver_single_tiopronin_t3_c3","tiopronin",3,1000,"mg/kg",3,"single",0.375,"day",-0.065,0.955945318,0.56759325,0.940524101,-0.161,0.894404902,0.297123547,0.883719533,NA,NA,NA,NA
"3418","tg_rliver_single_tiopronin_t4_c1","tiopronin",1,100,"mg/kg",4,"single",1,"day",0.054,1.038139271,0.793524393,0.998757356,-0.112,0.925304428,0.279591856,0.998757356,NA,NA,NA,NA
"3419","tg_rliver_single_tiopronin_t4_c2","tiopronin",2,300,"mg/kg",4,"single",1,"day",-0.148,0.902500727,0.254302455,0.877743474,0.063,1.044635763,0.398273683,0.921241421,NA,NA,NA,NA
"3420","tg_rliver_single_tiopronin_t4_c3","tiopronin",3,1000,"mg/kg",4,"single",1,"day",0.158,1.115739322,0.586317153,0.863534956,0.171,1.125838586,0.252955008,0.676318678,NA,NA,NA,NA
"3421","tg_rliver_single_tnfalpha_t1_c1","tnfalpha",1,1,"g/kg",1,"single",0.125,"day",0.023,1.016070143,0.806838081,0.999996985,0.107,1.076986376,0.344017271,0.999996985,NA,NA,NA,NA
"3422","tg_rliver_single_tnfalpha_t1_c2","tnfalpha",2,3,"g/kg",1,"single",0.125,"day",-0.192,0.87539133,0.069308635,0.668781079,0.083,1.059218335,0.609137837,0.920724146,NA,NA,NA,NA
"3423","tg_rliver_single_tnfalpha_t1_c3","tnfalpha",3,10,"g/kg",1,"single",0.125,"day",-0.001,0.999307093,0.99242629,0.999580264,-0.281,0.823020345,0.021240401,0.998710654,NA,NA,NA,NA
"3424","tg_rliver_single_tnfalpha_t2_c1","tnfalpha",1,1,"g/kg",2,"single",0.25,"day",0.111,1.07997656,0.324030094,0.706975116,0.487,1.401527449,0.070428994,0.490913563,NA,NA,NA,NA
"3425","tg_rliver_single_tnfalpha_t2_c2","tnfalpha",2,3,"g/kg",2,"single",0.25,"day",-0.206,0.866937564,0.033329715,0.238406696,-0.094,0.936921447,0.647524135,0.870392358,NA,NA,NA,NA
"3426","tg_rliver_single_tnfalpha_t2_c3","tnfalpha",3,10,"g/kg",2,"single",0.25,"day",0.042,1.029540083,0.713231764,0.862180595,-0.234,0.85027416,0.236956104,0.493095378,NA,NA,NA,NA
"3427","tg_rliver_single_tnfalpha_t3_c1","tnfalpha",1,1,"g/kg",3,"single",0.375,"day",-0.121,0.919550046,0.224032688,0.806425076,-0.106,0.929160674,0.396521698,0.871358516,NA,NA,NA,NA
"3428","tg_rliver_single_tnfalpha_t3_c2","tnfalpha",2,3,"g/kg",3,"single",0.375,"day",0.108,1.077733145,0.230735152,0.485036643,-0.02,0.986232704,0.887777069,0.950975221,NA,NA,NA,NA
"3429","tg_rliver_single_tnfalpha_t3_c3","tnfalpha",3,10,"g/kg",3,"single",0.375,"day",-0.168,0.890075733,0.125368114,0.539802993,-0.001,0.999307093,0.992794472,0.997591272,NA,NA,NA,NA
"3430","tg_rliver_single_tnfalpha_t4_c1","tnfalpha",1,1,"g/kg",4,"single",1,"day",0.316,1.244874235,0.368360744,0.998399511,0.12,1.086734863,0.60173413,0.998399511,NA,NA,NA,NA
"3431","tg_rliver_single_tnfalpha_t4_c2","tnfalpha",2,3,"g/kg",4,"single",1,"day",-0.014,0.990342872,0.933869225,0.978038236,-0.146,0.903752727,0.486615752,0.757902094,NA,NA,NA,NA
"3432","tg_rliver_single_tnfalpha_t4_c3","tnfalpha",3,10,"g/kg",4,"single",1,"day",0.002,1.001387256,0.989567178,0.996936773,-0.12,0.920187651,0.59571523,0.872580486,NA,NA,NA,NA
"3433","tg_rliver_single_tolbutamide_t1_c1","tolbutamide",1,100,"mg/kg",1,"single",0.125,"day",0.133,1.096571589,0.101836878,0.726728813,0.352,1.276328769,0.026763042,0.611197149,NA,NA,NA,NA
"3434","tg_rliver_single_tolbutamide_t1_c2","tolbutamide",2,300,"mg/kg",1,"single",0.125,"day",0.061,1.043188594,0.584148515,0.951360207,-0.035,0.976031761,0.86210575,0.983648341,NA,NA,NA,NA
"3435","tg_rliver_single_tolbutamide_t1_c3","tolbutamide",3,1000,"mg/kg",1,"single",0.125,"day",0.076,1.054091423,0.32593467,0.773332951,0.302,1.232852325,0.009003067,0.347068421,NA,NA,NA,NA
"3436","tg_rliver_single_tolbutamide_t2_c1","tolbutamide",1,100,"mg/kg",2,"single",0.25,"day",0.028,1.019597683,0.862001097,0.992620824,-0.028,0.980779004,0.911114001,0.993196813,NA,NA,NA,NA
"3437","tg_rliver_single_tolbutamide_t2_c2","tolbutamide",2,300,"mg/kg",2,"single",0.25,"day",0.167,1.122721422,0.240711202,0.766999919,0.035,1.024556823,0.899114861,0.982660513,NA,NA,NA,NA
"3438","tg_rliver_single_tolbutamide_t2_c3","tolbutamide",3,1000,"mg/kg",2,"single",0.25,"day",0.018,1.012554807,0.895539325,0.986793585,-0.237,0.848507902,0.586082037,0.941367209,NA,NA,NA,NA
"3439","tg_rliver_single_tolbutamide_t3_c1","tolbutamide",1,100,"mg/kg",3,"single",0.375,"day",-0.067,0.954621014,0.572411081,0.936524292,-0.689,0.620283649,0.096587579,0.836395353,NA,NA,NA,NA
"3440","tg_rliver_single_tolbutamide_t3_c2","tolbutamide",2,300,"mg/kg",3,"single",0.375,"day",-0.182,0.881480158,0.130914112,0.530586747,-0.828,0.563309614,0.026145337,0.318490221,NA,NA,NA,NA
"3441","tg_rliver_single_tolbutamide_t3_c3","tolbutamide",3,1000,"mg/kg",3,"single",0.375,"day",-0.278,0.824733549,0.065535702,0.594011332,-0.188,0.877821798,0.541677599,0.911238561,NA,NA,NA,NA
"3442","tg_rliver_single_tolbutamide_t4_c1","tolbutamide",1,100,"mg/kg",4,"single",1,"day",0.012,1.008352455,0.923611728,0.99967303,0.115,1.082975046,0.767531141,0.99967303,NA,NA,NA,NA
"3443","tg_rliver_single_tolbutamide_t4_c2","tolbutamide",2,300,"mg/kg",4,"single",1,"day",0.316,1.244874235,0.340677776,0.999081478,0.219,1.163926534,0.406383141,0.999081478,NA,NA,NA,NA
"3444","tg_rliver_single_tolbutamide_t4_c3","tolbutamide",3,1000,"mg/kg",4,"single",1,"day",-0.108,0.927873476,0.452407579,0.945313257,0.106,1.076240125,0.763257815,0.98892929,NA,NA,NA,NA
"3445","tg_rliver_single_triamterene_t1_c1","triamterene",1,15,"mg/kg",1,"single",0.125,"day",0.013,1.009051634,0.91860106,0.999998408,0.198,1.147107024,0.401836863,0.999998408,NA,NA,NA,NA
"3446","tg_rliver_single_triamterene_t1_c2","triamterene",2,50,"mg/kg",1,"single",0.125,"day",-0.011,0.992404375,0.946944905,0.994480508,-0.076,0.948684315,0.690062206,0.937620398,NA,NA,NA,NA
"3447","tg_rliver_single_triamterene_t1_c3","triamterene",3,150,"mg/kg",1,"single",0.125,"day",0.257,1.194991205,0.047303498,0.987064462,0.117,1.084477409,0.519141531,0.987064462,NA,NA,NA,NA
"3448","tg_rliver_single_triamterene_t2_c1","triamterene",1,15,"mg/kg",2,"single",0.25,"day",0.009,1.006257823,0.941669445,0.998932517,0.536,1.449946833,0.010695383,0.970174081,NA,NA,NA,NA
"3449","tg_rliver_single_triamterene_t2_c2","triamterene",2,50,"mg/kg",2,"single",0.25,"day",-0.118,0.921464186,0.278917831,0.890889567,-0.116,0.922742493,0.504113747,0.935475568,NA,NA,NA,NA
"3450","tg_rliver_single_triamterene_t2_c3","triamterene",3,150,"mg/kg",2,"single",0.25,"day",-0.08,0.946057647,0.456256704,0.933568296,0.029,1.020304659,0.87751396,0.985594029,NA,NA,NA,NA
"3451","tg_rliver_single_triamterene_t3_c1","triamterene",1,15,"mg/kg",3,"single",0.375,"day",-0.002,0.998614666,0.98296134,0.995804384,0.205,1.152686347,0.287641083,0.766932807,NA,NA,NA,NA
"3452","tg_rliver_single_triamterene_t3_c2","triamterene",2,50,"mg/kg",3,"single",0.375,"day",-0.014,0.990342872,0.877173381,0.999051052,-0.181,0.882091365,0.468404714,0.999051052,NA,NA,NA,NA
"3453","tg_rliver_single_triamterene_t3_c3","triamterene",3,150,"mg/kg",3,"single",0.375,"day",0.045,1.031683179,0.603504884,0.999728719,0.23,1.172834949,0.316367674,0.999728719,NA,NA,NA,NA
"3454","tg_rliver_single_triamterene_t4_c1","triamterene",1,15,"mg/kg",4,"single",1,"day",-0.033,0.977385766,0.745705943,0.997294353,-0.277,0.825305409,0.054671069,0.997294353,NA,NA,NA,NA
"3455","tg_rliver_single_triamterene_t4_c2","triamterene",2,50,"mg/kg",4,"single",1,"day",0.495,1.409320755,0.02372283,0.52346117,-0.151,0.90062598,0.170080135,0.658121226,NA,NA,NA,NA
"3456","tg_rliver_single_triamterene_t4_c3","triamterene",3,150,"mg/kg",4,"single",1,"day",0.268,1.204137381,0.008222963,0.337522585,-0.117,0.922103118,0.229340264,0.592279831,NA,NA,NA,NA
"3457","tg_rliver_single_triazolam_t1_c1","triazolam",1,100,"mg/kg",1,"single",0.125,"day",0.022,1.015366101,0.864917441,0.998929321,-0.241,0.846158597,0.194291533,0.998168069,NA,NA,NA,NA
"3458","tg_rliver_single_triazolam_t1_c2","triazolam",2,300,"mg/kg",1,"single",0.125,"day",-0.012,0.991716731,0.903152634,0.998840137,-0.111,0.925946023,0.624154499,0.98207077,NA,NA,NA,NA
"3459","tg_rliver_single_triazolam_t1_c3","triazolam",3,1000,"mg/kg",1,"single",0.125,"day",-0.019,0.986916546,0.814366995,0.999060567,0.001,1.000693387,0.997255977,0.999587828,NA,NA,NA,NA
"3460","tg_rliver_single_triazolam_t2_c1","triazolam",1,100,"mg/kg",2,"single",0.25,"day",-0.031,0.97874165,0.738398633,0.876130902,-0.099,0.933679945,0.325873561,0.605288095,NA,NA,NA,NA
"3461","tg_rliver_single_triazolam_t2_c2","triazolam",2,300,"mg/kg",2,"single",0.25,"day",0.043,1.030253954,0.687938147,0.848294703,0.076,1.054091423,0.663817997,0.833526176,NA,NA,NA,NA
"3462","tg_rliver_single_triazolam_t2_c3","triazolam",3,1000,"mg/kg",2,"single",0.25,"day",0.068,1.048262476,0.5691543,0.756774049,0.024,1.016774673,0.906776526,0.953083209,NA,NA,NA,NA
"3463","tg_rliver_single_triazolam_t3_c1","triazolam",1,100,"mg/kg",3,"single",0.375,"day",-0.072,0.951318276,0.518812857,0.858154249,0.122,1.088242442,0.390323878,0.790831198,NA,NA,NA,NA
"3464","tg_rliver_single_triazolam_t3_c2","triazolam",2,300,"mg/kg",3,"single",0.375,"day",0.186,1.137605228,0.209588491,0.726507989,0.113,1.081474763,0.655224213,0.902698654,NA,NA,NA,NA
"3465","tg_rliver_single_triazolam_t3_c3","triazolam",3,1000,"mg/kg",3,"single",0.375,"day",0.07,1.049716684,0.558265317,0.879924568,0.014,1.009751298,0.929530851,0.987427222,NA,NA,NA,NA
"3466","tg_rliver_single_triazolam_t4_c1","triazolam",1,100,"mg/kg",4,"single",1,"day",-0.018,0.987600861,0.8817765,0.986374381,-0.037,0.974679631,0.768030277,0.972088174,NA,NA,NA,NA
"3467","tg_rliver_single_triazolam_t4_c2","triazolam",2,300,"mg/kg",4,"single",1,"day",-0.16,0.895025071,0.182810379,0.733030163,-0.29,0.817902059,0.084048771,0.642774741,NA,NA,NA,NA
"3468","tg_rliver_single_triazolam_t4_c3","triazolam",3,1000,"mg/kg",4,"single",1,"day",-0.125,0.917004043,0.438121637,0.899343794,-0.134,0.911301281,0.336690792,0.860541201,NA,NA,NA,NA
"3469","tg_rliver_single_trimethadione_t1_c1","trimethadione",1,50,"mg/kg",1,"single",0.125,"day",0.316,1.244874235,0.029087375,0.887796761,0.032,1.022428531,0.860704655,0.985379892,NA,NA,NA,NA
"3470","tg_rliver_single_trimethadione_t1_c2","trimethadione",2,150,"mg/kg",1,"single",0.125,"day",0.24,1.180992661,0.156811764,0.690556152,-0.098,0.934327347,0.59096214,0.883999056,NA,NA,NA,NA
"3471","tg_rliver_single_trimethadione_t1_c3","trimethadione",3,500,"mg/kg",1,"single",0.125,"day",0.243,1.183451022,0.052668456,0.56221462,0.09,1.064370182,0.67160708,0.906607536,NA,NA,NA,NA
"3472","tg_rliver_single_trimethadione_t2_c1","trimethadione",1,50,"mg/kg",2,"single",0.25,"day",-0.042,0.971307496,0.687140186,0.997652536,-0.351,0.784040454,0.298109027,0.997652536,NA,NA,NA,NA
"3473","tg_rliver_single_trimethadione_t2_c2","trimethadione",2,150,"mg/kg",2,"single",0.25,"day",0.147,1.107264584,0.174698249,0.814213429,-0.712,0.610473256,0.038010439,0.715945367,NA,NA,NA,NA
"3474","tg_rliver_single_trimethadione_t2_c3","trimethadione",3,500,"mg/kg",2,"single",0.25,"day",-0.138,0.908778116,0.208396156,0.644759992,-0.697,0.616853585,0.035460128,0.382431439,NA,NA,NA,NA
"3475","tg_rliver_single_trimethadione_t3_c1","trimethadione",1,50,"mg/kg",3,"single",0.375,"day",0.142,1.10343374,0.216379825,0.985572251,0.148,1.108032348,0.342179646,0.985572251,NA,NA,NA,NA
"3476","tg_rliver_single_trimethadione_t3_c2","trimethadione",2,150,"mg/kg",3,"single",0.375,"day",0.025,1.017479692,0.780933346,0.963117001,0.25,1.189207115,0.158548475,0.814232668,NA,NA,NA,NA
"3477","tg_rliver_single_trimethadione_t3_c3","trimethadione",3,500,"mg/kg",3,"single",0.375,"day",0.059,1.041743429,0.462939125,0.749023894,0.684,1.606587994,0.001393929,0.190421692,NA,NA,NA,NA
"3478","tg_rliver_single_trimethadione_t4_c1","trimethadione",1,50,"mg/kg",4,"single",1,"day",0.004,1.002776436,0.983626919,0.997114508,-0.25,0.840896415,0.038324559,0.893785798,NA,NA,NA,NA
"3479","tg_rliver_single_trimethadione_t4_c2","trimethadione",2,150,"mg/kg",4,"single",1,"day",0.045,1.031683179,0.719512878,0.966552572,-0.023,0.984184022,0.818980603,0.982917806,NA,NA,NA,NA
"3480","tg_rliver_single_trimethadione_t4_c3","trimethadione",3,500,"mg/kg",4,"single",1,"day",-0.19,0.876605721,0.152176261,0.391675035,-0.189,0.877213549,0.077399779,0.273269431,NA,NA,NA,NA
"3481","tg_rliver_single_tunicamycin_t1_c1","tunicamycin",1,30,"g/kg",1,"single",0.125,"day",-0.073,0.950659101,0.513189956,0.943236297,-0.035,0.976031761,0.817069167,0.986669936,NA,NA,NA,NA
"3482","tg_rliver_single_tunicamycin_t1_c2","tunicamycin",2,100,"g/kg",1,"single",0.125,"day",0.059,1.041743429,0.75236165,0.942246626,-0.001,0.999307093,0.995289146,0.999018483,NA,NA,NA,NA
"3483","tg_rliver_single_tunicamycin_t1_c3","tunicamycin",3,300,"g/kg",1,"single",0.125,"day",0.136,1.098854218,0.180330268,0.875122123,0.078,1.055553718,0.658242448,0.96688482,NA,NA,NA,NA
"3484","tg_rliver_single_tunicamycin_t2_c1","tunicamycin",1,30,"g/kg",2,"single",0.25,"day",0.019,1.0132569,0.865235102,0.989959653,-0.142,0.906261938,0.338192726,0.906265809,NA,NA,NA,NA
"3485","tg_rliver_single_tunicamycin_t2_c2","tunicamycin",2,100,"g/kg",2,"single",0.25,"day",-0.15,0.901250463,0.318697233,0.961612997,-0.299,0.812815602,0.044822181,0.95712186,NA,NA,NA,NA
"3486","tg_rliver_single_tunicamycin_t2_c3","tunicamycin",3,300,"g/kg",2,"single",0.25,"day",-0.019,0.986916546,0.844782737,0.981982596,-0.138,0.908778116,0.500304782,0.900635268,"yes","no","no","no"
"3487","tg_rliver_single_tunicamycin_t3_c1","tunicamycin",1,30,"g/kg",3,"single",0.375,"day",-0.026,0.982139595,0.851264858,0.96735979,-0.165,0.891928519,0.333785353,0.808235702,NA,NA,NA,NA
"3488","tg_rliver_single_tunicamycin_t3_c2","tunicamycin",2,100,"g/kg",3,"single",0.375,"day",-0.099,0.933679945,0.408788631,0.987495242,0.034,1.0238469,0.781512129,0.99869408,NA,NA,NA,NA
"3489","tg_rliver_single_tunicamycin_t3_c3","tunicamycin",3,300,"g/kg",3,"single",0.375,"day",-0.163,0.893165852,0.233061615,0.479474463,-0.455,0.729510172,0.006287758,0.07248996,"yes","no","no","no"
"3490","tg_rliver_single_tunicamycin_t4_c1","tunicamycin",1,30,"g/kg",4,"single",1,"day",-0.046,0.968618189,0.606006217,0.981414532,0.255,1.193335743,0.089151517,0.93702511,NA,NA,NA,NA
"3491","tg_rliver_single_tunicamycin_t4_c2","tunicamycin",2,100,"g/kg",4,"single",1,"day",-0.138,0.908778116,0.146190414,0.987849997,0.293,1.225185332,0.252206997,0.999905131,NA,NA,NA,NA
"3492","tg_rliver_single_tunicamycin_t4_c3","tunicamycin",3,300,"g/kg",4,"single",1,"day",0.142,1.10343374,0.248905898,0.644776869,0.117,1.084477409,0.462163004,0.790068691,"yes","no","no","no"
"3493","tg_rliver_single_valproicacid_t1_c1","valproic acid",1,45,"mg/kg",1,"single",0.125,"day",0.191,1.141554707,0.122826518,0.996381203,-0.28,0.823591017,0.08867144,0.996381203,NA,NA,NA,NA
"3494","tg_rliver_single_valproicacid_t1_c2","valproic acid",2,150,"mg/kg",1,"single",0.125,"day",0.054,1.038139271,0.68598533,0.999015192,-0.224,0.856188285,0.222062158,0.999015192,NA,NA,NA,NA
"3495","tg_rliver_single_valproicacid_t1_c3","valproic acid",3,450,"mg/kg",1,"single",0.125,"day",-0.048,0.96727633,0.69518765,0.852087046,-0.274,0.827023368,0.146211187,0.384120521,NA,NA,NA,NA
"3496","tg_rliver_single_valproicacid_t2_c1","valproic acid",1,45,"mg/kg",2,"single",0.25,"day",0.171,1.125838586,0.125190572,0.713759802,0.121,1.087488391,0.438035373,0.855515742,NA,NA,NA,NA
"3497","tg_rliver_single_valproicacid_t2_c2","valproic acid",2,150,"mg/kg",2,"single",0.25,"day",0.271,1.20664392,0.13251155,0.864022432,-0.101,0.932386486,0.534565695,0.942887227,NA,NA,NA,NA
"3498","tg_rliver_single_valproicacid_t2_c3","valproic acid",3,450,"mg/kg",2,"single",0.25,"day",-0.033,0.977385766,0.804825712,0.946475167,-0.789,0.578745108,0.00109571,0.089184278,NA,NA,NA,NA
"3499","tg_rliver_single_valproicacid_t3_c1","valproic acid",1,45,"mg/kg",3,"single",0.375,"day",0.186,1.137605228,0.125889892,0.986105475,0.38,1.301341855,0.04390794,0.986105475,NA,NA,NA,NA
"3500","tg_rliver_single_valproicacid_t3_c2","valproic acid",2,150,"mg/kg",3,"single",0.375,"day",0.063,1.044635763,0.632687298,0.990486773,0.372,1.294145654,0.004472741,0.842919205,NA,NA,NA,NA
"3501","tg_rliver_single_valproicacid_t3_c3","valproic acid",3,450,"mg/kg",3,"single",0.375,"day",0.065,1.04608494,0.641411005,0.881790135,0.114,1.082224645,0.321202729,0.716245861,NA,NA,NA,NA
"3502","tg_rliver_single_valproicacid_t4_c1","valproic acid",1,45,"mg/kg",4,"single",1,"day",0.108,1.077733145,0.403711878,0.999643905,-0.276,0.825877665,0.244220155,0.999643905,NA,NA,NA,NA
"3503","tg_rliver_single_valproicacid_t4_c2","valproic acid",2,150,"mg/kg",4,"single",1,"day",0.09,1.064370182,0.4054426,0.908970273,-0.263,0.833353207,0.44026714,0.91617988,NA,NA,NA,NA
"3504","tg_rliver_single_valproicacid_t4_c3","valproic acid",3,450,"mg/kg",4,"single",1,"day",0.17,1.125058485,0.196441056,0.870060292,-0.287,0.819604608,0.227806412,0.883302036,NA,NA,NA,NA
"3505","tg_rliver_single_vitamina_t1_c1","vitamin a",1,10,"mg/kg",1,"single",0.125,"day",0.042,1.029540083,0.648780763,0.968289905,-0.11,0.926588062,0.449776868,0.941848952,NA,NA,NA,NA
"3506","tg_rliver_single_vitamina_t1_c2","vitamin a",2,30,"mg/kg",1,"single",0.125,"day",0.054,1.038139271,0.507315358,0.935923885,-0.158,0.8962667,0.317992271,0.903378129,NA,NA,NA,NA
"3507","tg_rliver_single_vitamina_t1_c3","vitamin a",3,100,"mg/kg",1,"single",0.125,"day",-0.006,0.995849753,0.94448701,0.981685961,0.017,1.011853201,0.918651311,0.975284158,NA,NA,NA,NA
"3508","tg_rliver_single_vitamina_t2_c1","vitamin a",1,10,"mg/kg",2,"single",0.25,"day",0.008,1.00556058,0.87901221,0.973621314,-0.211,0.863938187,0.285846255,0.760472215,NA,NA,NA,NA
"3509","tg_rliver_single_vitamina_t2_c2","vitamin a",2,30,"mg/kg",2,"single",0.25,"day",0.044,1.030968319,0.424042554,0.851677911,-0.223,0.856781955,0.257780272,0.749193501,NA,NA,NA,NA
"3510","tg_rliver_single_vitamina_t2_c3","vitamin a",3,100,"mg/kg",2,"single",0.25,"day",0.045,1.031683179,0.406755777,0.788400006,-0.075,0.949342121,0.669929422,0.911013452,NA,NA,NA,NA
"3511","tg_rliver_single_vitamina_t3_c1","vitamin a",1,10,"mg/kg",3,"single",0.375,"day",0.033,1.02313747,0.641492999,0.998607557,0.068,1.048262476,0.614267838,0.998607557,NA,NA,NA,NA
"3512","tg_rliver_single_vitamina_t3_c2","vitamin a",2,30,"mg/kg",3,"single",0.375,"day",0.002,1.001387256,0.977390893,0.99191266,-0.065,0.955945318,0.549542685,0.780077659,NA,NA,NA,NA
"3513","tg_rliver_single_vitamina_t3_c3","vitamin a",3,100,"mg/kg",3,"single",0.375,"day",0.192,1.142346247,0.014856691,0.309436676,0.176,1.129747215,0.176689466,0.695353265,NA,NA,NA,NA
"3514","tg_rliver_single_vitamina_t4_c1","vitamin a",1,10,"mg/kg",4,"single",1,"day",-0.103,0.93109482,0.434655089,0.991705346,-0.17,0.888842681,0.084864759,0.991705346,NA,NA,NA,NA
"3515","tg_rliver_single_vitamina_t4_c2","vitamin a",2,30,"mg/kg",4,"single",1,"day",-0.142,0.906261938,0.265570049,0.997546142,0.367,1.289668251,0.001080126,0.997546142,NA,NA,NA,NA
"3516","tg_rliver_single_vitamina_t4_c3","vitamin a",3,100,"mg/kg",4,"single",1,"day",-0.07,0.952637998,0.576749451,0.911495645,0.051,1.035982764,0.778702665,0.960981572,NA,NA,NA,NA
"3517","tg_rliver_single_wy14643_t1_c1","wy-14643",1,10,"mg/kg",1,"single",0.125,"day",0.235,1.176906737,0.247590788,0.815625856,-0.12,0.920187651,0.63992789,0.938843141,NA,NA,NA,NA
"3518","tg_rliver_single_wy14643_t1_c2","wy-14643",2,30,"mg/kg",1,"single",0.125,"day",0.374,1.295940965,0.078871282,0.416915305,0.891,1.854461093,0.006726627,0.215209733,NA,NA,NA,NA
"3519","tg_rliver_single_wy14643_t1_c3","wy-14643",3,100,"mg/kg",1,"single",0.125,"day",0.4,1.319507911,0.037016732,0.318917255,0.388,1.308578071,0.145065073,0.504955466,NA,NA,NA,NA
"3520","tg_rliver_single_wy14643_t2_c1","wy-14643",1,10,"mg/kg",2,"single",0.25,"day",-0.081,0.945402117,0.529252466,0.850000445,0.298,1.229438867,0.188097084,0.601072901,NA,NA,NA,NA
"3521","tg_rliver_single_wy14643_t2_c2","wy-14643",2,30,"mg/kg",2,"single",0.25,"day",0.036,1.025267238,0.838513843,0.951608722,0.442,1.358486285,0.016724578,0.234683052,NA,NA,NA,NA
"3522","tg_rliver_single_wy14643_t2_c3","wy-14643",3,100,"mg/kg",2,"single",0.25,"day",0.107,1.076986376,0.382869965,0.698469507,0.297,1.22858698,0.138105438,0.460263376,NA,NA,NA,NA
"3523","tg_rliver_single_wy14643_t3_c1","wy-14643",1,10,"mg/kg",3,"single",0.375,"day",0.196,1.145517898,0.088718919,0.26213092,-0.233,0.85086373,0.418288576,0.611139039,NA,NA,NA,NA
"3524","tg_rliver_single_wy14643_t3_c2","wy-14643",2,30,"mg/kg",3,"single",0.375,"day",0.104,1.074749173,0.34261584,0.653971757,0.222,1.16634937,0.551761943,0.800776056,NA,NA,NA,NA
"3525","tg_rliver_single_wy14643_t3_c3","wy-14643",3,100,"mg/kg",3,"single",0.375,"day",0.194,1.143930973,0.07632305,0.187134502,-0.242,0.845572287,0.516997805,0.653212565,NA,NA,NA,NA
"3526","tg_rliver_single_wy14643_t4_c1","wy-14643",1,10,"mg/kg",4,"single",1,"day",0.058,1.041021598,0.476297783,0.771389598,-0.436,0.739181216,0.005311046,0.071988687,NA,NA,NA,NA
"3527","tg_rliver_single_wy14643_t4_c2","wy-14643",2,30,"mg/kg",4,"single",1,"day",0.118,1.085229372,0.327567663,0.599859089,-0.424,0.745355193,0.223466471,0.490108202,NA,NA,NA,NA
"3528","tg_rliver_single_wy14643_t4_c3","wy-14643",3,100,"mg/kg",4,"single",1,"day",-0.004,0.997231251,0.96323591,0.983781365,-0.411,0.752101876,0.049316092,0.168630778,NA,NA,NA,NA
